graph_family,graph_seed,n,m,mean_degree,budget_mode,budget_value,projection_type,method,amplitude_sigma,amplitude_label,omega_mode,restart_seed,support_source,T_adapt,T_static,adaptive_updates,projection_calls,ode_nfev,runtime_sec,cvxpy_time_sec,cvxpy_calls,cut_raw,cut_rounded,cut_polished,sdp_bound,gw_cut,exact_optimum,exact_status,cut_ratio_exact,active_edges,mean_active_degree,max_active_degree,row_sum_mean,row_sum_max,budget_violation_max,symmetry_error,energy_descent_violations,energy_violations_raw,final_L,L_valid
sparse_er_200_p05,0,200,1068,10.68,half_mean_deg,5.34,none,static,0.0,ideal,zero,0,graph,50.0,50.0,0,0,1850,0.9783072471618652,0.0,0,760.0,760.0,766.0,0.0,0.0,,timeout,0.0,1068,10.68,21,10.68,21.0,15.66,0.0,0,0,0.0,False
sparse_er_200_p05,0,200,1068,10.68,half_mean_deg,5.34,none,static,0.0,ideal,zero,1,graph,50.0,50.0,0,0,1634,0.7982311248779297,0.0,0,750.0,760.0,766.0,0.0,0.0,,timeout,0.0,1068,10.68,21,10.68,21.0,15.66,0.0,0,0,0.0,False
sparse_er_200_p05,0,200,1068,10.68,half_mean_deg,5.34,none,static,0.0,ideal,zero,2,graph,50.0,50.0,0,0,2162,1.1051058769226074,0.0,0,761.0,761.0,762.0,0.0,0.0,,timeout,0.0,1068,10.68,21,10.68,21.0,15.66,0.0,0,0,0.0,False
sparse_er_200_p05,0,200,1068,10.68,half_mean_deg,5.34,none,static,0.0,ideal,zero,3,graph,50.0,50.0,0,0,1874,0.9547214508056641,0.0,0,759.0,759.0,764.0,0.0,0.0,,timeout,0.0,1068,10.68,21,10.68,21.0,15.66,0.0,0,0,0.0,False
sparse_er_200_p05,0,200,1068,10.68,half_mean_deg,5.34,none,static,0.0,ideal,zero,4,graph,50.0,50.0,0,0,2114,1.0459263324737549,0.0,0,751.0,757.0,764.0,0.0,0.0,,timeout,0.0,1068,10.68,21,10.68,21.0,15.66,0.0,0,0,0.0,False
sparse_er_200_p05,0,200,1068,10.68,half_mean_deg,5.34,none,static,0.0,ideal,zero,5,graph,50.0,50.0,0,0,2066,1.0538113117218018,0.0,0,750.0,753.0,761.0,0.0,0.0,,timeout,0.0,1068,10.68,21,10.68,21.0,15.66,0.0,0,0,0.0,False
sparse_er_200_p05,0,200,1068,10.68,half_mean_deg,5.34,none,static,0.0,ideal,zero,6,graph,50.0,50.0,0,0,1910,3.4925334453582764,0.0,0,748.0,765.0,768.0,0.0,0.0,,timeout,0.0,1068,10.68,21,10.68,21.0,15.66,0.0,0,0,0.0,False
sparse_er_200_p05,0,200,1068,10.68,half_mean_deg,5.34,none,static,0.0,ideal,zero,7,graph,50.0,50.0,0,0,2042,1.0519788265228271,0.0,0,756.0,760.0,763.0,0.0,0.0,,timeout,0.0,1068,10.68,21,10.68,21.0,15.66,0.0,0,0,0.0,False
sparse_er_200_p05,0,200,1068,10.68,half_mean_deg,5.34,none,static,0.0,ideal,zero,8,graph,50.0,50.0,0,0,1862,0.9570300579071045,0.0,0,755.0,762.0,769.0,0.0,0.0,,timeout,0.0,1068,10.68,21,10.68,21.0,15.66,0.0,0,0,0.0,False
sparse_er_200_p05,0,200,1068,10.68,half_mean_deg,5.34,none,static,0.0,ideal,zero,9,graph,50.0,50.0,0,0,2186,1.1198759078979492,0.0,0,753.0,760.0,765.0,0.0,0.0,,timeout,0.0,1068,10.68,21,10.68,21.0,15.66,0.0,0,0,0.0,False
sparse_er_200_p05,0,200,1068,10.68,half_mean_deg,5.34,none,random_rounding,0.0,ideal,zero,0,graph,50.0,50.0,0,0,1850,0.952582597732544,0.0,0,760.0,760.0,766.0,0.0,0.0,,timeout,0.0,1068,10.68,21,10.68,21.0,15.66,0.0,0,0,0.0,False
sparse_er_200_p05,0,200,1068,10.68,half_mean_deg,5.34,none,random_rounding,0.0,ideal,zero,1,graph,50.0,50.0,0,0,1634,0.8154966831207275,0.0,0,750.0,760.0,766.0,0.0,0.0,,timeout,0.0,1068,10.68,21,10.68,21.0,15.66,0.0,0,0,0.0,False
sparse_er_200_p05,0,200,1068,10.68,half_mean_deg,5.34,none,random_rounding,0.0,ideal,zero,2,graph,50.0,50.0,0,0,2162,1.1304705142974854,0.0,0,761.0,761.0,762.0,0.0,0.0,,timeout,0.0,1068,10.68,21,10.68,21.0,15.66,0.0,0,0,0.0,False
sparse_er_200_p05,0,200,1068,10.68,half_mean_deg,5.34,none,random_rounding,0.0,ideal,zero,3,graph,50.0,50.0,0,0,1874,0.9472002983093262,0.0,0,759.0,759.0,764.0,0.0,0.0,,timeout,0.0,1068,10.68,21,10.68,21.0,15.66,0.0,0,0,0.0,False
sparse_er_200_p05,0,200,1068,10.68,half_mean_deg,5.34,none,random_rounding,0.0,ideal,zero,4,graph,50.0,50.0,0,0,2114,1.0753769874572754,0.0,0,751.0,757.0,764.0,0.0,0.0,,timeout,0.0,1068,10.68,21,10.68,21.0,15.66,0.0,0,0,0.0,False
sparse_er_200_p05,0,200,1068,10.68,half_mean_deg,5.34,none,random_rounding,0.0,ideal,zero,5,graph,50.0,50.0,0,0,2066,1.0600030422210693,0.0,0,750.0,753.0,761.0,0.0,0.0,,timeout,0.0,1068,10.68,21,10.68,21.0,15.66,0.0,0,0,0.0,False
sparse_er_200_p05,0,200,1068,10.68,half_mean_deg,5.34,none,random_rounding,0.0,ideal,zero,6,graph,50.0,50.0,0,0,1910,0.9361238479614258,0.0,0,748.0,765.0,768.0,0.0,0.0,,timeout,0.0,1068,10.68,21,10.68,21.0,15.66,0.0,0,0,0.0,False
sparse_er_200_p05,0,200,1068,10.68,half_mean_deg,5.34,none,random_rounding,0.0,ideal,zero,7,graph,50.0,50.0,0,0,2042,1.026362419128418,0.0,0,756.0,760.0,763.0,0.0,0.0,,timeout,0.0,1068,10.68,21,10.68,21.0,15.66,0.0,0,0,0.0,False
sparse_er_200_p05,0,200,1068,10.68,half_mean_deg,5.34,none,random_rounding,0.0,ideal,zero,8,graph,50.0,50.0,0,0,1862,0.9208996295928955,0.0,0,755.0,762.0,769.0,0.0,0.0,,timeout,0.0,1068,10.68,21,10.68,21.0,15.66,0.0,0,0,0.0,False
sparse_er_200_p05,0,200,1068,10.68,half_mean_deg,5.34,none,random_rounding,0.0,ideal,zero,9,graph,50.0,50.0,0,0,2186,1.0849511623382568,0.0,0,753.0,760.0,765.0,0.0,0.0,,timeout,0.0,1068,10.68,21,10.68,21.0,15.66,0.0,0,0,0.0,False
sparse_er_200_p05,0,200,1068,10.68,half_mean_deg,5.34,none,greedy,0.0,ideal,zero,0,graph,50.0,50.0,0,0,0,0.0006432533264160156,0.0,0,732.0,732.0,732.0,0.0,0.0,,timeout,0.0,0,0.0,0,0.0,0.0,0.0,0.0,0,0,0.0,False
sparse_er_200_p05,0,200,1068,10.68,half_mean_deg,5.34,none,greedy,0.0,ideal,zero,1,graph,50.0,50.0,0,0,0,0.0005741119384765625,0.0,0,730.0,730.0,730.0,0.0,0.0,,timeout,0.0,0,0.0,0,0.0,0.0,0.0,0.0,0,0,0.0,False
sparse_er_200_p05,0,200,1068,10.68,half_mean_deg,5.34,none,greedy,0.0,ideal,zero,2,graph,50.0,50.0,0,0,0,0.0005035400390625,0.0,0,731.0,731.0,731.0,0.0,0.0,,timeout,0.0,0,0.0,0,0.0,0.0,0.0,0.0,0,0,0.0,False
sparse_er_200_p05,0,200,1068,10.68,half_mean_deg,5.34,none,greedy,0.0,ideal,zero,3,graph,50.0,50.0,0,0,0,0.0005118846893310547,0.0,0,731.0,731.0,731.0,0.0,0.0,,timeout,0.0,0,0.0,0,0.0,0.0,0.0,0.0,0,0,0.0,False
sparse_er_200_p05,0,200,1068,10.68,half_mean_deg,5.34,none,greedy,0.0,ideal,zero,4,graph,50.0,50.0,0,0,0,0.0004477500915527344,0.0,0,703.0,703.0,703.0,0.0,0.0,,timeout,0.0,0,0.0,0,0.0,0.0,0.0,0.0,0,0,0.0,False
sparse_er_200_p05,0,200,1068,10.68,half_mean_deg,5.34,none,greedy,0.0,ideal,zero,5,graph,50.0,50.0,0,0,0,0.0005884170532226562,0.0,0,712.0,712.0,712.0,0.0,0.0,,timeout,0.0,0,0.0,0,0.0,0.0,0.0,0.0,0,0,0.0,False
sparse_er_200_p05,0,200,1068,10.68,half_mean_deg,5.34,none,greedy,0.0,ideal,zero,6,graph,50.0,50.0,0,0,0,0.0006461143493652344,0.0,0,733.0,733.0,733.0,0.0,0.0,,timeout,0.0,0,0.0,0,0.0,0.0,0.0,0.0,0,0,0.0,False
sparse_er_200_p05,0,200,1068,10.68,half_mean_deg,5.34,none,greedy,0.0,ideal,zero,7,graph,50.0,50.0,0,0,0,0.0006568431854248047,0.0,0,722.0,722.0,722.0,0.0,0.0,,timeout,0.0,0,0.0,0,0.0,0.0,0.0,0.0,0,0,0.0,False
sparse_er_200_p05,0,200,1068,10.68,half_mean_deg,5.34,none,greedy,0.0,ideal,zero,8,graph,50.0,50.0,0,0,0,0.0005893707275390625,0.0,0,739.0,739.0,739.0,0.0,0.0,,timeout,0.0,0,0.0,0,0.0,0.0,0.0,0.0,0,0,0.0,False
sparse_er_200_p05,0,200,1068,10.68,half_mean_deg,5.34,none,greedy,0.0,ideal,zero,9,graph,50.0,50.0,0,0,0,0.0007414817810058594,0.0,0,749.0,749.0,749.0,0.0,0.0,,timeout,0.0,0,0.0,0,0.0,0.0,0.0,0.0,0,0,0.0,False
sparse_er_200_p05,0,200,1068,10.68,half_mean_deg,5.34,none,static_projected,0.0,ideal,zero,0,graph,50.0,50.0,0,1,1094,0.596646785736084,0.06471419334411621,1,743.0,753.0,755.0,0.0,0.0,,timeout,0.0,1068,10.68,21,5.20605466953828,5.340000000000579,5.790923296444817e-13,0.0,0,0,0.0,False
sparse_er_200_p05,0,200,1068,10.68,half_mean_deg,5.34,none,static_projected,0.0,ideal,zero,1,graph,50.0,50.0,0,1,998,0.5815784931182861,0.07103180885314941,1,727.0,741.0,752.0,0.0,0.0,,timeout,0.0,1068,10.68,21,5.20605466953828,5.340000000000579,5.790923296444817e-13,0.0,0,0,0.0,False
sparse_er_200_p05,0,200,1068,10.68,half_mean_deg,5.34,none,static_projected,0.0,ideal,zero,2,graph,50.0,50.0,0,1,1010,0.5889017581939697,0.08061885833740234,1,742.0,742.0,758.0,0.0,0.0,,timeout,0.0,1068,10.68,21,5.20605466953828,5.340000000000579,5.790923296444817e-13,0.0,0,0,0.0,False
sparse_er_200_p05,0,200,1068,10.68,half_mean_deg,5.34,none,static_projected,0.0,ideal,zero,3,graph,50.0,50.0,0,1,1082,0.615825891494751,0.06872200965881348,1,735.0,742.0,751.0,0.0,0.0,,timeout,0.0,1068,10.68,21,5.20605466953828,5.340000000000579,5.790923296444817e-13,0.0,0,0,0.0,False
sparse_er_200_p05,0,200,1068,10.68,half_mean_deg,5.34,none,static_projected,0.0,ideal,zero,4,graph,50.0,50.0,0,1,1034,0.6055915355682373,0.06992554664611816,1,739.0,746.0,763.0,0.0,0.0,,timeout,0.0,1068,10.68,21,5.20605466953828,5.340000000000579,5.790923296444817e-13,0.0,0,0,0.0,False
sparse_er_200_p05,0,200,1068,10.68,half_mean_deg,5.34,none,static_projected,0.0,ideal,zero,5,graph,50.0,50.0,0,1,1010,0.5548248291015625,0.06374573707580566,1,746.0,755.0,760.0,0.0,0.0,,timeout,0.0,1068,10.68,21,5.20605466953828,5.340000000000579,5.790923296444817e-13,0.0,0,0,0.0,False
sparse_er_200_p05,0,200,1068,10.68,half_mean_deg,5.34,none,static_projected,0.0,ideal,zero,6,graph,50.0,50.0,0,1,1010,0.5543825626373291,0.06323742866516113,1,725.0,746.0,755.0,0.0,0.0,,timeout,0.0,1068,10.68,21,5.20605466953828,5.340000000000579,5.790923296444817e-13,0.0,0,0,0.0,False
sparse_er_200_p05,0,200,1068,10.68,half_mean_deg,5.34,none,static_projected,0.0,ideal,zero,7,graph,50.0,50.0,0,1,1094,0.6025965213775635,0.07246232032775879,1,751.0,751.0,759.0,0.0,0.0,,timeout,0.0,1068,10.68,21,5.20605466953828,5.340000000000579,5.790923296444817e-13,0.0,0,0,0.0,False
sparse_er_200_p05,0,200,1068,10.68,half_mean_deg,5.34,none,static_projected,0.0,ideal,zero,8,graph,50.0,50.0,0,1,1034,0.5677447319030762,0.06996870040893555,1,745.0,745.0,755.0,0.0,0.0,,timeout,0.0,1068,10.68,21,5.20605466953828,5.340000000000579,5.790923296444817e-13,0.0,0,0,0.0,False
sparse_er_200_p05,0,200,1068,10.68,half_mean_deg,5.34,none,static_projected,0.0,ideal,zero,9,graph,50.0,50.0,0,1,1058,0.5843193531036377,0.0727074146270752,1,737.0,745.0,750.0,0.0,0.0,,timeout,0.0,1068,10.68,21,5.20605466953828,5.340000000000579,5.790923296444817e-13,0.0,0,0,0.0,False
sparse_er_200_p05,0,200,1068,10.68,half_mean_deg,5.34,none,static_budgeted,0.0,ideal,zero,0,graph,50.0,50.0,0,1,1154,0.6279973983764648,0.07005643844604492,1,696.0,722.0,738.0,0.0,0.0,,timeout,0.0,765,7.65,14,5.07134384449361,5.340000000000001,8.881784197001252e-16,0.0,0,0,0.0,False
sparse_er_200_p05,0,200,1068,10.68,half_mean_deg,5.34,none,static_budgeted,0.0,ideal,zero,1,graph,50.0,50.0,0,1,1226,0.6650662422180176,0.07525849342346191,1,712.0,737.0,754.0,0.0,0.0,,timeout,0.0,759,7.59,13,5.069182904994259,5.340000000000001,8.881784197001252e-16,0.0,0,0,0.0,False
sparse_er_200_p05,0,200,1068,10.68,half_mean_deg,5.34,none,static_budgeted,0.0,ideal,zero,2,graph,50.0,50.0,0,1,986,0.5682239532470703,0.07040238380432129,1,699.0,725.0,738.0,0.0,0.0,,timeout,0.0,767,7.67,13,5.151039561233553,5.340000000000001,8.881784197001252e-16,0.0,0,0,0.0,False
sparse_er_200_p05,0,200,1068,10.68,half_mean_deg,5.34,none,static_budgeted,0.0,ideal,zero,3,graph,50.0,50.0,0,1,1142,0.6386890411376953,0.07055091857910156,1,702.0,722.0,738.0,0.0,0.0,,timeout,0.0,760,7.6,15,5.101745733278344,5.34,0.0,0.0,0,0,0.0,False
sparse_er_200_p05,0,200,1068,10.68,half_mean_deg,5.34,none,static_budgeted,0.0,ideal,zero,4,graph,50.0,50.0,0,1,1046,0.581193208694458,0.06892037391662598,1,690.0,717.0,734.0,0.0,0.0,,timeout,0.0,771,7.71,14,5.071287512799259,5.340000000000001,8.881784197001252e-16,0.0,0,0,0.0,False
sparse_er_200_p05,0,200,1068,10.68,half_mean_deg,5.34,none,static_budgeted,0.0,ideal,zero,5,graph,50.0,50.0,0,1,1058,0.5827453136444092,0.06457805633544922,1,696.0,711.0,746.0,0.0,0.0,,timeout,0.0,758,7.58,12,5.091927112348884,5.340000000000598,5.977440764581843e-13,0.0,0,0,0.0,False
sparse_er_200_p05,0,200,1068,10.68,half_mean_deg,5.34,none,static_budgeted,0.0,ideal,zero,6,graph,50.0,50.0,0,1,1034,0.5713865756988525,0.06474471092224121,1,711.0,723.0,745.0,0.0,0.0,,timeout,0.0,756,7.56,15,5.036554837591024,5.340000000000001,8.881784197001252e-16,0.0,0,0,0.0,False
sparse_er_200_p05,0,200,1068,10.68,half_mean_deg,5.34,none,static_budgeted,0.0,ideal,zero,7,graph,50.0,50.0,0,1,1022,0.5476608276367188,0.05875229835510254,1,695.0,717.0,735.0,0.0,0.0,,timeout,0.0,757,7.57,14,5.087108202195975,5.340000000000001,8.881784197001252e-16,0.0,0,0,0.0,False
sparse_er_200_p05,0,200,1068,10.68,half_mean_deg,5.34,none,static_budgeted,0.0,ideal,zero,8,graph,50.0,50.0,0,1,1022,0.5717031955718994,0.06525301933288574,1,711.0,725.0,743.0,0.0,0.0,,timeout,0.0,769,7.69,13,5.033063084937929,5.340000000000912,9.121592370320286e-13,0.0,0,0,0.0,False
sparse_er_200_p05,0,200,1068,10.68,half_mean_deg,5.34,none,static_budgeted,0.0,ideal,zero,9,graph,50.0,50.0,0,1,1142,0.648317813873291,0.07426691055297852,1,721.0,725.0,754.0,0.0,0.0,,timeout,0.0,755,7.55,14,5.0982877701987634,5.340000000000001,8.881784197001252e-16,0.0,0,0,0.0,False
sparse_er_200_p05,0,200,1068,10.68,half_mean_deg,5.34,none,random_budgeted,0.0,ideal,zero,0,graph,50.0,50.0,0,1,1034,0.5408391952514648,0.029244661331176758,1,718.0,734.0,748.0,0.0,0.0,,timeout,0.0,1049,10.49,17,4.434976957445132,5.340000000000001,8.881784197001252e-16,0.0,0,0,0.0,False
sparse_er_200_p05,0,200,1068,10.68,half_mean_deg,5.34,none,random_budgeted,0.0,ideal,zero,1,graph,50.0,50.0,0,1,890,0.45942163467407227,0.028187990188598633,1,726.0,729.0,743.0,0.0,0.0,,timeout,0.0,1049,10.49,19,4.469862151048437,5.340000000000001,8.881784197001252e-16,0.0,0,0,0.0,False
sparse_er_200_p05,0,200,1068,10.68,half_mean_deg,5.34,none,random_budgeted,0.0,ideal,zero,2,graph,50.0,50.0,0,1,950,0.49298572540283203,0.029669523239135742,1,722.0,745.0,754.0,0.0,0.0,,timeout,0.0,1056,10.56,20,4.4724016059641345,5.340000000000212,2.1227464230832993e-13,0.0,0,0,0.0,False
sparse_er_200_p05,0,200,1068,10.68,half_mean_deg,5.34,none,random_budgeted,0.0,ideal,zero,3,graph,50.0,50.0,0,1,1046,0.563300371170044,0.03722214698791504,1,723.0,747.0,760.0,0.0,0.0,,timeout,0.0,1047,10.47,18,4.423724874336324,5.340000000000632,6.323830348264892e-13,0.0,0,0,0.0,False
sparse_er_200_p05,0,200,1068,10.68,half_mean_deg,5.34,none,random_budgeted,0.0,ideal,zero,4,graph,50.0,50.0,0,1,926,0.503929853439331,0.031336069107055664,1,734.0,745.0,750.0,0.0,0.0,,timeout,0.0,1047,10.47,18,4.444754983520516,5.340000000000001,8.881784197001252e-16,0.0,0,0,0.0,False
sparse_er_200_p05,0,200,1068,10.68,half_mean_deg,5.34,none,random_budgeted,0.0,ideal,zero,5,graph,50.0,50.0,0,1,998,0.5298724174499512,0.027245044708251953,1,744.0,746.0,751.0,0.0,0.0,,timeout,0.0,1056,10.56,20,4.423545583462138,5.340000000000706,7.061018436615996e-13,0.0,0,0,0.0,False
sparse_er_200_p05,0,200,1068,10.68,half_mean_deg,5.34,none,random_budgeted,0.0,ideal,zero,6,graph,50.0,50.0,0,1,926,0.48700523376464844,0.0378727912902832,1,723.0,749.0,762.0,0.0,0.0,,timeout,0.0,1044,10.44,19,4.403120921573739,5.34000000000089,8.899547765395255e-13,0.0,0,0,0.0,False
sparse_er_200_p05,0,200,1068,10.68,half_mean_deg,5.34,none,random_budgeted,0.0,ideal,zero,7,graph,50.0,50.0,0,1,1046,0.5621204376220703,0.02529168128967285,1,727.0,753.0,759.0,0.0,0.0,,timeout,0.0,1052,10.52,20,4.433441148627915,5.340000000000001,8.881784197001252e-16,0.0,0,0,0.0,False
sparse_er_200_p05,0,200,1068,10.68,half_mean_deg,5.34,none,random_budgeted,0.0,ideal,zero,8,graph,50.0,50.0,0,1,938,3.139542818069458,0.04696464538574219,1,738.0,738.0,746.0,0.0,0.0,,timeout,0.0,1051,10.51,19,4.380053697530626,5.340000000000001,8.881784197001252e-16,0.0,0,0,0.0,False
sparse_er_200_p05,0,200,1068,10.68,half_mean_deg,5.34,none,random_budgeted,0.0,ideal,zero,9,graph,50.0,50.0,0,1,902,0.4915938377380371,0.03198504447937012,1,710.0,744.0,757.0,0.0,0.0,,timeout,0.0,1047,10.47,19,4.428143207870721,5.3400000000003764,3.765876499528531e-13,0.0,0,0,0.0,False
sparse_er_200_p05,0,200,1068,10.68,half_mean_deg,5.34,none,learned_support_random_weights,0.0,ideal,zero,0,hebbian_seed0,50.0,50.0,0,1,890,0.36170220375061035,0.0175931453704834,1,687.0,687.0,730.0,0.0,0.0,,timeout,0.0,680,6.8,13,3.229881349814129,5.340000000000001,8.881784197001252e-16,0.0,0,0,0.0,False
sparse_er_200_p05,0,200,1068,10.68,half_mean_deg,5.34,none,learned_support_random_weights,0.0,ideal,zero,1,hebbian_seed0,50.0,50.0,0,1,1142,0.48428893089294434,0.005549907684326172,1,687.0,687.0,730.0,0.0,0.0,,timeout,0.0,680,6.8,13,3.3566403079767224,5.34,0.0,0.0,0,0,0.0,False
sparse_er_200_p05,0,200,1068,10.68,half_mean_deg,5.34,none,learned_support_random_weights,0.0,ideal,zero,2,hebbian_seed0,50.0,50.0,0,1,938,0.3959016799926758,0.013993501663208008,1,687.0,687.0,730.0,0.0,0.0,,timeout,0.0,680,6.8,13,3.307415059782727,5.34,0.0,0.0,0,0,0.0,False
sparse_er_200_p05,0,200,1068,10.68,half_mean_deg,5.34,none,learned_support_random_weights,0.0,ideal,zero,3,hebbian_seed0,50.0,50.0,0,1,986,0.4327692985534668,0.011598825454711914,1,687.0,687.0,730.0,0.0,0.0,,timeout,0.0,679,6.79,13,3.2919730604336177,5.340000000000001,8.881784197001252e-16,0.0,0,0,0.0,False
sparse_er_200_p05,0,200,1068,10.68,half_mean_deg,5.34,none,learned_support_random_weights,0.0,ideal,zero,4,hebbian_seed0,50.0,50.0,0,1,1058,0.44635462760925293,0.016048669815063477,1,687.0,687.0,730.0,0.0,0.0,,timeout,0.0,680,6.8,13,3.323381134605901,5.340000000000024,2.398081733190338e-14,0.0,0,0,0.0,False
sparse_er_200_p05,0,200,1068,10.68,half_mean_deg,5.34,none,learned_support_random_weights,0.0,ideal,zero,5,hebbian_seed0,50.0,50.0,0,1,1046,0.45103025436401367,0.017138242721557617,1,687.0,687.0,730.0,0.0,0.0,,timeout,0.0,678,6.78,13,3.3330288139078084,5.340000000000002,1.7763568394002505e-15,0.0,0,0,0.0,False
sparse_er_200_p05,0,200,1068,10.68,half_mean_deg,5.34,none,learned_support_random_weights,0.0,ideal,zero,6,hebbian_seed0,50.0,50.0,0,1,974,0.4063985347747803,0.012999534606933594,1,687.0,687.0,730.0,0.0,0.0,,timeout,0.0,680,6.8,13,3.290705534707805,5.340000000000009,8.881784197001252e-15,0.0,0,0,0.0,False
sparse_er_200_p05,0,200,1068,10.68,half_mean_deg,5.34,none,learned_support_random_weights,0.0,ideal,zero,7,hebbian_seed0,50.0,50.0,0,1,1094,0.4578382968902588,0.021550893783569336,1,687.0,687.0,730.0,0.0,0.0,,timeout,0.0,680,6.8,13,3.318288251949779,5.340000000000002,1.7763568394002505e-15,0.0,0,0,0.0,False
sparse_er_200_p05,0,200,1068,10.68,half_mean_deg,5.34,none,learned_support_random_weights,0.0,ideal,zero,8,hebbian_seed0,50.0,50.0,0,1,950,0.40210700035095215,0.018750905990600586,1,687.0,687.0,730.0,0.0,0.0,,timeout,0.0,678,6.78,13,3.3112990998412157,5.340000000000001,8.881784197001252e-16,0.0,0,0,0.0,False
sparse_er_200_p05,0,200,1068,10.68,half_mean_deg,5.34,none,learned_support_random_weights,0.0,ideal,zero,9,hebbian_seed0,50.0,50.0,0,1,1010,0.40915536880493164,0.012781143188476562,1,687.0,687.0,730.0,0.0,0.0,,timeout,0.0,680,6.8,13,3.3177071603091135,5.340000000000001,8.881784197001252e-16,0.0,0,0,0.0,False
sparse_er_200_p05,0,200,1068,10.68,half_mean_deg,5.34,none,topology_scrambled,0.0,ideal,zero,0,graph,50.0,50.0,100,101,3284,13.586840867996216,12.17270302772522,101,578.0,578.0,714.0,0.0,0.0,,timeout,0.0,595,5.95,12,5.126399999999477,5.340000000000001,8.881784197001252e-16,0.0,0,0,-483.28031780084825,False
sparse_er_200_p05,0,200,1068,10.68,half_mean_deg,5.34,none,topology_scrambled,0.0,ideal,zero,1,graph,50.0,50.0,100,101,3020,87.63631749153137,86.25009489059448,101,586.0,586.0,729.0,0.0,0.0,,timeout,0.0,578,5.78,12,5.324400285893846,5.340000000000001,8.881784197001252e-16,0.0,0,0,-496.6167210147847,False
sparse_er_200_p05,0,200,1068,10.68,half_mean_deg,5.34,none,topology_scrambled,0.0,ideal,zero,2,graph,50.0,50.0,100,101,3512,89.30373072624207,87.69507455825806,101,557.0,563.0,715.0,0.0,0.0,,timeout,0.0,566,5.66,11,5.33136023426878,5.340000000000002,1.7763568394002505e-15,0.0,0,0,-497.6197036844396,False
sparse_er_200_p05,0,200,1068,10.68,half_mean_deg,5.34,none,topology_scrambled,0.0,ideal,zero,3,graph,50.0,50.0,100,101,3128,85.12500262260437,83.65846991539001,101,567.0,568.0,727.0,0.0,0.0,,timeout,0.0,536,5.36,11,5.296718098925864,5.340000000000001,8.881784197001252e-16,0.0,0,0,-490.0616574798505,False
sparse_er_200_p05,0,200,1068,10.68,half_mean_deg,5.34,none,topology_scrambled,0.0,ideal,zero,4,graph,50.0,50.0,100,101,2864,52.10103893280029,48.0932559967041,101,548.0,548.0,724.0,0.0,0.0,,timeout,0.0,628,6.28,12,5.34,5.3400000000000905,9.059419880941277e-14,0.0,0,0,-503.4677131311217,False
sparse_er_200_p05,0,200,1068,10.68,half_mean_deg,5.34,none,topology_scrambled,0.0,ideal,zero,5,graph,50.0,50.0,100,101,3488,83.93356704711914,82.27744197845459,101,539.0,553.0,725.0,0.0,0.0,,timeout,0.0,504,5.04,11,5.334067579597616,5.340000000000002,1.7763568394002505e-15,0.0,0,0,-491.38870319740516,False
sparse_er_200_p05,0,200,1068,10.68,half_mean_deg,5.34,none,topology_scrambled,0.0,ideal,zero,6,graph,50.0,50.0,100,101,3284,69.41873717308044,67.94843626022339,101,552.0,552.0,729.0,0.0,0.0,,timeout,0.0,578,5.78,10,5.286600000000001,5.340000000000002,1.7763568394002505e-15,0.0,0,0,-495.5929172131308,False
sparse_er_200_p05,0,200,1068,10.68,half_mean_deg,5.34,none,topology_scrambled,0.0,ideal,zero,7,graph,50.0,50.0,100,101,3500,70.85205817222595,66.57601881027222,101,532.0,532.0,730.0,0.0,0.0,,timeout,0.0,612,6.12,12,5.339999999999993,5.340000000000291,2.913225216616411e-13,0.0,0,0,-501.8500617515725,False
sparse_er_200_p05,0,200,1068,10.68,half_mean_deg,5.34,none,topology_scrambled,0.0,ideal,zero,8,graph,50.0,50.0,100,101,2936,85.2384672164917,83.87840962409973,101,563.0,563.0,727.0,0.0,0.0,,timeout,0.0,514,5.14,10,5.327246097367944,5.340000000000002,1.7763568394002505e-15,0.0,0,2,-493.95717057334645,False
sparse_er_200_p05,0,200,1068,10.68,half_mean_deg,5.34,none,topology_scrambled,0.0,ideal,zero,9,graph,50.0,50.0,100,101,3524,35.34159779548645,31.02478575706482,101,583.0,584.0,716.0,0.0,0.0,,timeout,0.0,586,5.86,12,5.286600000000001,5.340000000000141,1.412203687323199e-13,0.0,0,0,-498.28513560808295,False
sparse_er_200_p05,0,200,1068,10.68,half_mean_deg,5.34,sinkhorn,hebbian_sinkhorn,0.0,ideal,zero,0,graph,50.0,50.0,100,100,3596,1.911517858505249,0.0,0,685.0,685.0,728.0,0.0,0.0,,timeout,0.0,685,6.85,13,4.993229873607722,5.340000000000002,1.7763568394002505e-15,0.0,0,0,-478.5285074317544,False
sparse_er_200_p05,0,200,1068,10.68,half_mean_deg,5.34,sinkhorn,hebbian_sinkhorn,0.0,ideal,zero,1,graph,50.0,50.0,100,100,3524,1.8361568450927734,0.0,0,655.0,655.0,711.0,0.0,0.0,,timeout,0.0,655,6.55,13,5.0176545828880394,5.340000000000001,8.881784197001252e-16,0.0,0,11,-479.5661736032676,False
sparse_er_200_p05,0,200,1068,10.68,half_mean_deg,5.34,sinkhorn,hebbian_sinkhorn,0.0,ideal,zero,2,graph,50.0,50.0,100,100,4484,4.794562816619873,0.0,0,665.0,665.0,729.0,0.0,0.0,,timeout,0.0,665,6.65,12,4.995856120338034,5.340000000000001,8.881784197001252e-16,0.0,0,6,-478.19941552280915,False
sparse_er_200_p05,0,200,1068,10.68,half_mean_deg,5.34,sinkhorn,hebbian_sinkhorn,0.0,ideal,zero,3,graph,50.0,50.0,100,100,4352,2.164822578430176,0.0,0,670.0,670.0,713.0,0.0,0.0,,timeout,0.0,670,6.7,14,4.965743158674311,5.340000000000001,8.881784197001252e-16,0.0,0,11,-475.40938845359614,False
sparse_er_200_p05,0,200,1068,10.68,half_mean_deg,5.34,sinkhorn,hebbian_sinkhorn,0.0,ideal,zero,4,graph,50.0,50.0,100,100,4160,2.09332275390625,0.0,0,677.0,677.0,724.0,0.0,0.0,,timeout,0.0,677,6.77,13,4.962941372310442,5.340000000000001,8.881784197001252e-16,0.0,0,0,-475.3163347290821,False
sparse_er_200_p05,0,200,1068,10.68,half_mean_deg,5.34,sinkhorn,hebbian_sinkhorn,0.0,ideal,zero,5,graph,50.0,50.0,100,100,4340,2.136249542236328,0.0,0,662.0,662.0,747.0,0.0,0.0,,timeout,0.0,662,6.62,13,4.995855112004616,5.340000000000002,1.7763568394002505e-15,0.0,0,0,-477.92452423295015,False
sparse_er_200_p05,0,200,1068,10.68,half_mean_deg,5.34,sinkhorn,hebbian_sinkhorn,0.0,ideal,zero,6,graph,50.0,50.0,100,100,4352,2.121781587600708,0.0,0,683.0,683.0,755.0,0.0,0.0,,timeout,0.0,683,6.83,14,5.0231518248318805,5.340000000000002,1.7763568394002505e-15,0.0,0,0,-480.83482087708745,False
sparse_er_200_p05,0,200,1068,10.68,half_mean_deg,5.34,sinkhorn,hebbian_sinkhorn,0.0,ideal,zero,7,graph,50.0,50.0,100,100,3668,1.9449479579925537,0.0,0,660.0,660.0,720.0,0.0,0.0,,timeout,0.0,660,6.6,14,4.956181757851649,5.340000000000002,1.7763568394002505e-15,0.0,0,0,-474.3543093644737,False
sparse_er_200_p05,0,200,1068,10.68,half_mean_deg,5.34,sinkhorn,hebbian_sinkhorn,0.0,ideal,zero,8,graph,50.0,50.0,100,100,4388,2.165905475616455,0.0,0,670.0,670.0,733.0,0.0,0.0,,timeout,0.0,670,6.7,13,5.04549523748443,5.340000000000001,8.881784197001252e-16,0.0,0,7,-482.68374081500093,False
sparse_er_200_p05,0,200,1068,10.68,half_mean_deg,5.34,sinkhorn,hebbian_sinkhorn,0.0,ideal,zero,9,graph,50.0,50.0,100,100,4220,2.0504095554351807,0.0,0,649.0,649.0,710.0,0.0,0.0,,timeout,0.0,649,6.49,12,4.966146786730485,5.340000000000001,8.881784197001252e-16,0.0,0,10,-474.34200617934385,False
sparse_er_200_p05,0,200,1068,10.68,half_mean_deg,5.34,sinkhorn,hybrid_sinkhorn,0.0,ideal,zero,0,graph,50.0,50.0,100,100,4654,2.2023231983184814,0.0,0,685.0,685.0,728.0,0.0,0.0,,timeout,0.0,685,6.85,13,4.993229873607722,5.340000000000002,1.7763568394002505e-15,0.0,0,0,-478.5285074317544,False
sparse_er_200_p05,0,200,1068,10.68,half_mean_deg,5.34,sinkhorn,hybrid_sinkhorn,0.0,ideal,zero,1,graph,50.0,50.0,100,100,4534,2.208923101425171,0.0,0,655.0,655.0,711.0,0.0,0.0,,timeout,0.0,655,6.55,13,5.0176545828880394,5.340000000000001,8.881784197001252e-16,0.0,0,11,-479.5661736032676,False
sparse_er_200_p05,0,200,1068,10.68,half_mean_deg,5.34,sinkhorn,hybrid_sinkhorn,0.0,ideal,zero,2,graph,50.0,50.0,100,100,5542,2.6067237854003906,0.0,0,665.0,665.0,729.0,0.0,0.0,,timeout,0.0,665,6.65,12,4.995856120338034,5.340000000000001,8.881784197001252e-16,0.0,0,6,-478.19941552280915,False
sparse_er_200_p05,0,200,1068,10.68,half_mean_deg,5.34,sinkhorn,hybrid_sinkhorn,0.0,ideal,zero,3,graph,50.0,50.0,100,100,5398,2.5487442016601562,0.0,0,670.0,670.0,713.0,0.0,0.0,,timeout,0.0,670,6.7,14,4.965743158674311,5.340000000000001,8.881784197001252e-16,0.0,0,11,-475.40938845359614,False
sparse_er_200_p05,0,200,1068,10.68,half_mean_deg,5.34,sinkhorn,hybrid_sinkhorn,0.0,ideal,zero,4,graph,50.0,50.0,100,100,5206,2.456716299057007,0.0,0,677.0,677.0,724.0,0.0,0.0,,timeout,0.0,677,6.77,13,4.962941372310442,5.340000000000001,8.881784197001252e-16,0.0,0,0,-475.3163347290821,False
sparse_er_200_p05,0,200,1068,10.68,half_mean_deg,5.34,sinkhorn,hybrid_sinkhorn,0.0,ideal,zero,5,graph,50.0,50.0,100,100,5398,5.110944032669067,0.0,0,662.0,662.0,747.0,0.0,0.0,,timeout,0.0,662,6.62,13,4.995855112004616,5.340000000000002,1.7763568394002505e-15,0.0,0,0,-477.92452423295015,False
sparse_er_200_p05,0,200,1068,10.68,half_mean_deg,5.34,sinkhorn,hybrid_sinkhorn,0.0,ideal,zero,6,graph,50.0,50.0,100,100,5410,2.5768632888793945,0.0,0,683.0,683.0,755.0,0.0,0.0,,timeout,0.0,683,6.83,14,5.0231518248318805,5.340000000000002,1.7763568394002505e-15,0.0,0,0,-480.83482087708745,False
sparse_er_200_p05,0,200,1068,10.68,half_mean_deg,5.34,sinkhorn,hybrid_sinkhorn,0.0,ideal,zero,7,graph,50.0,50.0,100,100,4726,2.326859712600708,0.0,0,660.0,660.0,720.0,0.0,0.0,,timeout,0.0,660,6.6,14,4.956181757851649,5.340000000000002,1.7763568394002505e-15,0.0,0,0,-474.3543093644737,False
sparse_er_200_p05,0,200,1068,10.68,half_mean_deg,5.34,sinkhorn,hybrid_sinkhorn,0.0,ideal,zero,8,graph,50.0,50.0,100,100,5446,2.665302276611328,0.0,0,670.0,670.0,733.0,0.0,0.0,,timeout,0.0,670,6.7,13,5.04549523748443,5.340000000000001,8.881784197001252e-16,0.0,0,7,-482.68374081500093,False
sparse_er_200_p05,0,200,1068,10.68,half_mean_deg,5.34,sinkhorn,hybrid_sinkhorn,0.0,ideal,zero,9,graph,50.0,50.0,100,100,5266,2.4165608882904053,0.0,0,649.0,649.0,710.0,0.0,0.0,,timeout,0.0,649,6.49,12,4.966146786730485,5.340000000000001,8.881784197001252e-16,0.0,0,10,-474.34200617934385,False
sparse_er_200_p05,0,200,1068,10.68,half_mean_deg,5.34,frobenius,hebbian_frobenius,0.0,ideal,zero,0,graph,50.0,50.0,100,101,3404,41.95764756202698,40.428513050079346,101,687.0,687.0,730.0,0.0,0.0,,timeout,0.0,680,6.8,13,5.34,5.340000000000002,1.7763568394002505e-15,0.0,0,0,-508.0811791285584,True
sparse_er_200_p05,0,200,1068,10.68,half_mean_deg,5.34,frobenius,hebbian_frobenius,0.0,ideal,zero,1,graph,50.0,50.0,100,101,4064,39.661709785461426,38.03299689292908,101,650.0,650.0,706.0,0.0,0.0,,timeout,0.0,643,6.43,12,5.340000000000001,5.340000000000002,1.7763568394002505e-15,0.0,0,0,-505.63524285703863,True
sparse_er_200_p05,0,200,1068,10.68,half_mean_deg,5.34,frobenius,hebbian_frobenius,0.0,ideal,zero,2,graph,50.0,50.0,100,101,3584,73.74655342102051,72.14402842521667,101,652.0,652.0,726.0,0.0,0.0,,timeout,0.0,648,6.48,12,5.339999999999866,5.340000000000002,1.7763568394002505e-15,0.0,0,0,-505.68698125694175,True
sparse_er_200_p05,0,200,1068,10.68,half_mean_deg,5.34,frobenius,hebbian_frobenius,0.0,ideal,zero,3,graph,50.0,50.0,100,101,3020,43.03987407684326,41.74230456352234,101,646.0,646.0,705.0,0.0,0.0,,timeout,0.0,629,6.29,12,5.340000000000001,5.340000000000002,1.7763568394002505e-15,0.0,0,0,-504.5663361864874,True
sparse_er_200_p05,0,200,1068,10.68,half_mean_deg,5.34,frobenius,hebbian_frobenius,0.0,ideal,zero,4,graph,50.0,50.0,100,101,3068,52.7528121471405,49.73199820518494,101,671.0,671.0,722.0,0.0,0.0,,timeout,0.0,668,6.68,13,5.340000000000001,5.340000000000002,1.7763568394002505e-15,0.0,0,0,-507.0694141997521,True
sparse_er_200_p05,0,200,1068,10.68,half_mean_deg,5.34,frobenius,hebbian_frobenius,0.0,ideal,zero,5,graph,50.0,50.0,100,101,3572,41.44744610786438,38.361324310302734,101,658.0,659.0,715.0,0.0,0.0,,timeout,0.0,635,6.35,13,5.340000000000001,5.340000000000007,7.105427357601002e-15,0.0,0,0,-503.93124362462333,True
sparse_er_200_p05,0,200,1068,10.68,half_mean_deg,5.34,frobenius,hebbian_frobenius,0.0,ideal,zero,6,graph,50.0,50.0,100,101,3044,61.134830474853516,59.6883008480072,101,669.0,669.0,745.0,0.0,0.0,,timeout,0.0,667,6.67,12,5.340000000000001,5.340000000000003,3.552713678800501e-15,0.0,0,0,-506.89559143055453,True
sparse_er_200_p05,0,200,1068,10.68,half_mean_deg,5.34,frobenius,hebbian_frobenius,0.0,ideal,zero,7,graph,50.0,50.0,100,101,3008,52.27164101600647,50.87035274505615,101,646.0,646.0,725.0,0.0,0.0,,timeout,0.0,638,6.38,13,5.340000000000001,5.340000000000005,5.329070518200751e-15,0.0,0,0,-505.757459197732,True
sparse_er_200_p05,0,200,1068,10.68,half_mean_deg,5.34,frobenius,hebbian_frobenius,0.0,ideal,zero,8,graph,50.0,50.0,100,101,3800,27.57720184326172,26.02604103088379,101,649.0,649.0,715.0,0.0,0.0,,timeout,0.0,647,6.47,13,5.340000000000001,5.340000000000002,1.7763568394002505e-15,0.0,0,0,-507.29963889059775,True
sparse_er_200_p05,0,200,1068,10.68,half_mean_deg,5.34,frobenius,hebbian_frobenius,0.0,ideal,zero,9,graph,50.0,50.0,100,101,3968,24.8318510055542,23.237576723098755,101,633.0,633.0,711.0,0.0,0.0,,timeout,0.0,632,6.32,12,5.340000000000001,5.340000000000002,1.7763568394002505e-15,0.0,0,0,-505.58283958925193,True
sparse_er_200_p05,0,200,1068,10.68,half_mean_deg,5.34,frobenius,hybrid_frobenius,0.0,ideal,zero,0,graph,50.0,50.0,100,101,4510,42.384746074676514,40.49999165534973,101,687.0,687.0,730.0,0.0,0.0,,timeout,0.0,680,6.8,13,5.34,5.340000000000002,1.7763568394002505e-15,0.0,0,0,-508.0811791285584,True
sparse_er_200_p05,0,200,1068,10.68,half_mean_deg,5.34,frobenius,hybrid_frobenius,0.0,ideal,zero,1,graph,50.0,50.0,100,101,5170,43.12468361854553,38.57863783836365,101,650.0,650.0,706.0,0.0,0.0,,timeout,0.0,643,6.43,12,5.340000000000001,5.340000000000002,1.7763568394002505e-15,0.0,0,0,-505.63524285703863,True
sparse_er_200_p05,0,200,1068,10.68,half_mean_deg,5.34,frobenius,hybrid_frobenius,0.0,ideal,zero,2,graph,50.0,50.0,100,101,4642,72.4907214641571,70.50041317939758,101,652.0,652.0,726.0,0.0,0.0,,timeout,0.0,648,6.48,12,5.339999999999866,5.340000000000002,1.7763568394002505e-15,0.0,0,0,-505.68698125694175,True
sparse_er_200_p05,0,200,1068,10.68,half_mean_deg,5.34,frobenius,hybrid_frobenius,0.0,ideal,zero,3,graph,50.0,50.0,100,101,4126,44.124900341033936,41.429919481277466,101,646.0,646.0,705.0,0.0,0.0,,timeout,0.0,629,6.29,12,5.340000000000001,5.340000000000002,1.7763568394002505e-15,0.0,0,0,-504.5663361864874,True
sparse_er_200_p05,0,200,1068,10.68,half_mean_deg,5.34,frobenius,hybrid_frobenius,0.0,ideal,zero,4,graph,50.0,50.0,100,101,4090,52.10551047325134,50.336568117141724,101,671.0,671.0,722.0,0.0,0.0,,timeout,0.0,668,6.68,13,5.340000000000001,5.340000000000002,1.7763568394002505e-15,0.0,0,0,-507.0694141997521,True
sparse_er_200_p05,0,200,1068,10.68,half_mean_deg,5.34,frobenius,hybrid_frobenius,0.0,ideal,zero,5,graph,50.0,50.0,100,101,4642,40.80163025856018,38.957618713378906,101,658.0,659.0,715.0,0.0,0.0,,timeout,0.0,635,6.35,13,5.340000000000001,5.340000000000007,7.105427357601002e-15,0.0,0,0,-503.93124362462333,True
sparse_er_200_p05,0,200,1068,10.68,half_mean_deg,5.34,frobenius,hybrid_frobenius,0.0,ideal,zero,6,graph,50.0,50.0,100,101,4090,60.91313982009888,59.114662647247314,101,669.0,669.0,745.0,0.0,0.0,,timeout,0.0,667,6.67,12,5.340000000000001,5.340000000000003,3.552713678800501e-15,0.0,0,0,-506.89559143055453,True
sparse_er_200_p05,0,200,1068,10.68,half_mean_deg,5.34,frobenius,hybrid_frobenius,0.0,ideal,zero,7,graph,50.0,50.0,100,101,4042,56.109092235565186,54.272279024124146,101,646.0,646.0,725.0,0.0,0.0,,timeout,0.0,638,6.38,13,5.340000000000001,5.340000000000005,5.329070518200751e-15,0.0,0,0,-505.757459197732,True
sparse_er_200_p05,0,200,1068,10.68,half_mean_deg,5.34,frobenius,hybrid_frobenius,0.0,ideal,zero,8,graph,50.0,50.0,100,101,4906,25.33863377571106,23.299939393997192,101,649.0,649.0,715.0,0.0,0.0,,timeout,0.0,647,6.47,13,5.340000000000001,5.340000000000002,1.7763568394002505e-15,0.0,0,0,-507.29963889059775,True
sparse_er_200_p05,0,200,1068,10.68,half_mean_deg,5.34,frobenius,hybrid_frobenius,0.0,ideal,zero,9,graph,50.0,50.0,100,101,5074,26.59031343460083,24.421144485473633,101,633.0,633.0,711.0,0.0,0.0,,timeout,0.0,632,6.32,12,5.340000000000001,5.340000000000002,1.7763568394002505e-15,0.0,0,0,-505.58283958925193,True
sparse_er_200_p05,0,200,1068,10.68,half_mean_deg,5.34,none,sdp_gw,0.0,ideal,zero,0,graph,50.0,50.0,0,0,0,442.1720886230469,0.0,0,754.0,754.0,754.0,811.5955442709039,754.0,,timeout,0.0,0,0.0,0,0.0,0.0,0.0,0.0,0,0,0.0,False
sparse_er_200_p05,0,200,1068,10.68,mean_deg,10.68,none,static,0.0,ideal,zero,0,graph,50.0,50.0,0,0,1850,0.9629104137420654,0.0,0,760.0,760.0,766.0,0.0,0.0,,timeout,0.0,1068,10.68,21,10.68,21.0,10.32,0.0,0,0,0.0,False
sparse_er_200_p05,0,200,1068,10.68,mean_deg,10.68,none,static,0.0,ideal,zero,1,graph,50.0,50.0,0,0,1634,0.8373622894287109,0.0,0,750.0,760.0,766.0,0.0,0.0,,timeout,0.0,1068,10.68,21,10.68,21.0,10.32,0.0,0,0,0.0,False
sparse_er_200_p05,0,200,1068,10.68,mean_deg,10.68,none,static,0.0,ideal,zero,2,graph,50.0,50.0,0,0,2162,1.1124706268310547,0.0,0,761.0,761.0,762.0,0.0,0.0,,timeout,0.0,1068,10.68,21,10.68,21.0,10.32,0.0,0,0,0.0,False
sparse_er_200_p05,0,200,1068,10.68,mean_deg,10.68,none,static,0.0,ideal,zero,3,graph,50.0,50.0,0,0,1874,0.9557585716247559,0.0,0,759.0,759.0,764.0,0.0,0.0,,timeout,0.0,1068,10.68,21,10.68,21.0,10.32,0.0,0,0,0.0,False
sparse_er_200_p05,0,200,1068,10.68,mean_deg,10.68,none,static,0.0,ideal,zero,4,graph,50.0,50.0,0,0,2114,1.0629098415374756,0.0,0,751.0,757.0,764.0,0.0,0.0,,timeout,0.0,1068,10.68,21,10.68,21.0,10.32,0.0,0,0,0.0,False
sparse_er_200_p05,0,200,1068,10.68,mean_deg,10.68,none,static,0.0,ideal,zero,5,graph,50.0,50.0,0,0,2066,1.0462205410003662,0.0,0,750.0,753.0,761.0,0.0,0.0,,timeout,0.0,1068,10.68,21,10.68,21.0,10.32,0.0,0,0,0.0,False
sparse_er_200_p05,0,200,1068,10.68,mean_deg,10.68,none,static,0.0,ideal,zero,6,graph,50.0,50.0,0,0,1910,0.9565417766571045,0.0,0,748.0,765.0,768.0,0.0,0.0,,timeout,0.0,1068,10.68,21,10.68,21.0,10.32,0.0,0,0,0.0,False
sparse_er_200_p05,0,200,1068,10.68,mean_deg,10.68,none,static,0.0,ideal,zero,7,graph,50.0,50.0,0,0,2042,1.0385913848876953,0.0,0,756.0,760.0,763.0,0.0,0.0,,timeout,0.0,1068,10.68,21,10.68,21.0,10.32,0.0,0,0,0.0,False
sparse_er_200_p05,0,200,1068,10.68,mean_deg,10.68,none,static,0.0,ideal,zero,8,graph,50.0,50.0,0,0,1862,0.9485394954681396,0.0,0,755.0,762.0,769.0,0.0,0.0,,timeout,0.0,1068,10.68,21,10.68,21.0,10.32,0.0,0,0,0.0,False
sparse_er_200_p05,0,200,1068,10.68,mean_deg,10.68,none,static,0.0,ideal,zero,9,graph,50.0,50.0,0,0,2186,1.1011345386505127,0.0,0,753.0,760.0,765.0,0.0,0.0,,timeout,0.0,1068,10.68,21,10.68,21.0,10.32,0.0,0,0,0.0,False
sparse_er_200_p05,0,200,1068,10.68,mean_deg,10.68,none,random_rounding,0.0,ideal,zero,0,graph,50.0,50.0,0,0,1850,0.9454858303070068,0.0,0,760.0,760.0,766.0,0.0,0.0,,timeout,0.0,1068,10.68,21,10.68,21.0,10.32,0.0,0,0,0.0,False
sparse_er_200_p05,0,200,1068,10.68,mean_deg,10.68,none,random_rounding,0.0,ideal,zero,1,graph,50.0,50.0,0,0,1634,0.7919979095458984,0.0,0,750.0,760.0,766.0,0.0,0.0,,timeout,0.0,1068,10.68,21,10.68,21.0,10.32,0.0,0,0,0.0,False
sparse_er_200_p05,0,200,1068,10.68,mean_deg,10.68,none,random_rounding,0.0,ideal,zero,2,graph,50.0,50.0,0,0,2162,1.0869646072387695,0.0,0,761.0,761.0,762.0,0.0,0.0,,timeout,0.0,1068,10.68,21,10.68,21.0,10.32,0.0,0,0,0.0,False
sparse_er_200_p05,0,200,1068,10.68,mean_deg,10.68,none,random_rounding,0.0,ideal,zero,3,graph,50.0,50.0,0,0,1874,0.9691729545593262,0.0,0,759.0,759.0,764.0,0.0,0.0,,timeout,0.0,1068,10.68,21,10.68,21.0,10.32,0.0,0,0,0.0,False
sparse_er_200_p05,0,200,1068,10.68,mean_deg,10.68,none,random_rounding,0.0,ideal,zero,4,graph,50.0,50.0,0,0,2114,1.087951421737671,0.0,0,751.0,757.0,764.0,0.0,0.0,,timeout,0.0,1068,10.68,21,10.68,21.0,10.32,0.0,0,0,0.0,False
sparse_er_200_p05,0,200,1068,10.68,mean_deg,10.68,none,random_rounding,0.0,ideal,zero,5,graph,50.0,50.0,0,0,2066,1.0429801940917969,0.0,0,750.0,753.0,761.0,0.0,0.0,,timeout,0.0,1068,10.68,21,10.68,21.0,10.32,0.0,0,0,0.0,False
sparse_er_200_p05,0,200,1068,10.68,mean_deg,10.68,none,random_rounding,0.0,ideal,zero,6,graph,50.0,50.0,0,0,1910,0.9501016139984131,0.0,0,748.0,765.0,768.0,0.0,0.0,,timeout,0.0,1068,10.68,21,10.68,21.0,10.32,0.0,0,0,0.0,False
sparse_er_200_p05,0,200,1068,10.68,mean_deg,10.68,none,random_rounding,0.0,ideal,zero,7,graph,50.0,50.0,0,0,2042,1.0277702808380127,0.0,0,756.0,760.0,763.0,0.0,0.0,,timeout,0.0,1068,10.68,21,10.68,21.0,10.32,0.0,0,0,0.0,False
sparse_er_200_p05,0,200,1068,10.68,mean_deg,10.68,none,random_rounding,0.0,ideal,zero,8,graph,50.0,50.0,0,0,1862,3.49118971824646,0.0,0,755.0,762.0,769.0,0.0,0.0,,timeout,0.0,1068,10.68,21,10.68,21.0,10.32,0.0,0,0,0.0,False
sparse_er_200_p05,0,200,1068,10.68,mean_deg,10.68,none,random_rounding,0.0,ideal,zero,9,graph,50.0,50.0,0,0,2186,1.1201114654541016,0.0,0,753.0,760.0,765.0,0.0,0.0,,timeout,0.0,1068,10.68,21,10.68,21.0,10.32,0.0,0,0,0.0,False
sparse_er_200_p05,0,200,1068,10.68,mean_deg,10.68,none,greedy,0.0,ideal,zero,0,graph,50.0,50.0,0,0,0,0.0009019374847412109,0.0,0,732.0,732.0,732.0,0.0,0.0,,timeout,0.0,0,0.0,0,0.0,0.0,0.0,0.0,0,0,0.0,False
sparse_er_200_p05,0,200,1068,10.68,mean_deg,10.68,none,greedy,0.0,ideal,zero,1,graph,50.0,50.0,0,0,0,0.0005917549133300781,0.0,0,730.0,730.0,730.0,0.0,0.0,,timeout,0.0,0,0.0,0,0.0,0.0,0.0,0.0,0,0,0.0,False
sparse_er_200_p05,0,200,1068,10.68,mean_deg,10.68,none,greedy,0.0,ideal,zero,2,graph,50.0,50.0,0,0,0,0.0005681514739990234,0.0,0,731.0,731.0,731.0,0.0,0.0,,timeout,0.0,0,0.0,0,0.0,0.0,0.0,0.0,0,0,0.0,False
sparse_er_200_p05,0,200,1068,10.68,mean_deg,10.68,none,greedy,0.0,ideal,zero,3,graph,50.0,50.0,0,0,0,0.0005133152008056641,0.0,0,731.0,731.0,731.0,0.0,0.0,,timeout,0.0,0,0.0,0,0.0,0.0,0.0,0.0,0,0,0.0,False
sparse_er_200_p05,0,200,1068,10.68,mean_deg,10.68,none,greedy,0.0,ideal,zero,4,graph,50.0,50.0,0,0,0,0.0004966259002685547,0.0,0,703.0,703.0,703.0,0.0,0.0,,timeout,0.0,0,0.0,0,0.0,0.0,0.0,0.0,0,0,0.0,False
sparse_er_200_p05,0,200,1068,10.68,mean_deg,10.68,none,greedy,0.0,ideal,zero,5,graph,50.0,50.0,0,0,0,0.0005326271057128906,0.0,0,712.0,712.0,712.0,0.0,0.0,,timeout,0.0,0,0.0,0,0.0,0.0,0.0,0.0,0,0,0.0,False
sparse_er_200_p05,0,200,1068,10.68,mean_deg,10.68,none,greedy,0.0,ideal,zero,6,graph,50.0,50.0,0,0,0,0.0005598068237304688,0.0,0,733.0,733.0,733.0,0.0,0.0,,timeout,0.0,0,0.0,0,0.0,0.0,0.0,0.0,0,0,0.0,False
sparse_er_200_p05,0,200,1068,10.68,mean_deg,10.68,none,greedy,0.0,ideal,zero,7,graph,50.0,50.0,0,0,0,0.0005655288696289062,0.0,0,722.0,722.0,722.0,0.0,0.0,,timeout,0.0,0,0.0,0,0.0,0.0,0.0,0.0,0,0,0.0,False
sparse_er_200_p05,0,200,1068,10.68,mean_deg,10.68,none,greedy,0.0,ideal,zero,8,graph,50.0,50.0,0,0,0,0.0006556510925292969,0.0,0,739.0,739.0,739.0,0.0,0.0,,timeout,0.0,0,0.0,0,0.0,0.0,0.0,0.0,0,0,0.0,False
sparse_er_200_p05,0,200,1068,10.68,mean_deg,10.68,none,greedy,0.0,ideal,zero,9,graph,50.0,50.0,0,0,0,0.0007054805755615234,0.0,0,749.0,749.0,749.0,0.0,0.0,,timeout,0.0,0,0.0,0,0.0,0.0,0.0,0.0,0,0,0.0,False
sparse_er_200_p05,0,200,1068,10.68,mean_deg,10.68,none,static_projected,0.0,ideal,zero,0,graph,50.0,50.0,0,1,1718,0.9035313129425049,0.027606487274169922,1,754.0,758.0,764.0,0.0,0.0,,timeout,0.0,1068,10.68,21,9.04776310231351,10.680000000000291,2.913225216616411e-13,0.0,0,0,0.0,False
sparse_er_200_p05,0,200,1068,10.68,mean_deg,10.68,none,static_projected,0.0,ideal,zero,1,graph,50.0,50.0,0,1,1574,0.7985122203826904,0.03327631950378418,1,750.0,762.0,767.0,0.0,0.0,,timeout,0.0,1068,10.68,21,9.04776310231351,10.680000000000291,2.913225216616411e-13,0.0,0,0,0.0,False
sparse_er_200_p05,0,200,1068,10.68,mean_deg,10.68,none,static_projected,0.0,ideal,zero,2,graph,50.0,50.0,0,1,1394,0.7388253211975098,0.03323197364807129,1,749.0,759.0,759.0,0.0,0.0,,timeout,0.0,1068,10.68,21,9.04776310231351,10.680000000000291,2.913225216616411e-13,0.0,0,0,0.0,False
sparse_er_200_p05,0,200,1068,10.68,mean_deg,10.68,none,static_projected,0.0,ideal,zero,3,graph,50.0,50.0,0,1,1694,0.8835101127624512,0.02966928482055664,1,742.0,757.0,761.0,0.0,0.0,,timeout,0.0,1068,10.68,21,9.04776310231351,10.680000000000291,2.913225216616411e-13,0.0,0,0,0.0,False
sparse_er_200_p05,0,200,1068,10.68,mean_deg,10.68,none,static_projected,0.0,ideal,zero,4,graph,50.0,50.0,0,1,1622,0.8719778060913086,0.04113054275512695,1,740.0,758.0,764.0,0.0,0.0,,timeout,0.0,1068,10.68,21,9.04776310231351,10.680000000000291,2.913225216616411e-13,0.0,0,0,0.0,False
sparse_er_200_p05,0,200,1068,10.68,mean_deg,10.68,none,static_projected,0.0,ideal,zero,5,graph,50.0,50.0,0,1,1670,0.8770887851715088,0.03647255897521973,1,751.0,761.0,764.0,0.0,0.0,,timeout,0.0,1068,10.68,21,9.04776310231351,10.680000000000291,2.913225216616411e-13,0.0,0,0,0.0,False
sparse_er_200_p05,0,200,1068,10.68,mean_deg,10.68,none,static_projected,0.0,ideal,zero,6,graph,50.0,50.0,0,1,1406,0.7343347072601318,0.03136301040649414,1,740.0,760.0,766.0,0.0,0.0,,timeout,0.0,1068,10.68,21,9.04776310231351,10.680000000000291,2.913225216616411e-13,0.0,0,0,0.0,False
sparse_er_200_p05,0,200,1068,10.68,mean_deg,10.68,none,static_projected,0.0,ideal,zero,7,graph,50.0,50.0,0,1,1478,0.7737030982971191,0.04195427894592285,1,749.0,755.0,762.0,0.0,0.0,,timeout,0.0,1068,10.68,21,9.04776310231351,10.680000000000291,2.913225216616411e-13,0.0,0,0,0.0,False
sparse_er_200_p05,0,200,1068,10.68,mean_deg,10.68,none,static_projected,0.0,ideal,zero,8,graph,50.0,50.0,0,1,1718,0.8809523582458496,0.04125571250915527,1,757.0,760.0,761.0,0.0,0.0,,timeout,0.0,1068,10.68,21,9.04776310231351,10.680000000000291,2.913225216616411e-13,0.0,0,0,0.0,False
sparse_er_200_p05,0,200,1068,10.68,mean_deg,10.68,none,static_projected,0.0,ideal,zero,9,graph,50.0,50.0,0,1,1826,0.9467015266418457,0.029157161712646484,1,756.0,757.0,764.0,0.0,0.0,,timeout,0.0,1068,10.68,21,9.04776310231351,10.680000000000291,2.913225216616411e-13,0.0,0,0,0.0,False
sparse_er_200_p05,0,200,1068,10.68,mean_deg,10.68,none,static_budgeted,0.0,ideal,zero,0,graph,50.0,50.0,0,1,1646,0.8500955104827881,0.0395355224609375,1,747.0,757.0,761.0,0.0,0.0,,timeout,0.0,1057,10.57,21,9.057627552138536,10.680000000000085,8.526512829121202e-14,0.0,0,0,0.0,False
sparse_er_200_p05,0,200,1068,10.68,mean_deg,10.68,none,static_budgeted,0.0,ideal,zero,1,graph,50.0,50.0,0,1,1730,0.8540735244750977,0.026846885681152344,1,742.0,757.0,764.0,0.0,0.0,,timeout,0.0,1054,10.54,18,9.08136798687993,10.680000000000838,8.384404281969182e-13,0.0,0,0,0.0,False
sparse_er_200_p05,0,200,1068,10.68,mean_deg,10.68,none,static_budgeted,0.0,ideal,zero,2,graph,50.0,50.0,0,1,1466,0.7606978416442871,0.037682533264160156,1,749.0,762.0,763.0,0.0,0.0,,timeout,0.0,1060,10.6,20,9.055359330552568,10.680000000000822,8.22453216642316e-13,0.0,0,0,0.0,False
sparse_er_200_p05,0,200,1068,10.68,mean_deg,10.68,none,static_budgeted,0.0,ideal,zero,3,graph,50.0,50.0,0,1,1562,0.841270923614502,0.04558396339416504,1,743.0,757.0,759.0,0.0,0.0,,timeout,0.0,1059,10.59,21,9.067059479499799,10.680000000000225,2.255973186038318e-13,0.0,0,0,0.0,False
sparse_er_200_p05,0,200,1068,10.68,mean_deg,10.68,none,static_budgeted,0.0,ideal,zero,4,graph,50.0,50.0,0,1,1718,0.889561653137207,0.028745412826538086,1,740.0,759.0,759.0,0.0,0.0,,timeout,0.0,1050,10.5,19,9.074073366319444,10.68000000000011,1.1013412404281553e-13,0.0,0,0,0.0,False
sparse_er_200_p05,0,200,1068,10.68,mean_deg,10.68,none,static_budgeted,0.0,ideal,zero,5,graph,50.0,50.0,0,1,1586,0.8288671970367432,0.03468775749206543,1,733.0,759.0,765.0,0.0,0.0,,timeout,0.0,1052,10.52,19,9.0630420767972,10.680000000000213,2.1316282072803006e-13,0.0,0,0,0.0,False
sparse_er_200_p05,0,200,1068,10.68,mean_deg,10.68,none,static_budgeted,0.0,ideal,zero,6,graph,50.0,50.0,0,1,1658,0.8703739643096924,0.0399630069732666,1,741.0,763.0,765.0,0.0,0.0,,timeout,0.0,1059,10.59,20,9.060191318355873,10.680000000000382,3.8191672047105385e-13,0.0,0,0,0.0,False
sparse_er_200_p05,0,200,1068,10.68,mean_deg,10.68,none,static_budgeted,0.0,ideal,zero,7,graph,50.0,50.0,0,1,1694,0.8644402027130127,0.03216242790222168,1,751.0,755.0,760.0,0.0,0.0,,timeout,0.0,1057,10.57,19,9.055805216172395,10.680000000000827,8.277822871605167e-13,0.0,0,0,0.0,False
sparse_er_200_p05,0,200,1068,10.68,mean_deg,10.68,none,static_budgeted,0.0,ideal,zero,8,graph,50.0,50.0,0,1,1850,0.9054465293884277,0.03199172019958496,1,757.0,758.0,760.0,0.0,0.0,,timeout,0.0,1055,10.55,19,9.053321511015325,10.680000000000293,2.9309887850104133e-13,0.0,0,0,0.0,False
sparse_er_200_p05,0,200,1068,10.68,mean_deg,10.68,none,static_budgeted,0.0,ideal,zero,9,graph,50.0,50.0,0,1,1622,0.8399083614349365,0.029436349868774414,1,725.0,749.0,754.0,0.0,0.0,,timeout,0.0,1055,10.55,21,9.058531186217012,10.680000000000437,4.369837824924616e-13,0.0,0,0,0.0,False
sparse_er_200_p05,0,200,1068,10.68,mean_deg,10.68,none,random_budgeted,0.0,ideal,zero,0,graph,50.0,50.0,0,1,1178,0.5884747505187988,0.0018470287322998047,1,732.0,736.0,747.0,0.0,0.0,,timeout,0.0,1068,10.68,21,5.186479637092255,10.297652589456291,-0.3823474105437086,0.0,0,0,0.0,False
sparse_er_200_p05,0,200,1068,10.68,mean_deg,10.68,none,random_budgeted,0.0,ideal,zero,1,graph,50.0,50.0,0,1,1154,0.5563733577728271,0.0025992393493652344,1,719.0,748.0,757.0,0.0,0.0,,timeout,0.0,1068,10.68,21,5.331890273762144,9.56699619376875,-1.1130038062312497,0.0,0,0,0.0,False
sparse_er_200_p05,0,200,1068,10.68,mean_deg,10.68,none,random_budgeted,0.0,ideal,zero,2,graph,50.0,50.0,0,1,1010,0.49384069442749023,0.0027468204498291016,1,733.0,746.0,755.0,0.0,0.0,,timeout,0.0,1068,10.68,21,5.327336904897741,9.478615072690062,-1.2013849273099382,0.0,0,0,0.0,False
sparse_er_200_p05,0,200,1068,10.68,mean_deg,10.68,none,random_budgeted,0.0,ideal,zero,3,graph,50.0,50.0,0,1,1070,0.5281479358673096,0.003220796585083008,1,721.0,751.0,755.0,0.0,0.0,,timeout,0.0,1068,10.68,21,5.203513103097075,10.680000000000003,3.552713678800501e-15,0.0,0,0,0.0,False
sparse_er_200_p05,0,200,1068,10.68,mean_deg,10.68,none,random_budgeted,0.0,ideal,zero,4,graph,50.0,50.0,0,1,1322,0.6562461853027344,0.002485513687133789,1,732.0,743.0,753.0,0.0,0.0,,timeout,0.0,1068,10.68,21,5.319956784474009,10.586703208798962,-0.09329679120103762,0.0,0,0,0.0,False
sparse_er_200_p05,0,200,1068,10.68,mean_deg,10.68,none,random_budgeted,0.0,ideal,zero,5,graph,50.0,50.0,0,1,1250,0.616438627243042,0.0024924278259277344,1,734.0,741.0,753.0,0.0,0.0,,timeout,0.0,1068,10.68,21,5.296845903337459,10.134413354306737,-0.5455866456932625,0.0,0,0,0.0,False
sparse_er_200_p05,0,200,1068,10.68,mean_deg,10.68,none,random_budgeted,0.0,ideal,zero,6,graph,50.0,50.0,0,1,1286,0.629441499710083,0.0033528804779052734,1,723.0,756.0,762.0,0.0,0.0,,timeout,0.0,1068,10.68,21,5.272342898327545,10.68,0.0,0.0,0,0,0.0,False
sparse_er_200_p05,0,200,1068,10.68,mean_deg,10.68,none,random_budgeted,0.0,ideal,zero,7,graph,50.0,50.0,0,1,1226,0.6187949180603027,0.004972934722900391,1,722.0,742.0,756.0,0.0,0.0,,timeout,0.0,1068,10.68,21,5.261628288457432,10.679999999999998,-1.7763568394002505e-15,0.0,0,0,0.0,False
sparse_er_200_p05,0,200,1068,10.68,mean_deg,10.68,none,random_budgeted,0.0,ideal,zero,8,graph,50.0,50.0,0,1,1226,0.6020135879516602,0.004651069641113281,1,732.0,741.0,747.0,0.0,0.0,,timeout,0.0,1068,10.68,21,5.186673670765417,10.68,0.0,0.0,0,0,0.0,False
sparse_er_200_p05,0,200,1068,10.68,mean_deg,10.68,none,random_budgeted,0.0,ideal,zero,9,graph,50.0,50.0,0,1,1190,0.6031129360198975,0.004633665084838867,1,737.0,752.0,763.0,0.0,0.0,,timeout,0.0,1068,10.68,21,5.350637630775506,10.68,0.0,0.0,0,0,0.0,False
sparse_er_200_p05,0,200,1068,10.68,mean_deg,10.68,none,learned_support_random_weights,0.0,ideal,zero,0,hebbian_seed0,50.0,50.0,0,1,926,0.3573648929595947,0.0017278194427490234,1,700.0,700.0,734.0,0.0,0.0,,timeout,0.0,698,6.98,14,3.361411727338914,7.482240890031246,-3.1977591099687537,0.0,0,0,0.0,False
sparse_er_200_p05,0,200,1068,10.68,mean_deg,10.68,none,learned_support_random_weights,0.0,ideal,zero,1,hebbian_seed0,50.0,50.0,0,1,1154,0.4552345275878906,0.001766204833984375,1,700.0,700.0,734.0,0.0,0.0,,timeout,0.0,698,6.98,14,3.4576913173467494,5.993839323150496,-4.686160676849504,0.0,0,0,0.0,False
sparse_er_200_p05,0,200,1068,10.68,mean_deg,10.68,none,learned_support_random_weights,0.0,ideal,zero,2,hebbian_seed0,50.0,50.0,0,1,1046,0.40573930740356445,0.0026841163635253906,1,700.0,700.0,734.0,0.0,0.0,,timeout,0.0,698,6.98,14,3.4048898813010458,6.78968539402475,-3.8903146059752496,0.0,0,0,0.0,False
sparse_er_200_p05,0,200,1068,10.68,mean_deg,10.68,none,learned_support_random_weights,0.0,ideal,zero,3,hebbian_seed0,50.0,50.0,0,1,1106,0.4357154369354248,0.0018010139465332031,1,700.0,700.0,734.0,0.0,0.0,,timeout,0.0,698,6.98,14,3.44606886852005,8.318175717010865,-2.3618242829891347,0.0,0,0,0.0,False
sparse_er_200_p05,0,200,1068,10.68,mean_deg,10.68,none,learned_support_random_weights,0.0,ideal,zero,4,hebbian_seed0,50.0,50.0,0,1,1094,0.4296109676361084,0.0019834041595458984,1,700.0,700.0,734.0,0.0,0.0,,timeout,0.0,698,6.98,14,3.384742560070949,6.763085209888279,-3.9169147901117203,0.0,0,0,0.0,False
sparse_er_200_p05,0,200,1068,10.68,mean_deg,10.68,none,learned_support_random_weights,0.0,ideal,zero,5,hebbian_seed0,50.0,50.0,0,1,1070,0.42971324920654297,0.00305938720703125,1,700.0,700.0,734.0,0.0,0.0,,timeout,0.0,698,6.98,14,3.504146040140489,6.981733298292047,-3.6982667017079525,0.0,0,0,0.0,False
sparse_er_200_p05,0,200,1068,10.68,mean_deg,10.68,none,learned_support_random_weights,0.0,ideal,zero,6,hebbian_seed0,50.0,50.0,0,1,1034,0.40686535835266113,0.002027750015258789,1,700.0,700.0,734.0,0.0,0.0,,timeout,0.0,698,6.98,14,3.4753131465770593,6.285060264024605,-4.394939735975394,0.0,0,0,0.0,False
sparse_er_200_p05,0,200,1068,10.68,mean_deg,10.68,none,learned_support_random_weights,0.0,ideal,zero,7,hebbian_seed0,50.0,50.0,0,1,1070,0.4339613914489746,0.0018885135650634766,1,700.0,700.0,734.0,0.0,0.0,,timeout,0.0,698,6.98,14,3.4078158735983424,6.359371032662904,-4.320628967337096,0.0,0,0,0.0,False
sparse_er_200_p05,0,200,1068,10.68,mean_deg,10.68,none,learned_support_random_weights,0.0,ideal,zero,8,hebbian_seed0,50.0,50.0,0,1,1058,0.4178731441497803,0.001981496810913086,1,700.0,700.0,734.0,0.0,0.0,,timeout,0.0,698,6.98,14,3.4134285439416283,7.032400138660404,-3.6475998613395957,0.0,0,0,0.0,False
sparse_er_200_p05,0,200,1068,10.68,mean_deg,10.68,none,learned_support_random_weights,0.0,ideal,zero,9,hebbian_seed0,50.0,50.0,0,1,1178,0.4800591468811035,0.0028378963470458984,1,700.0,700.0,734.0,0.0,0.0,,timeout,0.0,698,6.98,14,3.5084230490324546,7.472314026931494,-3.2076859730685054,0.0,0,0,0.0,False
sparse_er_200_p05,0,200,1068,10.68,mean_deg,10.68,none,topology_scrambled,0.0,ideal,zero,0,graph,50.0,50.0,100,101,3020,41.852999687194824,40.528446674346924,101,566.0,566.0,722.0,0.0,0.0,,timeout,0.0,532,5.32,11,10.582645895496384,10.680000000000003,3.552713678800501e-15,0.0,0,0,-917.004886871102,False
sparse_er_200_p05,0,200,1068,10.68,mean_deg,10.68,none,topology_scrambled,0.0,ideal,zero,1,graph,50.0,50.0,100,101,3488,33.08921265602112,31.4778254032135,101,532.0,532.0,750.0,0.0,0.0,,timeout,0.0,598,5.98,12,10.46640000000002,10.680000000000359,3.588240815588506e-13,0.0,0,0,-927.2619400293185,False
sparse_er_200_p05,0,200,1068,10.68,mean_deg,10.68,none,topology_scrambled,0.0,ideal,zero,2,graph,50.0,50.0,100,101,3356,16.71131920814514,15.23878026008606,101,553.0,553.0,744.0,0.0,0.0,,timeout,0.0,613,6.13,11,10.423671963204809,10.680000000000573,5.737632591262809e-13,0.0,0,0,-929.3932539461795,False
sparse_er_200_p05,0,200,1068,10.68,mean_deg,10.68,none,topology_scrambled,0.0,ideal,zero,3,graph,50.0,50.0,100,101,3380,20.92580509185791,19.443819999694824,101,561.0,561.0,735.0,0.0,0.0,,timeout,0.0,593,5.93,11,10.2528000000002,10.680000000000856,8.562039965909207e-13,0.0,0,0,-910.9134250389299,False
sparse_er_200_p05,0,200,1068,10.68,mean_deg,10.68,none,topology_scrambled,0.0,ideal,zero,4,graph,50.0,50.0,100,101,3320,17.257866144180298,15.79987096786499,101,563.0,563.0,725.0,0.0,0.0,,timeout,0.0,554,5.54,10,10.422970105133631,10.68000000000096,9.610090501155355e-13,0.0,0,0,-914.6168084456058,False
sparse_er_200_p05,0,200,1068,10.68,mean_deg,10.68,none,topology_scrambled,0.0,ideal,zero,5,graph,50.0,50.0,100,101,3368,52.687514543533325,51.18519639968872,101,552.0,552.0,734.0,0.0,0.0,,timeout,0.0,618,6.18,13,10.528750302603333,10.680000000000001,1.7763568394002505e-15,0.0,0,0,-935.3754033076498,False
sparse_er_200_p05,0,200,1068,10.68,mean_deg,10.68,none,topology_scrambled,0.0,ideal,zero,6,graph,50.0,50.0,100,101,3068,26.253541231155396,24.910404205322266,101,549.0,549.0,722.0,0.0,0.0,,timeout,0.0,599,5.99,11,10.540449377289319,10.680000000000001,1.7763568394002505e-15,0.0,0,0,-932.3697681576753,False
sparse_er_200_p05,0,200,1068,10.68,mean_deg,10.68,none,topology_scrambled,0.0,ideal,zero,7,graph,50.0,50.0,100,101,3968,75.35174512863159,73.53686332702637,101,535.0,535.0,722.0,0.0,0.0,,timeout,0.0,610,6.1,11,10.615537644803203,10.680000000000003,3.552713678800501e-15,0.0,0,0,-938.5947993193533,False
sparse_er_200_p05,0,200,1068,10.68,mean_deg,10.68,none,topology_scrambled,0.0,ideal,zero,8,graph,50.0,50.0,100,101,3296,43.24073648452759,41.739805936813354,101,559.0,559.0,720.0,0.0,0.0,,timeout,0.0,601,6.01,12,10.646744380450011,10.680000000000001,1.7763568394002505e-15,0.0,0,0,-939.811359300114,False
sparse_er_200_p05,0,200,1068,10.68,mean_deg,10.68,none,topology_scrambled,0.0,ideal,zero,9,graph,50.0,50.0,100,101,3320,39.544623613357544,35.59102535247803,101,557.0,557.0,716.0,0.0,0.0,,timeout,0.0,603,6.03,12,10.527818868542273,10.68000000000096,9.610090501155355e-13,0.0,0,0,-931.572114839307,False
sparse_er_200_p05,0,200,1068,10.68,mean_deg,10.68,sinkhorn,hebbian_sinkhorn,0.0,ideal,zero,0,graph,50.0,50.0,100,100,2864,1.6493721008300781,0.0,0,699.0,699.0,724.0,0.0,0.0,,timeout,0.0,699,6.99,15,10.153491877316362,10.680000000000001,1.7763568394002505e-15,0.0,0,0,-930.9441394690623,False
sparse_er_200_p05,0,200,1068,10.68,mean_deg,10.68,sinkhorn,hebbian_sinkhorn,0.0,ideal,zero,1,graph,50.0,50.0,100,100,2900,1.6691789627075195,0.0,0,692.0,692.0,715.0,0.0,0.0,,timeout,0.0,692,6.92,12,10.138817473863714,10.680000000000001,1.7763568394002505e-15,0.0,0,0,-929.2634716102491,False
sparse_er_200_p05,0,200,1068,10.68,mean_deg,10.68,sinkhorn,hebbian_sinkhorn,0.0,ideal,zero,2,graph,50.0,50.0,100,100,2732,1.583998441696167,0.0,0,714.0,714.0,751.0,0.0,0.0,,timeout,0.0,714,7.14,13,10.123106260363445,10.680000000000001,1.7763568394002505e-15,0.0,0,0,-929.9962908679399,False
sparse_er_200_p05,0,200,1068,10.68,mean_deg,10.68,sinkhorn,hebbian_sinkhorn,0.0,ideal,zero,3,graph,50.0,50.0,100,100,2804,1.6214346885681152,0.0,0,677.0,677.0,719.0,0.0,0.0,,timeout,0.0,677,6.77,14,9.86333311636566,10.680000000000003,3.552713678800501e-15,0.0,0,0,-904.2507104055742,False
sparse_er_200_p05,0,200,1068,10.68,mean_deg,10.68,sinkhorn,hebbian_sinkhorn,0.0,ideal,zero,4,graph,50.0,50.0,100,100,3044,1.7281818389892578,0.0,0,693.0,693.0,738.0,0.0,0.0,,timeout,0.0,693,6.93,12,10.091063708765601,10.680000000000001,1.7763568394002505e-15,0.0,0,0,-923.7811680306681,False
sparse_er_200_p05,0,200,1068,10.68,mean_deg,10.68,sinkhorn,hebbian_sinkhorn,0.0,ideal,zero,5,graph,50.0,50.0,100,100,2708,1.6016719341278076,0.0,0,682.0,682.0,728.0,0.0,0.0,,timeout,0.0,682,6.82,12,10.177523770867353,10.680000000000001,1.7763568394002505e-15,0.0,0,0,-930.6352211448122,False
sparse_er_200_p05,0,200,1068,10.68,mean_deg,10.68,sinkhorn,hebbian_sinkhorn,0.0,ideal,zero,6,graph,50.0,50.0,100,100,2888,1.6169402599334717,0.0,0,706.0,706.0,737.0,0.0,0.0,,timeout,0.0,706,7.06,15,10.084949442641957,10.680000000000001,1.7763568394002505e-15,0.0,0,0,-923.6534585789635,False
sparse_er_200_p05,0,200,1068,10.68,mean_deg,10.68,sinkhorn,hebbian_sinkhorn,0.0,ideal,zero,7,graph,50.0,50.0,100,100,2948,1.7753262519836426,0.0,0,696.0,696.0,725.0,0.0,0.0,,timeout,0.0,696,6.96,16,10.102166545021106,10.680000000000001,1.7763568394002505e-15,0.0,0,9,-925.6480148706066,False
sparse_er_200_p05,0,200,1068,10.68,mean_deg,10.68,sinkhorn,hebbian_sinkhorn,0.0,ideal,zero,8,graph,50.0,50.0,100,100,2792,1.6137690544128418,0.0,0,704.0,704.0,733.0,0.0,0.0,,timeout,0.0,704,7.04,13,10.242532573102153,10.680000000000001,1.7763568394002505e-15,0.0,0,0,-939.1743312385023,False
sparse_er_200_p05,0,200,1068,10.68,mean_deg,10.68,sinkhorn,hebbian_sinkhorn,0.0,ideal,zero,9,graph,50.0,50.0,100,100,3140,1.7518770694732666,0.0,0,687.0,687.0,712.0,0.0,0.0,,timeout,0.0,687,6.87,13,10.019918142971614,10.680000000000001,1.7763568394002505e-15,0.0,0,0,-915.8541676123041,False
sparse_er_200_p05,0,200,1068,10.68,mean_deg,10.68,sinkhorn,hybrid_sinkhorn,0.0,ideal,zero,0,graph,50.0,50.0,100,100,4834,2.328305959701538,0.0,0,699.0,699.0,724.0,0.0,0.0,,timeout,0.0,699,6.99,15,10.153491877316362,10.680000000000001,1.7763568394002505e-15,0.0,0,0,-930.9441394690623,False
sparse_er_200_p05,0,200,1068,10.68,mean_deg,10.68,sinkhorn,hybrid_sinkhorn,0.0,ideal,zero,1,graph,50.0,50.0,100,100,4918,2.453076124191284,0.0,0,692.0,692.0,715.0,0.0,0.0,,timeout,0.0,692,6.92,12,10.138817473863714,10.680000000000001,1.7763568394002505e-15,0.0,0,0,-929.2634716102491,False
sparse_er_200_p05,0,200,1068,10.68,mean_deg,10.68,sinkhorn,hybrid_sinkhorn,0.0,ideal,zero,2,graph,50.0,50.0,100,100,4726,2.3258442878723145,0.0,0,714.0,714.0,751.0,0.0,0.0,,timeout,0.0,714,7.14,13,10.123106260363445,10.680000000000001,1.7763568394002505e-15,0.0,0,0,-929.9962908679399,False
sparse_er_200_p05,0,200,1068,10.68,mean_deg,10.68,sinkhorn,hybrid_sinkhorn,0.0,ideal,zero,3,graph,50.0,50.0,100,100,4774,4.928000450134277,0.0,0,677.0,677.0,719.0,0.0,0.0,,timeout,0.0,677,6.77,14,9.86333311636566,10.680000000000003,3.552713678800501e-15,0.0,0,0,-904.2507104055742,False
sparse_er_200_p05,0,200,1068,10.68,mean_deg,10.68,sinkhorn,hybrid_sinkhorn,0.0,ideal,zero,4,graph,50.0,50.0,100,100,5002,2.4381790161132812,0.0,0,693.0,693.0,738.0,0.0,0.0,,timeout,0.0,693,6.93,12,10.091063708765601,10.680000000000001,1.7763568394002505e-15,0.0,0,0,-923.7811680306681,False
sparse_er_200_p05,0,200,1068,10.68,mean_deg,10.68,sinkhorn,hybrid_sinkhorn,0.0,ideal,zero,5,graph,50.0,50.0,100,100,4678,2.3530986309051514,0.0,0,682.0,682.0,728.0,0.0,0.0,,timeout,0.0,682,6.82,12,10.177523770867353,10.680000000000001,1.7763568394002505e-15,0.0,0,0,-930.6352211448122,False
sparse_er_200_p05,0,200,1068,10.68,mean_deg,10.68,sinkhorn,hybrid_sinkhorn,0.0,ideal,zero,6,graph,50.0,50.0,100,100,4834,2.3978652954101562,0.0,0,706.0,706.0,737.0,0.0,0.0,,timeout,0.0,706,7.06,15,10.084949442641957,10.680000000000001,1.7763568394002505e-15,0.0,0,0,-923.6534585789635,False
sparse_er_200_p05,0,200,1068,10.68,mean_deg,10.68,sinkhorn,hybrid_sinkhorn,0.0,ideal,zero,7,graph,50.0,50.0,100,100,4918,2.5031049251556396,0.0,0,696.0,696.0,725.0,0.0,0.0,,timeout,0.0,696,6.96,16,10.102166545021106,10.680000000000001,1.7763568394002505e-15,0.0,0,9,-925.6480148706066,False
sparse_er_200_p05,0,200,1068,10.68,mean_deg,10.68,sinkhorn,hybrid_sinkhorn,0.0,ideal,zero,8,graph,50.0,50.0,100,100,4798,2.285627841949463,0.0,0,704.0,704.0,733.0,0.0,0.0,,timeout,0.0,704,7.04,13,10.242532573102153,10.680000000000001,1.7763568394002505e-15,0.0,0,0,-939.1743312385023,False
sparse_er_200_p05,0,200,1068,10.68,mean_deg,10.68,sinkhorn,hybrid_sinkhorn,0.0,ideal,zero,9,graph,50.0,50.0,100,100,5098,2.3724403381347656,0.0,0,687.0,687.0,712.0,0.0,0.0,,timeout,0.0,687,6.87,13,10.019918142971614,10.680000000000001,1.7763568394002505e-15,0.0,0,0,-915.8541676123041,False
sparse_er_200_p05,0,200,1068,10.68,mean_deg,10.68,frobenius,hebbian_frobenius,0.0,ideal,zero,0,graph,50.0,50.0,100,101,3296,34.77346348762512,32.343698501586914,101,700.0,700.0,734.0,0.0,0.0,,timeout,0.0,698,6.98,14,10.573199999999906,10.680000000000595,5.950795411990839e-13,0.0,0,0,-961.4486366166559,False
sparse_er_200_p05,0,200,1068,10.68,mean_deg,10.68,frobenius,hebbian_frobenius,0.0,ideal,zero,1,graph,50.0,50.0,100,101,3932,73.0494921207428,71.40551352500916,101,689.0,689.0,726.0,0.0,0.0,,timeout,0.0,687,6.87,12,10.679999999999414,10.680000000000438,4.3876013933186186e-13,0.0,0,0,-962.2652452579329,False
sparse_er_200_p05,0,200,1068,10.68,mean_deg,10.68,frobenius,hebbian_frobenius,0.0,ideal,zero,2,graph,50.0,50.0,100,101,3296,27.807603359222412,26.462215662002563,101,698.0,698.0,740.0,0.0,0.0,,timeout,0.0,698,6.98,13,10.573199999999975,10.680000000000001,1.7763568394002505e-15,0.0,0,0,-958.922932775666,False
sparse_er_200_p05,0,200,1068,10.68,mean_deg,10.68,frobenius,hebbian_frobenius,0.0,ideal,zero,3,graph,50.0,50.0,100,101,3284,30.528937101364136,29.153488636016846,101,678.0,678.0,717.0,0.0,0.0,,timeout,0.0,668,6.68,11,10.5732,10.680000000000001,1.7763568394002505e-15,0.0,0,0,-952.7798585180967,False
sparse_er_200_p05,0,200,1068,10.68,mean_deg,10.68,frobenius,hebbian_frobenius,0.0,ideal,zero,4,graph,50.0,50.0,100,101,3968,62.085360050201416,60.360602617263794,101,696.0,696.0,722.0,0.0,0.0,,timeout,0.0,695,6.95,13,10.679999999999879,10.680000000000907,9.07718344933528e-13,0.0,0,0,-965.2674797403322,False
sparse_er_200_p05,0,200,1068,10.68,mean_deg,10.68,frobenius,hebbian_frobenius,0.0,ideal,zero,5,graph,50.0,50.0,100,101,3380,38.89871144294739,37.49297308921814,101,685.0,685.0,734.0,0.0,0.0,,timeout,0.0,682,6.82,12,10.679999999999964,10.680000000000508,5.080380560684716e-13,0.0,0,0,-965.4339882426646,False
sparse_er_200_p05,0,200,1068,10.68,mean_deg,10.68,frobenius,hebbian_frobenius,0.0,ideal,zero,6,graph,50.0,50.0,100,101,3752,80.49095845222473,78.80108284950256,101,698.0,698.0,742.0,0.0,0.0,,timeout,0.0,693,6.93,14,10.666845521755008,10.680000000000003,3.552713678800501e-15,0.0,0,0,-963.0435761937414,False
sparse_er_200_p05,0,200,1068,10.68,mean_deg,10.68,frobenius,hebbian_frobenius,0.0,ideal,zero,7,graph,50.0,50.0,100,101,4124,68.87810516357422,66.82183814048767,101,668.0,690.0,717.0,0.0,0.0,,timeout,0.0,541,5.41,9,10.678407824476594,10.680000000000003,3.552713678800501e-15,0.0,0,0,-909.7092344040378,False
sparse_er_200_p05,0,200,1068,10.68,mean_deg,10.68,frobenius,hebbian_frobenius,0.0,ideal,zero,8,graph,50.0,50.0,100,101,3260,17.203893184661865,15.900967597961426,101,706.0,706.0,734.0,0.0,0.0,,timeout,0.0,705,7.05,13,10.679999999999763,10.680000000000001,1.7763568394002505e-15,0.0,0,0,-970.413402335125,False
sparse_er_200_p05,0,200,1068,10.68,mean_deg,10.68,frobenius,hebbian_frobenius,0.0,ideal,zero,9,graph,50.0,50.0,100,101,3548,57.63627052307129,56.15446758270264,101,679.0,679.0,713.0,0.0,0.0,,timeout,0.0,676,6.76,12,10.673703574264943,10.680000000000001,1.7763568394002505e-15,0.0,0,0,-958.5912861841408,False
sparse_er_200_p05,0,200,1068,10.68,mean_deg,10.68,frobenius,hybrid_frobenius,0.0,ideal,zero,0,graph,50.0,50.0,100,101,5302,36.47248291969299,34.295531034469604,101,700.0,700.0,734.0,0.0,0.0,,timeout,0.0,698,6.98,14,10.573199999999906,10.680000000000595,5.950795411990839e-13,0.0,0,0,-961.4486366166559,False
sparse_er_200_p05,0,200,1068,10.68,mean_deg,10.68,frobenius,hybrid_frobenius,0.0,ideal,zero,1,graph,50.0,50.0,100,101,5938,79.288419008255,74.27645635604858,101,689.0,689.0,726.0,0.0,0.0,,timeout,0.0,687,6.87,12,10.679999999999414,10.680000000000438,4.3876013933186186e-13,0.0,0,0,-962.2652452579329,False
sparse_er_200_p05,0,200,1068,10.68,mean_deg,10.68,frobenius,hybrid_frobenius,0.0,ideal,zero,2,graph,50.0,50.0,100,101,5302,30.022539138793945,25.153488636016846,101,698.0,698.0,740.0,0.0,0.0,,timeout,0.0,698,6.98,13,10.573199999999975,10.680000000000001,1.7763568394002505e-15,0.0,0,0,-958.922932775666,False
sparse_er_200_p05,0,200,1068,10.68,mean_deg,10.68,frobenius,hybrid_frobenius,0.0,ideal,zero,3,graph,50.0,50.0,100,101,5302,29.720645666122437,27.554063081741333,101,678.0,678.0,717.0,0.0,0.0,,timeout,0.0,668,6.68,11,10.5732,10.680000000000001,1.7763568394002505e-15,0.0,0,0,-952.7798585180967,False
sparse_er_200_p05,0,200,1068,10.68,mean_deg,10.68,frobenius,hybrid_frobenius,0.0,ideal,zero,4,graph,50.0,50.0,100,101,6022,68.81635999679565,60.9521279335022,101,696.0,696.0,722.0,0.0,0.0,,timeout,0.0,695,6.95,13,10.679999999999879,10.680000000000907,9.07718344933528e-13,0.0,0,0,-965.2674797403322,False
sparse_er_200_p05,0,200,1068,10.68,mean_deg,10.68,frobenius,hybrid_frobenius,0.0,ideal,zero,5,graph,50.0,50.0,100,101,5410,40.984639167785645,38.79499864578247,101,685.0,685.0,734.0,0.0,0.0,,timeout,0.0,682,6.82,12,10.679999999999964,10.680000000000508,5.080380560684716e-13,0.0,0,0,-965.4339882426646,False
sparse_er_200_p05,0,200,1068,10.68,mean_deg,10.68,frobenius,hybrid_frobenius,0.0,ideal,zero,6,graph,50.0,50.0,100,101,5782,81.96881628036499,79.50705122947693,101,698.0,698.0,742.0,0.0,0.0,,timeout,0.0,693,6.93,14,10.666845521755008,10.680000000000003,3.552713678800501e-15,0.0,0,0,-963.0435761937414,False
sparse_er_200_p05,0,200,1068,10.68,mean_deg,10.68,frobenius,hybrid_frobenius,0.0,ideal,zero,7,graph,50.0,50.0,100,101,6166,74.66335344314575,71.58919548988342,101,676.0,693.0,715.0,0.0,0.0,,timeout,0.0,541,5.41,9,10.678407824476594,10.680000000000003,3.552713678800501e-15,0.0,0,0,-909.7092344040378,False
sparse_er_200_p05,0,200,1068,10.68,mean_deg,10.68,frobenius,hybrid_frobenius,0.0,ideal,zero,8,graph,50.0,50.0,100,101,5266,18.547879934310913,16.50455641746521,101,706.0,706.0,734.0,0.0,0.0,,timeout,0.0,705,7.05,13,10.679999999999763,10.680000000000001,1.7763568394002505e-15,0.0,0,0,-970.413402335125,False
sparse_er_200_p05,0,200,1068,10.68,mean_deg,10.68,frobenius,hybrid_frobenius,0.0,ideal,zero,9,graph,50.0,50.0,100,101,5554,60.8669695854187,58.605122804641724,101,679.0,679.0,713.0,0.0,0.0,,timeout,0.0,676,6.76,12,10.673703574264943,10.680000000000001,1.7763568394002505e-15,0.0,0,0,-958.5912861841408,False
sparse_er_200_p05,0,200,1068,10.68,mean_deg,10.68,none,sdp_gw,0.0,ideal,zero,0,graph,50.0,50.0,0,0,0,468.9141845703125,0.0,0,754.0,754.0,754.0,811.5955442709039,754.0,,timeout,0.0,0,0.0,0,0.0,0.0,0.0,0.0,0,0,0.0,False
sparse_er_200_p05,1,200,1025,10.25,half_mean_deg,5.125,none,static,0.0,ideal,zero,0,graph,50.0,50.0,0,0,2162,1.1121914386749268,0.0,0,714.0,734.0,735.0,0.0,0.0,,timeout,0.0,1025,10.25,21,10.25,21.0,15.875,0.0,0,0,0.0,False
sparse_er_200_p05,1,200,1025,10.25,half_mean_deg,5.125,none,static,0.0,ideal,zero,1,graph,50.0,50.0,0,0,1922,0.9750957489013672,0.0,0,714.0,727.0,732.0,0.0,0.0,,timeout,0.0,1025,10.25,21,10.25,21.0,15.875,0.0,0,0,0.0,False
sparse_er_200_p05,1,200,1025,10.25,half_mean_deg,5.125,none,static,0.0,ideal,zero,2,graph,50.0,50.0,0,0,1802,0.9180660247802734,0.0,0,721.0,726.0,730.0,0.0,0.0,,timeout,0.0,1025,10.25,21,10.25,21.0,15.875,0.0,0,0,0.0,False
sparse_er_200_p05,1,200,1025,10.25,half_mean_deg,5.125,none,static,0.0,ideal,zero,3,graph,50.0,50.0,0,0,1850,0.923504114151001,0.0,0,715.0,730.0,732.0,0.0,0.0,,timeout,0.0,1025,10.25,21,10.25,21.0,15.875,0.0,0,0,0.0,False
sparse_er_200_p05,1,200,1025,10.25,half_mean_deg,5.125,none,static,0.0,ideal,zero,4,graph,50.0,50.0,0,0,2006,1.005688190460205,0.0,0,718.0,728.0,733.0,0.0,0.0,,timeout,0.0,1025,10.25,21,10.25,21.0,15.875,0.0,0,0,0.0,False
sparse_er_200_p05,1,200,1025,10.25,half_mean_deg,5.125,none,static,0.0,ideal,zero,5,graph,50.0,50.0,0,0,1790,0.9062058925628662,0.0,0,716.0,731.0,732.0,0.0,0.0,,timeout,0.0,1025,10.25,21,10.25,21.0,15.875,0.0,0,0,0.0,False
sparse_er_200_p05,1,200,1025,10.25,half_mean_deg,5.125,none,static,0.0,ideal,zero,6,graph,50.0,50.0,0,0,1826,0.9349071979522705,0.0,0,704.0,730.0,735.0,0.0,0.0,,timeout,0.0,1025,10.25,21,10.25,21.0,15.875,0.0,0,0,0.0,False
sparse_er_200_p05,1,200,1025,10.25,half_mean_deg,5.125,none,static,0.0,ideal,zero,7,graph,50.0,50.0,0,0,1790,0.9184393882751465,0.0,0,724.0,726.0,729.0,0.0,0.0,,timeout,0.0,1025,10.25,21,10.25,21.0,15.875,0.0,0,0,0.0,False
sparse_er_200_p05,1,200,1025,10.25,half_mean_deg,5.125,none,static,0.0,ideal,zero,8,graph,50.0,50.0,0,0,1970,3.7024927139282227,0.0,0,719.0,727.0,732.0,0.0,0.0,,timeout,0.0,1025,10.25,21,10.25,21.0,15.875,0.0,0,0,0.0,False
sparse_er_200_p05,1,200,1025,10.25,half_mean_deg,5.125,none,static,0.0,ideal,zero,9,graph,50.0,50.0,0,0,2102,1.0851075649261475,0.0,0,718.0,729.0,735.0,0.0,0.0,,timeout,0.0,1025,10.25,21,10.25,21.0,15.875,0.0,0,0,0.0,False
sparse_er_200_p05,1,200,1025,10.25,half_mean_deg,5.125,none,random_rounding,0.0,ideal,zero,0,graph,50.0,50.0,0,0,2162,1.0867233276367188,0.0,0,714.0,734.0,735.0,0.0,0.0,,timeout,0.0,1025,10.25,21,10.25,21.0,15.875,0.0,0,0,0.0,False
sparse_er_200_p05,1,200,1025,10.25,half_mean_deg,5.125,none,random_rounding,0.0,ideal,zero,1,graph,50.0,50.0,0,0,1922,0.9860880374908447,0.0,0,714.0,727.0,732.0,0.0,0.0,,timeout,0.0,1025,10.25,21,10.25,21.0,15.875,0.0,0,0,0.0,False
sparse_er_200_p05,1,200,1025,10.25,half_mean_deg,5.125,none,random_rounding,0.0,ideal,zero,2,graph,50.0,50.0,0,0,1802,0.9210212230682373,0.0,0,721.0,726.0,730.0,0.0,0.0,,timeout,0.0,1025,10.25,21,10.25,21.0,15.875,0.0,0,0,0.0,False
sparse_er_200_p05,1,200,1025,10.25,half_mean_deg,5.125,none,random_rounding,0.0,ideal,zero,3,graph,50.0,50.0,0,0,1850,0.9227015972137451,0.0,0,715.0,730.0,732.0,0.0,0.0,,timeout,0.0,1025,10.25,21,10.25,21.0,15.875,0.0,0,0,0.0,False
sparse_er_200_p05,1,200,1025,10.25,half_mean_deg,5.125,none,random_rounding,0.0,ideal,zero,4,graph,50.0,50.0,0,0,2006,1.0080680847167969,0.0,0,718.0,728.0,733.0,0.0,0.0,,timeout,0.0,1025,10.25,21,10.25,21.0,15.875,0.0,0,0,0.0,False
sparse_er_200_p05,1,200,1025,10.25,half_mean_deg,5.125,none,random_rounding,0.0,ideal,zero,5,graph,50.0,50.0,0,0,1790,0.8819379806518555,0.0,0,716.0,731.0,732.0,0.0,0.0,,timeout,0.0,1025,10.25,21,10.25,21.0,15.875,0.0,0,0,0.0,False
sparse_er_200_p05,1,200,1025,10.25,half_mean_deg,5.125,none,random_rounding,0.0,ideal,zero,6,graph,50.0,50.0,0,0,1826,0.9295299053192139,0.0,0,704.0,730.0,735.0,0.0,0.0,,timeout,0.0,1025,10.25,21,10.25,21.0,15.875,0.0,0,0,0.0,False
sparse_er_200_p05,1,200,1025,10.25,half_mean_deg,5.125,none,random_rounding,0.0,ideal,zero,7,graph,50.0,50.0,0,0,1790,0.9004788398742676,0.0,0,724.0,726.0,729.0,0.0,0.0,,timeout,0.0,1025,10.25,21,10.25,21.0,15.875,0.0,0,0,0.0,False
sparse_er_200_p05,1,200,1025,10.25,half_mean_deg,5.125,none,random_rounding,0.0,ideal,zero,8,graph,50.0,50.0,0,0,1970,0.9710032939910889,0.0,0,719.0,727.0,732.0,0.0,0.0,,timeout,0.0,1025,10.25,21,10.25,21.0,15.875,0.0,0,0,0.0,False
sparse_er_200_p05,1,200,1025,10.25,half_mean_deg,5.125,none,random_rounding,0.0,ideal,zero,9,graph,50.0,50.0,0,0,2102,1.0634639263153076,0.0,0,718.0,729.0,735.0,0.0,0.0,,timeout,0.0,1025,10.25,21,10.25,21.0,15.875,0.0,0,0,0.0,False
sparse_er_200_p05,1,200,1025,10.25,half_mean_deg,5.125,none,greedy,0.0,ideal,zero,0,graph,50.0,50.0,0,0,0,0.0005993843078613281,0.0,0,688.0,688.0,688.0,0.0,0.0,,timeout,0.0,0,0.0,0,0.0,0.0,0.0,0.0,0,0,0.0,False
sparse_er_200_p05,1,200,1025,10.25,half_mean_deg,5.125,none,greedy,0.0,ideal,zero,1,graph,50.0,50.0,0,0,0,0.0005748271942138672,0.0,0,705.0,705.0,705.0,0.0,0.0,,timeout,0.0,0,0.0,0,0.0,0.0,0.0,0.0,0,0,0.0,False
sparse_er_200_p05,1,200,1025,10.25,half_mean_deg,5.125,none,greedy,0.0,ideal,zero,2,graph,50.0,50.0,0,0,0,0.0004951953887939453,0.0,0,702.0,702.0,702.0,0.0,0.0,,timeout,0.0,0,0.0,0,0.0,0.0,0.0,0.0,0,0,0.0,False
sparse_er_200_p05,1,200,1025,10.25,half_mean_deg,5.125,none,greedy,0.0,ideal,zero,3,graph,50.0,50.0,0,0,0,0.0006000995635986328,0.0,0,710.0,710.0,710.0,0.0,0.0,,timeout,0.0,0,0.0,0,0.0,0.0,0.0,0.0,0,0,0.0,False
sparse_er_200_p05,1,200,1025,10.25,half_mean_deg,5.125,none,greedy,0.0,ideal,zero,4,graph,50.0,50.0,0,0,0,0.0005743503570556641,0.0,0,689.0,689.0,689.0,0.0,0.0,,timeout,0.0,0,0.0,0,0.0,0.0,0.0,0.0,0,0,0.0,False
sparse_er_200_p05,1,200,1025,10.25,half_mean_deg,5.125,none,greedy,0.0,ideal,zero,5,graph,50.0,50.0,0,0,0,0.0005052089691162109,0.0,0,714.0,714.0,714.0,0.0,0.0,,timeout,0.0,0,0.0,0,0.0,0.0,0.0,0.0,0,0,0.0,False
sparse_er_200_p05,1,200,1025,10.25,half_mean_deg,5.125,none,greedy,0.0,ideal,zero,6,graph,50.0,50.0,0,0,0,0.0005049705505371094,0.0,0,698.0,698.0,698.0,0.0,0.0,,timeout,0.0,0,0.0,0,0.0,0.0,0.0,0.0,0,0,0.0,False
sparse_er_200_p05,1,200,1025,10.25,half_mean_deg,5.125,none,greedy,0.0,ideal,zero,7,graph,50.0,50.0,0,0,0,0.0005505084991455078,0.0,0,696.0,696.0,696.0,0.0,0.0,,timeout,0.0,0,0.0,0,0.0,0.0,0.0,0.0,0,0,0.0,False
sparse_er_200_p05,1,200,1025,10.25,half_mean_deg,5.125,none,greedy,0.0,ideal,zero,8,graph,50.0,50.0,0,0,0,0.0005939006805419922,0.0,0,708.0,708.0,708.0,0.0,0.0,,timeout,0.0,0,0.0,0,0.0,0.0,0.0,0.0,0,0,0.0,False
sparse_er_200_p05,1,200,1025,10.25,half_mean_deg,5.125,none,greedy,0.0,ideal,zero,9,graph,50.0,50.0,0,0,0,0.0005958080291748047,0.0,0,710.0,710.0,710.0,0.0,0.0,,timeout,0.0,0,0.0,0,0.0,0.0,0.0,0.0,0,0,0.0,False
sparse_er_200_p05,1,200,1025,10.25,half_mean_deg,5.125,none,static_projected,0.0,ideal,zero,0,graph,50.0,50.0,0,1,998,0.5597293376922607,0.07220816612243652,1,710.0,720.0,728.0,0.0,0.0,,timeout,0.0,1024,10.24,21,4.94651536923853,5.125000000000002,1.7763568394002505e-15,0.0,0,0,0.0,False
sparse_er_200_p05,1,200,1025,10.25,half_mean_deg,5.125,none,static_projected,0.0,ideal,zero,1,graph,50.0,50.0,0,1,1010,0.5673894882202148,0.08441305160522461,1,712.0,722.0,725.0,0.0,0.0,,timeout,0.0,1024,10.24,21,4.94651536923853,5.125000000000002,1.7763568394002505e-15,0.0,0,0,0.0,False
sparse_er_200_p05,1,200,1025,10.25,half_mean_deg,5.125,none,static_projected,0.0,ideal,zero,2,graph,50.0,50.0,0,1,1034,0.5693075656890869,0.07071447372436523,1,714.0,722.0,730.0,0.0,0.0,,timeout,0.0,1024,10.24,21,4.94651536923853,5.125000000000002,1.7763568394002505e-15,0.0,0,0,0.0,False
sparse_er_200_p05,1,200,1025,10.25,half_mean_deg,5.125,none,static_projected,0.0,ideal,zero,3,graph,50.0,50.0,0,1,1070,0.6021919250488281,0.08427691459655762,1,714.0,721.0,728.0,0.0,0.0,,timeout,0.0,1024,10.24,21,4.94651536923853,5.125000000000002,1.7763568394002505e-15,0.0,0,0,0.0,False
sparse_er_200_p05,1,200,1025,10.25,half_mean_deg,5.125,none,static_projected,0.0,ideal,zero,4,graph,50.0,50.0,0,1,1118,0.6093368530273438,0.05463361740112305,1,719.0,725.0,731.0,0.0,0.0,,timeout,0.0,1024,10.24,21,4.94651536923853,5.125000000000002,1.7763568394002505e-15,0.0,0,0,0.0,False
sparse_er_200_p05,1,200,1025,10.25,half_mean_deg,5.125,none,static_projected,0.0,ideal,zero,5,graph,50.0,50.0,0,1,1034,0.569450855255127,0.06649231910705566,1,709.0,722.0,728.0,0.0,0.0,,timeout,0.0,1024,10.24,21,4.94651536923853,5.125000000000002,1.7763568394002505e-15,0.0,0,0,0.0,False
sparse_er_200_p05,1,200,1025,10.25,half_mean_deg,5.125,none,static_projected,0.0,ideal,zero,6,graph,50.0,50.0,0,1,1022,0.562450647354126,0.0733189582824707,1,704.0,727.0,731.0,0.0,0.0,,timeout,0.0,1024,10.24,21,4.94651536923853,5.125000000000002,1.7763568394002505e-15,0.0,0,0,0.0,False
sparse_er_200_p05,1,200,1025,10.25,half_mean_deg,5.125,none,static_projected,0.0,ideal,zero,7,graph,50.0,50.0,0,1,1058,0.5869007110595703,0.07581496238708496,1,719.0,729.0,732.0,0.0,0.0,,timeout,0.0,1024,10.24,21,4.94651536923853,5.125000000000002,1.7763568394002505e-15,0.0,0,0,0.0,False
sparse_er_200_p05,1,200,1025,10.25,half_mean_deg,5.125,none,static_projected,0.0,ideal,zero,8,graph,50.0,50.0,0,1,1082,0.5952877998352051,0.07139754295349121,1,702.0,722.0,731.0,0.0,0.0,,timeout,0.0,1024,10.24,21,4.94651536923853,5.125000000000002,1.7763568394002505e-15,0.0,0,0,0.0,False
sparse_er_200_p05,1,200,1025,10.25,half_mean_deg,5.125,none,static_projected,0.0,ideal,zero,9,graph,50.0,50.0,0,1,1118,0.6386480331420898,0.07433462142944336,1,714.0,719.0,728.0,0.0,0.0,,timeout,0.0,1024,10.24,21,4.94651536923853,5.125000000000002,1.7763568394002505e-15,0.0,0,0,0.0,False
sparse_er_200_p05,1,200,1025,10.25,half_mean_deg,5.125,none,static_budgeted,0.0,ideal,zero,0,graph,50.0,50.0,0,1,1034,0.5838310718536377,0.08117294311523438,1,686.0,701.0,709.0,0.0,0.0,,timeout,0.0,748,7.48,15,4.840866492514809,5.1250000000009415,9.414691248821327e-13,0.0,0,0,0.0,False
sparse_er_200_p05,1,200,1025,10.25,half_mean_deg,5.125,none,static_budgeted,0.0,ideal,zero,1,graph,50.0,50.0,0,1,1010,0.5599355697631836,0.06645846366882324,1,677.0,685.0,698.0,0.0,0.0,,timeout,0.0,753,7.53,15,4.8609742326229926,5.125000000000726,7.256417688950023e-13,0.0,0,0,0.0,False
sparse_er_200_p05,1,200,1025,10.25,half_mean_deg,5.125,none,static_budgeted,0.0,ideal,zero,2,graph,50.0,50.0,0,1,1082,0.6005189418792725,0.07007265090942383,1,680.0,716.0,731.0,0.0,0.0,,timeout,0.0,753,7.53,14,4.867963986667004,5.125000000000001,8.881784197001252e-16,0.0,0,0,0.0,False
sparse_er_200_p05,1,200,1025,10.25,half_mean_deg,5.125,none,static_budgeted,0.0,ideal,zero,3,graph,50.0,50.0,0,1,1094,0.587921142578125,0.06028580665588379,1,678.0,696.0,722.0,0.0,0.0,,timeout,0.0,747,7.47,15,4.827181972049917,5.125000000000001,8.881784197001252e-16,0.0,0,0,0.0,False
sparse_er_200_p05,1,200,1025,10.25,half_mean_deg,5.125,none,static_budgeted,0.0,ideal,zero,4,graph,50.0,50.0,0,1,1094,0.5869708061218262,0.055405616760253906,1,670.0,689.0,710.0,0.0,0.0,,timeout,0.0,755,7.55,14,4.878920891482337,5.125000000000001,8.881784197001252e-16,0.0,0,0,0.0,False
sparse_er_200_p05,1,200,1025,10.25,half_mean_deg,5.125,none,static_budgeted,0.0,ideal,zero,5,graph,50.0,50.0,0,1,1178,0.6727280616760254,0.06508469581604004,1,673.0,695.0,727.0,0.0,0.0,,timeout,0.0,754,7.54,16,4.826902575388594,5.125000000000001,8.881784197001252e-16,0.0,0,0,0.0,False
sparse_er_200_p05,1,200,1025,10.25,half_mean_deg,5.125,none,static_budgeted,0.0,ideal,zero,6,graph,50.0,50.0,0,1,1118,0.6233212947845459,0.06614828109741211,1,682.0,692.0,715.0,0.0,0.0,,timeout,0.0,756,7.56,17,4.922224391705329,5.125000000000001,8.881784197001252e-16,0.0,0,0,0.0,False
sparse_er_200_p05,1,200,1025,10.25,half_mean_deg,5.125,none,static_budgeted,0.0,ideal,zero,7,graph,50.0,50.0,0,1,1262,0.7002034187316895,0.06684303283691406,1,694.0,695.0,711.0,0.0,0.0,,timeout,0.0,735,7.35,16,4.824535421521796,5.125000000000002,1.7763568394002505e-15,0.0,0,0,0.0,False
sparse_er_200_p05,1,200,1025,10.25,half_mean_deg,5.125,none,static_budgeted,0.0,ideal,zero,8,graph,50.0,50.0,0,1,1070,0.6012117862701416,0.0596771240234375,1,684.0,697.0,706.0,0.0,0.0,,timeout,0.0,745,7.45,15,4.816101926810301,5.125000000000001,8.881784197001252e-16,0.0,0,0,0.0,False
sparse_er_200_p05,1,200,1025,10.25,half_mean_deg,5.125,none,static_budgeted,0.0,ideal,zero,9,graph,50.0,50.0,0,1,1094,0.6301872730255127,0.07480692863464355,1,658.0,689.0,710.0,0.0,0.0,,timeout,0.0,751,7.51,16,4.829517215818267,5.125000000000001,8.881784197001252e-16,0.0,0,0,0.0,False
sparse_er_200_p05,1,200,1025,10.25,half_mean_deg,5.125,none,random_budgeted,0.0,ideal,zero,0,graph,50.0,50.0,0,1,986,0.5428953170776367,0.03743433952331543,1,695.0,703.0,715.0,0.0,0.0,,timeout,0.0,999,9.99,18,4.168630164717334,5.125000000000177,1.7674750552032492e-13,0.0,0,0,0.0,False
sparse_er_200_p05,1,200,1025,10.25,half_mean_deg,5.125,none,random_budgeted,0.0,ideal,zero,1,graph,50.0,50.0,0,1,938,0.4863429069519043,0.029067277908325195,1,701.0,710.0,717.0,0.0,0.0,,timeout,0.0,1000,10.0,18,4.162280763435543,5.125000000000832,8.322231792590173e-13,0.0,0,0,0.0,False
sparse_er_200_p05,1,200,1025,10.25,half_mean_deg,5.125,none,random_budgeted,0.0,ideal,zero,2,graph,50.0,50.0,0,1,926,0.498185396194458,0.03124547004699707,1,699.0,713.0,723.0,0.0,0.0,,timeout,0.0,1007,10.07,19,4.151722041065438,5.1250000000004245,4.2454928461665986e-13,0.0,0,0,0.0,False
sparse_er_200_p05,1,200,1025,10.25,half_mean_deg,5.125,none,random_budgeted,0.0,ideal,zero,3,graph,50.0,50.0,0,1,1010,0.532524585723877,0.029343843460083008,1,713.0,713.0,724.0,0.0,0.0,,timeout,0.0,1003,10.03,19,4.192745738617728,5.125000000000723,7.229772336359019e-13,0.0,0,0,0.0,False
sparse_er_200_p05,1,200,1025,10.25,half_mean_deg,5.125,none,random_budgeted,0.0,ideal,zero,4,graph,50.0,50.0,0,1,878,0.465256929397583,0.0280301570892334,1,691.0,723.0,732.0,0.0,0.0,,timeout,0.0,1006,10.06,18,4.175503004947053,5.12500000000024,2.398081733190338e-13,0.0,0,0,0.0,False
sparse_er_200_p05,1,200,1025,10.25,half_mean_deg,5.125,none,random_budgeted,0.0,ideal,zero,5,graph,50.0,50.0,0,1,878,0.48410868644714355,0.035317182540893555,1,693.0,717.0,725.0,0.0,0.0,,timeout,0.0,999,9.99,18,4.194481053945526,5.125,0.0,0.0,0,0,0.0,False
sparse_er_200_p05,1,200,1025,10.25,half_mean_deg,5.125,none,random_budgeted,0.0,ideal,zero,6,graph,50.0,50.0,0,1,914,0.48329734802246094,0.02989673614501953,1,694.0,714.0,727.0,0.0,0.0,,timeout,0.0,998,9.98,19,4.105493363750655,5.125000000000327,3.268496584496461e-13,0.0,0,0,0.0,False
sparse_er_200_p05,1,200,1025,10.25,half_mean_deg,5.125,none,random_budgeted,0.0,ideal,zero,7,graph,50.0,50.0,0,1,986,0.5484693050384521,0.04876422882080078,1,709.0,710.0,719.0,0.0,0.0,,timeout,0.0,995,9.95,17,4.214218701736397,5.125000000000186,1.8562928971732617e-13,0.0,0,0,0.0,False
sparse_er_200_p05,1,200,1025,10.25,half_mean_deg,5.125,none,random_budgeted,0.0,ideal,zero,8,graph,50.0,50.0,0,1,938,0.5122675895690918,0.03635811805725098,1,694.0,704.0,712.0,0.0,0.0,,timeout,0.0,994,9.94,19,4.135119497708818,5.125000000000586,5.861977570020827e-13,0.0,0,0,0.0,False
sparse_er_200_p05,1,200,1025,10.25,half_mean_deg,5.125,none,random_budgeted,0.0,ideal,zero,9,graph,50.0,50.0,0,1,1010,0.532745361328125,0.031043052673339844,1,693.0,700.0,710.0,0.0,0.0,,timeout,0.0,996,9.96,18,4.205138285923742,5.125000000000702,7.016609515630989e-13,0.0,0,0,0.0,False
sparse_er_200_p05,1,200,1025,10.25,half_mean_deg,5.125,none,learned_support_random_weights,0.0,ideal,zero,0,hebbian_seed0,50.0,50.0,0,1,1010,0.412949800491333,0.01598954200744629,1,647.0,647.0,693.0,0.0,0.0,,timeout,0.0,642,6.42,13,3.1578723970771336,5.125000000000001,8.881784197001252e-16,0.0,0,0,0.0,False
sparse_er_200_p05,1,200,1025,10.25,half_mean_deg,5.125,none,learned_support_random_weights,0.0,ideal,zero,1,hebbian_seed0,50.0,50.0,0,1,950,0.3940696716308594,0.016646146774291992,1,647.0,647.0,693.0,0.0,0.0,,timeout,0.0,642,6.42,13,3.172610778154146,5.125000000000001,8.881784197001252e-16,0.0,0,0,0.0,False
sparse_er_200_p05,1,200,1025,10.25,half_mean_deg,5.125,none,learned_support_random_weights,0.0,ideal,zero,2,hebbian_seed0,50.0,50.0,0,1,986,0.4133903980255127,0.01701188087463379,1,647.0,647.0,693.0,0.0,0.0,,timeout,0.0,642,6.42,13,3.0855527710082513,5.125000000000001,8.881784197001252e-16,0.0,0,0,0.0,False
sparse_er_200_p05,1,200,1025,10.25,half_mean_deg,5.125,none,learned_support_random_weights,0.0,ideal,zero,3,hebbian_seed0,50.0,50.0,0,1,938,0.39171838760375977,0.013175010681152344,1,647.0,647.0,693.0,0.0,0.0,,timeout,0.0,639,6.39,12,3.2006999519769215,5.125000000000002,1.7763568394002505e-15,0.0,0,0,0.0,False
sparse_er_200_p05,1,200,1025,10.25,half_mean_deg,5.125,none,learned_support_random_weights,0.0,ideal,zero,4,hebbian_seed0,50.0,50.0,0,1,1046,3.0726022720336914,0.015718698501586914,1,647.0,647.0,693.0,0.0,0.0,,timeout,0.0,642,6.42,13,3.056530023423442,5.125000000000002,1.7763568394002505e-15,0.0,0,0,0.0,False
sparse_er_200_p05,1,200,1025,10.25,half_mean_deg,5.125,none,learned_support_random_weights,0.0,ideal,zero,5,hebbian_seed0,50.0,50.0,0,1,998,0.42913269996643066,0.012386798858642578,1,647.0,647.0,693.0,0.0,0.0,,timeout,0.0,640,6.4,12,3.1460629459628655,5.125000000000001,8.881784197001252e-16,0.0,0,0,0.0,False
sparse_er_200_p05,1,200,1025,10.25,half_mean_deg,5.125,none,learned_support_random_weights,0.0,ideal,zero,6,hebbian_seed0,50.0,50.0,0,1,986,0.4135267734527588,0.014650821685791016,1,647.0,647.0,693.0,0.0,0.0,,timeout,0.0,640,6.4,13,3.1364619059939383,5.125000000000009,8.881784197001252e-15,0.0,0,0,0.0,False
sparse_er_200_p05,1,200,1025,10.25,half_mean_deg,5.125,none,learned_support_random_weights,0.0,ideal,zero,7,hebbian_seed0,50.0,50.0,0,1,1010,0.41830897331237793,0.01844620704650879,1,647.0,647.0,693.0,0.0,0.0,,timeout,0.0,642,6.42,13,3.17573943414106,5.125,0.0,0.0,0,0,0.0,False
sparse_er_200_p05,1,200,1025,10.25,half_mean_deg,5.125,none,learned_support_random_weights,0.0,ideal,zero,8,hebbian_seed0,50.0,50.0,0,1,962,0.4152987003326416,0.021723508834838867,1,647.0,647.0,693.0,0.0,0.0,,timeout,0.0,641,6.41,13,3.1076598311336228,5.125000000000009,8.881784197001252e-15,0.0,0,0,0.0,False
sparse_er_200_p05,1,200,1025,10.25,half_mean_deg,5.125,none,learned_support_random_weights,0.0,ideal,zero,9,hebbian_seed0,50.0,50.0,0,1,950,0.41790080070495605,0.023207664489746094,1,647.0,647.0,693.0,0.0,0.0,,timeout,0.0,642,6.42,13,3.1365344449869412,5.125000000000002,1.7763568394002505e-15,0.0,0,0,0.0,False
sparse_er_200_p05,1,200,1025,10.25,half_mean_deg,5.125,none,topology_scrambled,0.0,ideal,zero,0,graph,50.0,50.0,100,101,2864,85.77269387245178,84.44038200378418,101,543.0,547.0,697.0,0.0,0.0,,timeout,0.0,512,5.12,11,5.090852668898751,5.125000000000001,8.881784197001252e-16,0.0,0,0,-470.0393183396176,False
sparse_er_200_p05,1,200,1025,10.25,half_mean_deg,5.125,none,topology_scrambled,0.0,ideal,zero,1,graph,50.0,50.0,100,101,3536,87.58208680152893,85.88711476325989,101,546.0,547.0,704.0,0.0,0.0,,timeout,0.0,489,4.89,9,5.0839948063073725,5.125000000000002,1.7763568394002505e-15,0.0,0,0,-468.34572599192893,False
sparse_er_200_p05,1,200,1025,10.25,half_mean_deg,5.125,none,topology_scrambled,0.0,ideal,zero,2,graph,50.0,50.0,100,101,2612,68.10980439186096,66.89355206489563,101,554.0,557.0,709.0,0.0,0.0,,timeout,0.0,520,5.2,10,5.07375,5.125000000000001,8.881784197001252e-16,0.0,0,0,-471.9325792702859,False
sparse_er_200_p05,1,200,1025,10.25,half_mean_deg,5.125,none,topology_scrambled,0.0,ideal,zero,3,graph,50.0,50.0,100,101,3272,88.83458232879639,87.17778301239014,101,534.0,535.0,707.0,0.0,0.0,,timeout,0.0,556,5.56,11,5.099166933337372,5.125000000000002,1.7763568394002505e-15,0.0,0,0,-475.06510599906477,False
sparse_er_200_p05,1,200,1025,10.25,half_mean_deg,5.125,none,topology_scrambled,0.0,ideal,zero,4,graph,50.0,50.0,100,101,2516,71.11232399940491,69.88054633140564,101,527.0,531.0,693.0,0.0,0.0,,timeout,0.0,545,5.45,11,5.070176290498485,5.125000000000001,8.881784197001252e-16,0.0,0,0,-472.90180774790286,False
sparse_er_200_p05,1,200,1025,10.25,half_mean_deg,5.125,none,topology_scrambled,0.0,ideal,zero,5,graph,50.0,50.0,100,101,3368,83.12223291397095,81.57975578308105,101,548.0,548.0,706.0,0.0,0.0,,timeout,0.0,549,5.49,12,5.124999999999663,5.125000000000001,8.881784197001252e-16,0.0,0,0,-477.72159670281275,False
sparse_er_200_p05,1,200,1025,10.25,half_mean_deg,5.125,none,topology_scrambled,0.0,ideal,zero,6,graph,50.0,50.0,100,101,3080,89.83971381187439,88.33938121795654,101,537.0,544.0,698.0,0.0,0.0,,timeout,0.0,564,5.64,12,5.089206590124962,5.125000000000001,8.881784197001252e-16,0.0,0,0,-473.762561182093,False
sparse_er_200_p05,1,200,1025,10.25,half_mean_deg,5.125,none,topology_scrambled,0.0,ideal,zero,7,graph,50.0,50.0,100,101,2504,54.068779945373535,52.84853196144104,101,544.0,546.0,693.0,0.0,0.0,,timeout,0.0,562,5.62,10,5.073749999997991,5.125000000000002,1.7763568394002505e-15,0.0,0,0,-476.17510977947137,False
sparse_er_200_p05,1,200,1025,10.25,half_mean_deg,5.125,none,topology_scrambled,0.0,ideal,zero,8,graph,50.0,50.0,100,101,3308,72.06912970542908,70.55974960327148,101,530.0,530.0,704.0,0.0,0.0,,timeout,0.0,539,5.39,10,5.124999999999938,5.125000000000001,8.881784197001252e-16,0.0,0,0,-477.10023384176895,False
sparse_er_200_p05,1,200,1025,10.25,half_mean_deg,5.125,none,topology_scrambled,0.0,ideal,zero,9,graph,50.0,50.0,100,101,2768,39.890029430389404,38.60039734840393,101,529.0,529.0,699.0,0.0,0.0,,timeout,0.0,541,5.41,10,5.073750000000088,5.12500000000036,3.597122599785507e-13,0.0,0,0,-474.2893481398354,False
sparse_er_200_p05,1,200,1025,10.25,half_mean_deg,5.125,sinkhorn,hebbian_sinkhorn,0.0,ideal,zero,0,graph,50.0,50.0,100,100,4292,2.1236181259155273,0.0,0,636.0,636.0,686.0,0.0,0.0,,timeout,0.0,636,6.36,13,4.803311504883972,5.125000000000002,1.7763568394002505e-15,0.0,0,2,-459.28642166958883,False
sparse_er_200_p05,1,200,1025,10.25,half_mean_deg,5.125,sinkhorn,hebbian_sinkhorn,0.0,ideal,zero,1,graph,50.0,50.0,100,100,3548,1.866685390472412,0.0,0,646.0,646.0,698.0,0.0,0.0,,timeout,0.0,646,6.46,14,4.78362312396441,5.125000000000001,8.881784197001252e-16,0.0,0,0,-456.994707116311,False
sparse_er_200_p05,1,200,1025,10.25,half_mean_deg,5.125,sinkhorn,hebbian_sinkhorn,0.0,ideal,zero,2,graph,50.0,50.0,100,100,3884,2.1506314277648926,0.0,0,632.0,632.0,709.0,0.0,0.0,,timeout,0.0,632,6.32,13,4.7266650665850225,5.125000000000001,8.881784197001252e-16,0.0,0,0,-451.8804155623518,False
sparse_er_200_p05,1,200,1025,10.25,half_mean_deg,5.125,sinkhorn,hebbian_sinkhorn,0.0,ideal,zero,3,graph,50.0,50.0,100,100,2528,4.400761604309082,0.0,0,632.0,632.0,708.0,0.0,0.0,,timeout,0.0,632,6.32,14,4.7605476082407305,5.125000000000001,8.881784197001252e-16,0.0,0,2,-454.68860047123525,False
sparse_er_200_p05,1,200,1025,10.25,half_mean_deg,5.125,sinkhorn,hebbian_sinkhorn,0.0,ideal,zero,4,graph,50.0,50.0,100,100,3596,1.9567384719848633,0.0,0,630.0,630.0,700.0,0.0,0.0,,timeout,0.0,630,6.3,13,4.785594709851363,5.125000000000001,8.881784197001252e-16,0.0,0,0,-456.91569375933113,False
sparse_er_200_p05,1,200,1025,10.25,half_mean_deg,5.125,sinkhorn,hebbian_sinkhorn,0.0,ideal,zero,5,graph,50.0,50.0,100,100,4052,2.131779909133911,0.0,0,644.0,644.0,702.0,0.0,0.0,,timeout,0.0,644,6.44,12,4.773008607111786,5.125000000000001,8.881784197001252e-16,0.0,0,0,-456.21271739884884,False
sparse_er_200_p05,1,200,1025,10.25,half_mean_deg,5.125,sinkhorn,hebbian_sinkhorn,0.0,ideal,zero,6,graph,50.0,50.0,100,100,4304,2.1919775009155273,0.0,0,659.0,659.0,713.0,0.0,0.0,,timeout,0.0,659,6.59,15,4.774913301384364,5.125000000000002,1.7763568394002505e-15,0.0,0,0,-457.1411589454664,False
sparse_er_200_p05,1,200,1025,10.25,half_mean_deg,5.125,sinkhorn,hebbian_sinkhorn,0.0,ideal,zero,7,graph,50.0,50.0,100,100,3956,2.0975193977355957,0.0,0,646.0,646.0,701.0,0.0,0.0,,timeout,0.0,646,6.46,13,4.738622985390455,5.125000000000001,8.881784197001252e-16,0.0,0,0,-453.0703965422892,False
sparse_er_200_p05,1,200,1025,10.25,half_mean_deg,5.125,sinkhorn,hebbian_sinkhorn,0.0,ideal,zero,8,graph,50.0,50.0,100,100,4004,2.0295886993408203,0.0,0,646.0,646.0,702.0,0.0,0.0,,timeout,0.0,646,6.46,14,4.762728025490663,5.125000000000002,1.7763568394002505e-15,0.0,0,8,-455.5039058262236,False
sparse_er_200_p05,1,200,1025,10.25,half_mean_deg,5.125,sinkhorn,hebbian_sinkhorn,0.0,ideal,zero,9,graph,50.0,50.0,100,100,3740,1.9540965557098389,0.0,0,623.0,623.0,694.0,0.0,0.0,,timeout,0.0,623,6.23,12,4.788096080330617,5.125000000000001,8.881784197001252e-16,0.0,0,0,-457.3151168916603,False
sparse_er_200_p05,1,200,1025,10.25,half_mean_deg,5.125,sinkhorn,hybrid_sinkhorn,0.0,ideal,zero,0,graph,50.0,50.0,100,100,5278,2.4538919925689697,0.0,0,636.0,636.0,686.0,0.0,0.0,,timeout,0.0,636,6.36,13,4.803311504883972,5.125000000000002,1.7763568394002505e-15,0.0,0,2,-459.28642166958883,False
sparse_er_200_p05,1,200,1025,10.25,half_mean_deg,5.125,sinkhorn,hybrid_sinkhorn,0.0,ideal,zero,1,graph,50.0,50.0,100,100,4558,2.2167069911956787,0.0,0,646.0,646.0,698.0,0.0,0.0,,timeout,0.0,646,6.46,14,4.78362312396441,5.125000000000001,8.881784197001252e-16,0.0,0,0,-456.994707116311,False
sparse_er_200_p05,1,200,1025,10.25,half_mean_deg,5.125,sinkhorn,hybrid_sinkhorn,0.0,ideal,zero,2,graph,50.0,50.0,100,100,4894,2.3510355949401855,0.0,0,632.0,632.0,709.0,0.0,0.0,,timeout,0.0,632,6.32,13,4.7266650665850225,5.125000000000001,8.881784197001252e-16,0.0,0,0,-451.8804155623518,False
sparse_er_200_p05,1,200,1025,10.25,half_mean_deg,5.125,sinkhorn,hybrid_sinkhorn,0.0,ideal,zero,3,graph,50.0,50.0,100,100,3466,1.8865880966186523,0.0,0,632.0,632.0,708.0,0.0,0.0,,timeout,0.0,632,6.32,14,4.7605476082407305,5.125000000000001,8.881784197001252e-16,0.0,0,2,-454.68860047123525,False
sparse_er_200_p05,1,200,1025,10.25,half_mean_deg,5.125,sinkhorn,hybrid_sinkhorn,0.0,ideal,zero,4,graph,50.0,50.0,100,100,4618,2.3179075717926025,0.0,0,630.0,630.0,700.0,0.0,0.0,,timeout,0.0,630,6.3,13,4.785594709851363,5.125000000000001,8.881784197001252e-16,0.0,0,0,-456.91569375933113,False
sparse_er_200_p05,1,200,1025,10.25,half_mean_deg,5.125,sinkhorn,hybrid_sinkhorn,0.0,ideal,zero,5,graph,50.0,50.0,100,100,5050,2.431870698928833,0.0,0,644.0,644.0,702.0,0.0,0.0,,timeout,0.0,644,6.44,12,4.773008607111786,5.125000000000001,8.881784197001252e-16,0.0,0,0,-456.21271739884884,False
sparse_er_200_p05,1,200,1025,10.25,half_mean_deg,5.125,sinkhorn,hybrid_sinkhorn,0.0,ideal,zero,6,graph,50.0,50.0,100,100,5314,2.569169759750366,0.0,0,659.0,659.0,713.0,0.0,0.0,,timeout,0.0,659,6.59,15,4.774913301384364,5.125000000000002,1.7763568394002505e-15,0.0,0,0,-457.1411589454664,False
sparse_er_200_p05,1,200,1025,10.25,half_mean_deg,5.125,sinkhorn,hybrid_sinkhorn,0.0,ideal,zero,7,graph,50.0,50.0,100,100,4930,5.080916881561279,0.0,0,646.0,646.0,701.0,0.0,0.0,,timeout,0.0,646,6.46,13,4.738622985390455,5.125000000000001,8.881784197001252e-16,0.0,0,0,-453.0703965422892,False
sparse_er_200_p05,1,200,1025,10.25,half_mean_deg,5.125,sinkhorn,hybrid_sinkhorn,0.0,ideal,zero,8,graph,50.0,50.0,100,100,5002,2.5163636207580566,0.0,0,646.0,646.0,702.0,0.0,0.0,,timeout,0.0,646,6.46,14,4.762728025490663,5.125000000000002,1.7763568394002505e-15,0.0,0,8,-455.5039058262236,False
sparse_er_200_p05,1,200,1025,10.25,half_mean_deg,5.125,sinkhorn,hybrid_sinkhorn,0.0,ideal,zero,9,graph,50.0,50.0,100,100,4714,2.5620830059051514,0.0,0,623.0,623.0,694.0,0.0,0.0,,timeout,0.0,623,6.23,12,4.788096080330617,5.125000000000001,8.881784197001252e-16,0.0,0,0,-457.3151168916603,False
sparse_er_200_p05,1,200,1025,10.25,half_mean_deg,5.125,frobenius,hebbian_frobenius,0.0,ideal,zero,0,graph,50.0,50.0,100,101,3908,16.005828619003296,14.409038782119751,101,624.0,624.0,687.0,0.0,0.0,,timeout,0.0,609,6.09,12,5.125,5.125000000000003,2.6645352591003757e-15,0.0,0,0,-484.44449147391373,True
sparse_er_200_p05,1,200,1025,10.25,half_mean_deg,5.125,frobenius,hebbian_frobenius,0.0,ideal,zero,1,graph,50.0,50.0,100,101,3092,92.7697491645813,91.29405498504639,101,655.0,659.0,706.0,0.0,0.0,,timeout,0.0,596,5.96,13,5.124946230855391,5.125000000000002,1.7763568394002505e-15,0.0,0,0,-479.74100203138323,True
sparse_er_200_p05,1,200,1025,10.25,half_mean_deg,5.125,frobenius,hebbian_frobenius,0.0,ideal,zero,2,graph,50.0,50.0,100,101,2960,51.159960985183716,49.86547875404358,101,628.0,629.0,700.0,0.0,0.0,,timeout,0.0,620,6.2,13,5.125,5.125000000000002,1.7763568394002505e-15,0.0,0,0,-483.37346110798916,True
sparse_er_200_p05,1,200,1025,10.25,half_mean_deg,5.125,frobenius,hebbian_frobenius,0.0,ideal,zero,3,graph,50.0,50.0,100,101,2960,69.48656725883484,68.08659482002258,101,632.0,634.0,684.0,0.0,0.0,,timeout,0.0,614,6.14,13,5.124999999999934,5.125000000000169,1.687538997430238e-13,0.0,0,0,-483.0447695792074,True
sparse_er_200_p05,1,200,1025,10.25,half_mean_deg,5.125,frobenius,hebbian_frobenius,0.0,ideal,zero,4,graph,50.0,50.0,100,101,3260,68.43597960472107,66.84114909172058,101,604.0,604.0,694.0,0.0,0.0,,timeout,0.0,598,5.98,13,5.124999999999566,5.125000000000002,1.7763568394002505e-15,0.0,0,0,-482.582006807341,True
sparse_er_200_p05,1,200,1025,10.25,half_mean_deg,5.125,frobenius,hebbian_frobenius,0.0,ideal,zero,5,graph,50.0,50.0,100,101,2732,94.84930086135864,93.60937714576721,101,648.0,648.0,708.0,0.0,0.0,,timeout,0.0,624,6.24,12,5.1179511644286935,5.125000000000001,8.881784197001252e-16,0.0,0,0,-483.0945548039548,True
sparse_er_200_p05,1,200,1025,10.25,half_mean_deg,5.125,frobenius,hebbian_frobenius,0.0,ideal,zero,6,graph,50.0,50.0,100,101,3476,86.66456484794617,85.00964760780334,101,659.0,660.0,707.0,0.0,0.0,,timeout,0.0,619,6.19,13,5.125000000000018,5.12500000000094,9.396927680427325e-13,0.0,0,0,-483.46991485238794,True
sparse_er_200_p05,1,200,1025,10.25,half_mean_deg,5.125,frobenius,hebbian_frobenius,0.0,ideal,zero,7,graph,50.0,50.0,100,101,3416,78.09503030776978,76.47240662574768,101,637.0,637.0,700.0,0.0,0.0,,timeout,0.0,629,6.29,12,5.124999999999984,5.125000000000982,9.823253321883385e-13,0.0,0,0,-483.69731910962423,True
sparse_er_200_p05,1,200,1025,10.25,half_mean_deg,5.125,frobenius,hebbian_frobenius,0.0,ideal,zero,8,graph,50.0,50.0,100,101,3536,28.02465558052063,26.427127361297607,101,658.0,658.0,700.0,0.0,0.0,,timeout,0.0,651,6.51,14,5.125,5.125000000000002,1.7763568394002505e-15,0.0,0,0,-487.17535977215397,True
sparse_er_200_p05,1,200,1025,10.25,half_mean_deg,5.125,frobenius,hebbian_frobenius,0.0,ideal,zero,9,graph,50.0,50.0,100,101,3608,88.23362994194031,86.5466480255127,101,618.0,640.0,690.0,0.0,0.0,,timeout,0.0,566,5.66,11,5.123429308624561,5.125000000000002,1.7763568394002505e-15,0.0,0,0,-478.04670966183005,True
sparse_er_200_p05,1,200,1025,10.25,half_mean_deg,5.125,frobenius,hybrid_frobenius,0.0,ideal,zero,0,graph,50.0,50.0,100,101,4966,19.911492824554443,17.888076782226562,101,624.0,624.0,687.0,0.0,0.0,,timeout,0.0,609,6.09,12,5.125,5.125000000000003,2.6645352591003757e-15,0.0,0,0,-484.44449147391373,True
sparse_er_200_p05,1,200,1025,10.25,half_mean_deg,5.125,frobenius,hybrid_frobenius,0.0,ideal,zero,1,graph,50.0,50.0,100,101,4114,93.84450459480286,91.99522924423218,101,655.0,662.0,707.0,0.0,0.0,,timeout,0.0,596,5.96,13,5.124946230855391,5.125000000000002,1.7763568394002505e-15,0.0,0,0,-479.74100203138323,True
sparse_er_200_p05,1,200,1025,10.25,half_mean_deg,5.125,frobenius,hybrid_frobenius,0.0,ideal,zero,2,graph,50.0,50.0,100,101,3922,48.98995923995972,47.32862067222595,101,628.0,629.0,700.0,0.0,0.0,,timeout,0.0,620,6.2,13,5.125,5.125000000000002,1.7763568394002505e-15,0.0,0,0,-483.37346110798916,True
sparse_er_200_p05,1,200,1025,10.25,half_mean_deg,5.125,frobenius,hybrid_frobenius,0.0,ideal,zero,3,graph,50.0,50.0,100,101,3946,73.46465635299683,70.0233404636383,101,632.0,634.0,684.0,0.0,0.0,,timeout,0.0,614,6.14,13,5.124999999999934,5.125000000000169,1.687538997430238e-13,0.0,0,0,-483.0447695792074,True
sparse_er_200_p05,1,200,1025,10.25,half_mean_deg,5.125,frobenius,hybrid_frobenius,0.0,ideal,zero,4,graph,50.0,50.0,100,101,4246,69.34502100944519,67.383225440979,101,604.0,604.0,694.0,0.0,0.0,,timeout,0.0,598,5.98,13,5.124999999999566,5.125000000000002,1.7763568394002505e-15,0.0,0,0,-482.582006807341,True
sparse_er_200_p05,1,200,1025,10.25,half_mean_deg,5.125,frobenius,hybrid_frobenius,0.0,ideal,zero,5,graph,50.0,50.0,100,101,3754,89.62788581848145,88.05347275733948,101,648.0,648.0,708.0,0.0,0.0,,timeout,0.0,624,6.24,12,5.1179511644286935,5.125000000000001,8.881784197001252e-16,0.0,0,0,-483.0945548039548,True
sparse_er_200_p05,1,200,1025,10.25,half_mean_deg,5.125,frobenius,hybrid_frobenius,0.0,ideal,zero,6,graph,50.0,50.0,100,101,4486,87.4805338382721,82.72574377059937,101,659.0,660.0,707.0,0.0,0.0,,timeout,0.0,619,6.19,13,5.125000000000018,5.12500000000094,9.396927680427325e-13,0.0,0,0,-483.46991485238794,True
sparse_er_200_p05,1,200,1025,10.25,half_mean_deg,5.125,frobenius,hybrid_frobenius,0.0,ideal,zero,7,graph,50.0,50.0,100,101,4438,75.6945526599884,73.68393754959106,101,637.0,637.0,700.0,0.0,0.0,,timeout,0.0,629,6.29,12,5.124999999999984,5.125000000000982,9.823253321883385e-13,0.0,0,0,-483.69731910962423,True
sparse_er_200_p05,1,200,1025,10.25,half_mean_deg,5.125,frobenius,hybrid_frobenius,0.0,ideal,zero,8,graph,50.0,50.0,100,101,4570,27.57868981361389,25.661186695098877,101,658.0,658.0,700.0,0.0,0.0,,timeout,0.0,651,6.51,14,5.125,5.125000000000002,1.7763568394002505e-15,0.0,0,0,-487.17535977215397,True
sparse_er_200_p05,1,200,1025,10.25,half_mean_deg,5.125,frobenius,hybrid_frobenius,0.0,ideal,zero,9,graph,50.0,50.0,100,101,4630,91.97245621681213,89.91621112823486,101,616.0,638.0,697.0,0.0,0.0,,timeout,0.0,566,5.66,11,5.123429308624561,5.125000000000002,1.7763568394002505e-15,0.0,0,0,-478.04670966183005,True
sparse_er_200_p05,1,200,1025,10.25,mean_deg,10.25,none,static,0.0,ideal,zero,0,graph,50.0,50.0,0,0,2162,1.1079974174499512,0.0,0,714.0,734.0,735.0,0.0,0.0,,timeout,0.0,1025,10.25,21,10.25,21.0,10.75,0.0,0,0,0.0,False
sparse_er_200_p05,1,200,1025,10.25,mean_deg,10.25,none,static,0.0,ideal,zero,1,graph,50.0,50.0,0,0,1922,0.9622564315795898,0.0,0,714.0,727.0,732.0,0.0,0.0,,timeout,0.0,1025,10.25,21,10.25,21.0,10.75,0.0,0,0,0.0,False
sparse_er_200_p05,1,200,1025,10.25,mean_deg,10.25,none,static,0.0,ideal,zero,2,graph,50.0,50.0,0,0,1802,0.9144198894500732,0.0,0,721.0,726.0,730.0,0.0,0.0,,timeout,0.0,1025,10.25,21,10.25,21.0,10.75,0.0,0,0,0.0,False
sparse_er_200_p05,1,200,1025,10.25,mean_deg,10.25,none,static,0.0,ideal,zero,3,graph,50.0,50.0,0,0,1850,0.957134485244751,0.0,0,715.0,730.0,732.0,0.0,0.0,,timeout,0.0,1025,10.25,21,10.25,21.0,10.75,0.0,0,0,0.0,False
sparse_er_200_p05,1,200,1025,10.25,mean_deg,10.25,none,static,0.0,ideal,zero,4,graph,50.0,50.0,0,0,2006,3.7561702728271484,0.0,0,718.0,728.0,733.0,0.0,0.0,,timeout,0.0,1025,10.25,21,10.25,21.0,10.75,0.0,0,0,0.0,False
sparse_er_200_p05,1,200,1025,10.25,mean_deg,10.25,none,static,0.0,ideal,zero,5,graph,50.0,50.0,0,0,1790,0.9366860389709473,0.0,0,716.0,731.0,732.0,0.0,0.0,,timeout,0.0,1025,10.25,21,10.25,21.0,10.75,0.0,0,0,0.0,False
sparse_er_200_p05,1,200,1025,10.25,mean_deg,10.25,none,static,0.0,ideal,zero,6,graph,50.0,50.0,0,0,1826,0.9703412055969238,0.0,0,704.0,730.0,735.0,0.0,0.0,,timeout,0.0,1025,10.25,21,10.25,21.0,10.75,0.0,0,0,0.0,False
sparse_er_200_p05,1,200,1025,10.25,mean_deg,10.25,none,static,0.0,ideal,zero,7,graph,50.0,50.0,0,0,1790,0.9497482776641846,0.0,0,724.0,726.0,729.0,0.0,0.0,,timeout,0.0,1025,10.25,21,10.25,21.0,10.75,0.0,0,0,0.0,False
sparse_er_200_p05,1,200,1025,10.25,mean_deg,10.25,none,static,0.0,ideal,zero,8,graph,50.0,50.0,0,0,1970,1.0177524089813232,0.0,0,719.0,727.0,732.0,0.0,0.0,,timeout,0.0,1025,10.25,21,10.25,21.0,10.75,0.0,0,0,0.0,False
sparse_er_200_p05,1,200,1025,10.25,mean_deg,10.25,none,static,0.0,ideal,zero,9,graph,50.0,50.0,0,0,2102,1.099459171295166,0.0,0,718.0,729.0,735.0,0.0,0.0,,timeout,0.0,1025,10.25,21,10.25,21.0,10.75,0.0,0,0,0.0,False
sparse_er_200_p05,1,200,1025,10.25,mean_deg,10.25,none,random_rounding,0.0,ideal,zero,0,graph,50.0,50.0,0,0,2162,1.1065113544464111,0.0,0,714.0,734.0,735.0,0.0,0.0,,timeout,0.0,1025,10.25,21,10.25,21.0,10.75,0.0,0,0,0.0,False
sparse_er_200_p05,1,200,1025,10.25,mean_deg,10.25,none,random_rounding,0.0,ideal,zero,1,graph,50.0,50.0,0,0,1922,0.9787075519561768,0.0,0,714.0,727.0,732.0,0.0,0.0,,timeout,0.0,1025,10.25,21,10.25,21.0,10.75,0.0,0,0,0.0,False
sparse_er_200_p05,1,200,1025,10.25,mean_deg,10.25,none,random_rounding,0.0,ideal,zero,2,graph,50.0,50.0,0,0,1802,0.9136147499084473,0.0,0,721.0,726.0,730.0,0.0,0.0,,timeout,0.0,1025,10.25,21,10.25,21.0,10.75,0.0,0,0,0.0,False
sparse_er_200_p05,1,200,1025,10.25,mean_deg,10.25,none,random_rounding,0.0,ideal,zero,3,graph,50.0,50.0,0,0,1850,0.9730350971221924,0.0,0,715.0,730.0,732.0,0.0,0.0,,timeout,0.0,1025,10.25,21,10.25,21.0,10.75,0.0,0,0,0.0,False
sparse_er_200_p05,1,200,1025,10.25,mean_deg,10.25,none,random_rounding,0.0,ideal,zero,4,graph,50.0,50.0,0,0,2006,0.9811117649078369,0.0,0,718.0,728.0,733.0,0.0,0.0,,timeout,0.0,1025,10.25,21,10.25,21.0,10.75,0.0,0,0,0.0,False
sparse_er_200_p05,1,200,1025,10.25,mean_deg,10.25,none,random_rounding,0.0,ideal,zero,5,graph,50.0,50.0,0,0,1790,0.900810956954956,0.0,0,716.0,731.0,732.0,0.0,0.0,,timeout,0.0,1025,10.25,21,10.25,21.0,10.75,0.0,0,0,0.0,False
sparse_er_200_p05,1,200,1025,10.25,mean_deg,10.25,none,random_rounding,0.0,ideal,zero,6,graph,50.0,50.0,0,0,1826,0.9303092956542969,0.0,0,704.0,730.0,735.0,0.0,0.0,,timeout,0.0,1025,10.25,21,10.25,21.0,10.75,0.0,0,0,0.0,False
sparse_er_200_p05,1,200,1025,10.25,mean_deg,10.25,none,random_rounding,0.0,ideal,zero,7,graph,50.0,50.0,0,0,1790,0.9187581539154053,0.0,0,724.0,726.0,729.0,0.0,0.0,,timeout,0.0,1025,10.25,21,10.25,21.0,10.75,0.0,0,0,0.0,False
sparse_er_200_p05,1,200,1025,10.25,mean_deg,10.25,none,random_rounding,0.0,ideal,zero,8,graph,50.0,50.0,0,0,1970,0.9860079288482666,0.0,0,719.0,727.0,732.0,0.0,0.0,,timeout,0.0,1025,10.25,21,10.25,21.0,10.75,0.0,0,0,0.0,False
sparse_er_200_p05,1,200,1025,10.25,mean_deg,10.25,none,random_rounding,0.0,ideal,zero,9,graph,50.0,50.0,0,0,2102,1.0848109722137451,0.0,0,718.0,729.0,735.0,0.0,0.0,,timeout,0.0,1025,10.25,21,10.25,21.0,10.75,0.0,0,0,0.0,False
sparse_er_200_p05,1,200,1025,10.25,mean_deg,10.25,none,greedy,0.0,ideal,zero,0,graph,50.0,50.0,0,0,0,0.0008692741394042969,0.0,0,688.0,688.0,688.0,0.0,0.0,,timeout,0.0,0,0.0,0,0.0,0.0,0.0,0.0,0,0,0.0,False
sparse_er_200_p05,1,200,1025,10.25,mean_deg,10.25,none,greedy,0.0,ideal,zero,1,graph,50.0,50.0,0,0,0,0.000926971435546875,0.0,0,705.0,705.0,705.0,0.0,0.0,,timeout,0.0,0,0.0,0,0.0,0.0,0.0,0.0,0,0,0.0,False
sparse_er_200_p05,1,200,1025,10.25,mean_deg,10.25,none,greedy,0.0,ideal,zero,2,graph,50.0,50.0,0,0,0,0.0008001327514648438,0.0,0,702.0,702.0,702.0,0.0,0.0,,timeout,0.0,0,0.0,0,0.0,0.0,0.0,0.0,0,0,0.0,False
sparse_er_200_p05,1,200,1025,10.25,mean_deg,10.25,none,greedy,0.0,ideal,zero,3,graph,50.0,50.0,0,0,0,0.001043081283569336,0.0,0,710.0,710.0,710.0,0.0,0.0,,timeout,0.0,0,0.0,0,0.0,0.0,0.0,0.0,0,0,0.0,False
sparse_er_200_p05,1,200,1025,10.25,mean_deg,10.25,none,greedy,0.0,ideal,zero,4,graph,50.0,50.0,0,0,0,0.0007827281951904297,0.0,0,689.0,689.0,689.0,0.0,0.0,,timeout,0.0,0,0.0,0,0.0,0.0,0.0,0.0,0,0,0.0,False
sparse_er_200_p05,1,200,1025,10.25,mean_deg,10.25,none,greedy,0.0,ideal,zero,5,graph,50.0,50.0,0,0,0,0.0009315013885498047,0.0,0,714.0,714.0,714.0,0.0,0.0,,timeout,0.0,0,0.0,0,0.0,0.0,0.0,0.0,0,0,0.0,False
sparse_er_200_p05,1,200,1025,10.25,mean_deg,10.25,none,greedy,0.0,ideal,zero,6,graph,50.0,50.0,0,0,0,0.0008661746978759766,0.0,0,698.0,698.0,698.0,0.0,0.0,,timeout,0.0,0,0.0,0,0.0,0.0,0.0,0.0,0,0,0.0,False
sparse_er_200_p05,1,200,1025,10.25,mean_deg,10.25,none,greedy,0.0,ideal,zero,7,graph,50.0,50.0,0,0,0,0.0010418891906738281,0.0,0,696.0,696.0,696.0,0.0,0.0,,timeout,0.0,0,0.0,0,0.0,0.0,0.0,0.0,0,0,0.0,False
sparse_er_200_p05,1,200,1025,10.25,mean_deg,10.25,none,greedy,0.0,ideal,zero,8,graph,50.0,50.0,0,0,0,0.0008172988891601562,0.0,0,708.0,708.0,708.0,0.0,0.0,,timeout,0.0,0,0.0,0,0.0,0.0,0.0,0.0,0,0,0.0,False
sparse_er_200_p05,1,200,1025,10.25,mean_deg,10.25,none,greedy,0.0,ideal,zero,9,graph,50.0,50.0,0,0,0,0.000812530517578125,0.0,0,710.0,710.0,710.0,0.0,0.0,,timeout,0.0,0,0.0,0,0.0,0.0,0.0,0.0,0,0,0.0,False
sparse_er_200_p05,1,200,1025,10.25,mean_deg,10.25,none,static_projected,0.0,ideal,zero,0,graph,50.0,50.0,0,1,1562,0.8347947597503662,0.04655575752258301,1,718.0,729.0,735.0,0.0,0.0,,timeout,0.0,1025,10.25,21,8.47334340789041,10.250000000000002,1.7763568394002505e-15,0.0,0,0,0.0,False
sparse_er_200_p05,1,200,1025,10.25,mean_deg,10.25,none,static_projected,0.0,ideal,zero,1,graph,50.0,50.0,0,1,1622,0.8652598857879639,0.0626821517944336,1,719.0,727.0,730.0,0.0,0.0,,timeout,0.0,1025,10.25,21,8.47334340789041,10.250000000000002,1.7763568394002505e-15,0.0,0,0,0.0,False
sparse_er_200_p05,1,200,1025,10.25,mean_deg,10.25,none,static_projected,0.0,ideal,zero,2,graph,50.0,50.0,0,1,1478,0.791778564453125,0.05322003364562988,1,720.0,725.0,729.0,0.0,0.0,,timeout,0.0,1025,10.25,21,8.47334340789041,10.250000000000002,1.7763568394002505e-15,0.0,0,0,0.0,False
sparse_er_200_p05,1,200,1025,10.25,mean_deg,10.25,none,static_projected,0.0,ideal,zero,3,graph,50.0,50.0,0,1,1886,0.9566178321838379,0.037407875061035156,1,724.0,727.0,733.0,0.0,0.0,,timeout,0.0,1025,10.25,21,8.47334340789041,10.250000000000002,1.7763568394002505e-15,0.0,0,0,0.0,False
sparse_er_200_p05,1,200,1025,10.25,mean_deg,10.25,none,static_projected,0.0,ideal,zero,4,graph,50.0,50.0,0,1,1634,0.8264093399047852,0.029707908630371094,1,708.0,729.0,734.0,0.0,0.0,,timeout,0.0,1025,10.25,21,8.47334340789041,10.250000000000002,1.7763568394002505e-15,0.0,0,0,0.0,False
sparse_er_200_p05,1,200,1025,10.25,mean_deg,10.25,none,static_projected,0.0,ideal,zero,5,graph,50.0,50.0,0,1,1478,0.747560977935791,0.038245439529418945,1,701.0,726.0,731.0,0.0,0.0,,timeout,0.0,1025,10.25,21,8.47334340789041,10.250000000000002,1.7763568394002505e-15,0.0,0,0,0.0,False
sparse_er_200_p05,1,200,1025,10.25,mean_deg,10.25,none,static_projected,0.0,ideal,zero,6,graph,50.0,50.0,0,1,1466,0.7396743297576904,0.036809444427490234,1,718.0,728.0,731.0,0.0,0.0,,timeout,0.0,1025,10.25,21,8.47334340789041,10.250000000000002,1.7763568394002505e-15,0.0,0,0,0.0,False
sparse_er_200_p05,1,200,1025,10.25,mean_deg,10.25,none,static_projected,0.0,ideal,zero,7,graph,50.0,50.0,0,1,1610,0.8661835193634033,0.03346538543701172,1,714.0,723.0,727.0,0.0,0.0,,timeout,0.0,1025,10.25,21,8.47334340789041,10.250000000000002,1.7763568394002505e-15,0.0,0,0,0.0,False
sparse_er_200_p05,1,200,1025,10.25,mean_deg,10.25,none,static_projected,0.0,ideal,zero,8,graph,50.0,50.0,0,1,1586,0.8196961879730225,0.03304028511047363,1,707.0,734.0,734.0,0.0,0.0,,timeout,0.0,1025,10.25,21,8.47334340789041,10.250000000000002,1.7763568394002505e-15,0.0,0,0,0.0,False
sparse_er_200_p05,1,200,1025,10.25,mean_deg,10.25,none,static_projected,0.0,ideal,zero,9,graph,50.0,50.0,0,1,1646,0.8566408157348633,0.034780263900756836,1,706.0,727.0,731.0,0.0,0.0,,timeout,0.0,1025,10.25,21,8.47334340789041,10.250000000000002,1.7763568394002505e-15,0.0,0,0,0.0,False
sparse_er_200_p05,1,200,1025,10.25,mean_deg,10.25,none,static_budgeted,0.0,ideal,zero,0,graph,50.0,50.0,0,1,1730,0.9801797866821289,0.03480958938598633,1,712.0,728.0,732.0,0.0,0.0,,timeout,0.0,1011,10.11,20,8.489473614001827,10.250000000000178,1.7763568394002505e-13,0.0,0,0,0.0,False
sparse_er_200_p05,1,200,1025,10.25,mean_deg,10.25,none,static_budgeted,0.0,ideal,zero,1,graph,50.0,50.0,0,1,1682,0.9269499778747559,0.03155016899108887,1,706.0,724.0,729.0,0.0,0.0,,timeout,0.0,1003,10.03,20,8.505342679265492,10.25000000000038,3.801403636316536e-13,0.0,0,0,0.0,False
sparse_er_200_p05,1,200,1025,10.25,mean_deg,10.25,none,static_budgeted,0.0,ideal,zero,2,graph,50.0,50.0,0,1,1682,0.9802460670471191,0.03350234031677246,1,719.0,725.0,735.0,0.0,0.0,,timeout,0.0,1011,10.11,21,8.484205726101175,10.250000000000355,3.552713678800501e-13,0.0,0,0,0.0,False
sparse_er_200_p05,1,200,1025,10.25,mean_deg,10.25,none,static_budgeted,0.0,ideal,zero,3,graph,50.0,50.0,0,1,1886,0.9905459880828857,0.04379415512084961,1,729.0,729.0,733.0,0.0,0.0,,timeout,0.0,1007,10.07,20,8.495246679081745,10.250000000000963,9.627854069549358e-13,0.0,0,0,0.0,False
sparse_er_200_p05,1,200,1025,10.25,mean_deg,10.25,none,static_budgeted,0.0,ideal,zero,4,graph,50.0,50.0,0,1,1646,0.8769810199737549,0.03750491142272949,1,716.0,727.0,733.0,0.0,0.0,,timeout,0.0,996,9.96,19,8.506441150206783,10.250000000000272,2.717825964282383e-13,0.0,0,0,0.0,False
sparse_er_200_p05,1,200,1025,10.25,mean_deg,10.25,none,static_budgeted,0.0,ideal,zero,5,graph,50.0,50.0,0,1,1490,0.7567076683044434,0.028964519500732422,1,711.0,725.0,731.0,0.0,0.0,,timeout,0.0,1006,10.06,20,8.500880702769424,10.250000000000002,1.7763568394002505e-15,0.0,0,0,0.0,False
sparse_er_200_p05,1,200,1025,10.25,mean_deg,10.25,none,static_budgeted,0.0,ideal,zero,6,graph,50.0,50.0,0,1,1550,0.829815149307251,0.03377509117126465,1,727.0,730.0,734.0,0.0,0.0,,timeout,0.0,1007,10.07,21,8.500492807073641,10.250000000000751,7.513989430663059e-13,0.0,0,0,0.0,False
sparse_er_200_p05,1,200,1025,10.25,mean_deg,10.25,none,static_budgeted,0.0,ideal,zero,7,graph,50.0,50.0,0,1,1562,3.619520664215088,0.0271148681640625,1,717.0,723.0,726.0,0.0,0.0,,timeout,0.0,1005,10.05,21,8.485407471803047,10.250000000000501,5.009326287108706e-13,0.0,0,0,0.0,False
sparse_er_200_p05,1,200,1025,10.25,mean_deg,10.25,none,static_budgeted,0.0,ideal,zero,8,graph,50.0,50.0,0,1,1610,0.8600113391876221,0.032552242279052734,1,708.0,722.0,730.0,0.0,0.0,,timeout,0.0,999,9.99,21,8.500952851332903,10.250000000000163,1.6342482922482304e-13,0.0,0,0,0.0,False
sparse_er_200_p05,1,200,1025,10.25,mean_deg,10.25,none,static_budgeted,0.0,ideal,zero,9,graph,50.0,50.0,0,1,1586,0.8256349563598633,0.03135251998901367,1,717.0,718.0,725.0,0.0,0.0,,timeout,0.0,1002,10.02,19,8.505340057971287,10.25000000000063,6.306066779870889e-13,0.0,0,0,0.0,False
sparse_er_200_p05,1,200,1025,10.25,mean_deg,10.25,none,random_budgeted,0.0,ideal,zero,0,graph,50.0,50.0,0,1,1250,0.6815695762634277,0.002231121063232422,1,707.0,724.0,729.0,0.0,0.0,,timeout,0.0,1025,10.25,21,5.187478704644576,10.243663914588534,-0.006336085411465575,0.0,0,0,0.0,False
sparse_er_200_p05,1,200,1025,10.25,mean_deg,10.25,none,random_budgeted,0.0,ideal,zero,1,graph,50.0,50.0,0,1,1166,0.6519930362701416,0.004876136779785156,1,712.0,724.0,732.0,0.0,0.0,,timeout,0.0,1025,10.25,21,5.131744593762839,10.25,0.0,0.0,0,0,0.0,False
sparse_er_200_p05,1,200,1025,10.25,mean_deg,10.25,none,random_budgeted,0.0,ideal,zero,2,graph,50.0,50.0,0,1,1094,0.5759010314941406,0.007716655731201172,1,714.0,714.0,731.0,0.0,0.0,,timeout,0.0,1025,10.25,21,5.059261344239698,10.25,0.0,0.0,0,0,0.0,False
sparse_er_200_p05,1,200,1025,10.25,mean_deg,10.25,none,random_budgeted,0.0,ideal,zero,3,graph,50.0,50.0,0,1,1118,0.5954663753509521,0.00503993034362793,1,706.0,712.0,725.0,0.0,0.0,,timeout,0.0,1025,10.25,21,5.209085168515994,10.25,0.0,0.0,0,0,0.0,False
sparse_er_200_p05,1,200,1025,10.25,mean_deg,10.25,none,random_budgeted,0.0,ideal,zero,4,graph,50.0,50.0,0,1,1178,0.5904207229614258,0.004656076431274414,1,704.0,723.0,726.0,0.0,0.0,,timeout,0.0,1025,10.25,21,5.037917457342986,10.25,0.0,0.0,0,0,0.0,False
sparse_er_200_p05,1,200,1025,10.25,mean_deg,10.25,none,random_budgeted,0.0,ideal,zero,5,graph,50.0,50.0,0,1,1106,0.583266019821167,0.0033288002014160156,1,701.0,717.0,724.0,0.0,0.0,,timeout,0.0,1025,10.25,21,5.14297874616401,10.25,0.0,0.0,0,0,0.0,False
sparse_er_200_p05,1,200,1025,10.25,mean_deg,10.25,none,random_budgeted,0.0,ideal,zero,6,graph,50.0,50.0,0,1,1130,0.5891759395599365,0.0033452510833740234,1,690.0,718.0,725.0,0.0,0.0,,timeout,0.0,1024,10.24,21,5.04577888705497,10.25,0.0,0.0,0,0,0.0,False
sparse_er_200_p05,1,200,1025,10.25,mean_deg,10.25,none,random_budgeted,0.0,ideal,zero,7,graph,50.0,50.0,0,1,1082,0.5659966468811035,0.006678104400634766,1,717.0,717.0,725.0,0.0,0.0,,timeout,0.0,1025,10.25,21,5.162915988276314,10.25,0.0,0.0,0,0,0.0,False
sparse_er_200_p05,1,200,1025,10.25,mean_deg,10.25,none,random_budgeted,0.0,ideal,zero,8,graph,50.0,50.0,0,1,1166,0.5814430713653564,0.002740621566772461,1,705.0,708.0,720.0,0.0,0.0,,timeout,0.0,1025,10.25,21,5.072621889362324,10.111088544163959,-0.13891145583604114,0.0,0,0,0.0,False
sparse_er_200_p05,1,200,1025,10.25,mean_deg,10.25,none,random_budgeted,0.0,ideal,zero,9,graph,50.0,50.0,0,1,1082,0.5591187477111816,0.015190601348876953,1,705.0,710.0,723.0,0.0,0.0,,timeout,0.0,1025,10.25,21,5.084747263406743,10.250000000000004,3.552713678800501e-15,0.0,0,0,0.0,False
sparse_er_200_p05,1,200,1025,10.25,mean_deg,10.25,none,learned_support_random_weights,0.0,ideal,zero,0,hebbian_seed0,50.0,50.0,0,1,1070,0.4329795837402344,0.002077341079711914,1,677.0,677.0,719.0,0.0,0.0,,timeout,0.0,671,6.71,13,3.4406510572960753,6.62278591997076,-3.6272140800292396,0.0,0,0,0.0,False
sparse_er_200_p05,1,200,1025,10.25,mean_deg,10.25,none,learned_support_random_weights,0.0,ideal,zero,1,hebbian_seed0,50.0,50.0,0,1,1106,0.46304917335510254,0.0028362274169921875,1,677.0,677.0,719.0,0.0,0.0,,timeout,0.0,671,6.71,13,3.359580799805765,6.707210952990755,-3.5427890470092454,0.0,0,0,0.0,False
sparse_er_200_p05,1,200,1025,10.25,mean_deg,10.25,none,learned_support_random_weights,0.0,ideal,zero,2,hebbian_seed0,50.0,50.0,0,1,1034,0.42088842391967773,0.002834320068359375,1,677.0,677.0,719.0,0.0,0.0,,timeout,0.0,671,6.71,13,3.3021226789417346,6.966904009629303,-3.283095990370697,0.0,0,0,0.0,False
sparse_er_200_p05,1,200,1025,10.25,mean_deg,10.25,none,learned_support_random_weights,0.0,ideal,zero,3,hebbian_seed0,50.0,50.0,0,1,1046,0.4258134365081787,0.002366781234741211,1,677.0,677.0,719.0,0.0,0.0,,timeout,0.0,671,6.71,13,3.437092925805089,6.653311293786318,-3.5966887062136816,0.0,0,0,0.0,False
sparse_er_200_p05,1,200,1025,10.25,mean_deg,10.25,none,learned_support_random_weights,0.0,ideal,zero,4,hebbian_seed0,50.0,50.0,0,1,1070,0.44553136825561523,0.0025434494018554688,1,677.0,677.0,719.0,0.0,0.0,,timeout,0.0,671,6.71,13,3.313800272772965,6.915307482977739,-3.334692517022261,0.0,0,0,0.0,False
sparse_er_200_p05,1,200,1025,10.25,mean_deg,10.25,none,learned_support_random_weights,0.0,ideal,zero,5,hebbian_seed0,50.0,50.0,0,1,1202,0.5008707046508789,0.002496480941772461,1,677.0,677.0,719.0,0.0,0.0,,timeout,0.0,671,6.71,13,3.394631193769785,7.297208141630502,-2.9527918583694976,0.0,0,0,0.0,False
sparse_er_200_p05,1,200,1025,10.25,mean_deg,10.25,none,learned_support_random_weights,0.0,ideal,zero,6,hebbian_seed0,50.0,50.0,0,1,1058,0.46629858016967773,0.003074169158935547,1,677.0,677.0,719.0,0.0,0.0,,timeout,0.0,671,6.71,13,3.2683138293473166,7.858632826271462,-2.391367173728538,0.0,0,0,0.0,False
sparse_er_200_p05,1,200,1025,10.25,mean_deg,10.25,none,learned_support_random_weights,0.0,ideal,zero,7,hebbian_seed0,50.0,50.0,0,1,1082,0.42072319984436035,0.0018575191497802734,1,677.0,677.0,719.0,0.0,0.0,,timeout,0.0,671,6.71,13,3.3757759543677808,7.905412613114597,-2.3445873868854026,0.0,0,0,0.0,False
sparse_er_200_p05,1,200,1025,10.25,mean_deg,10.25,none,learned_support_random_weights,0.0,ideal,zero,8,hebbian_seed0,50.0,50.0,0,1,1082,0.43599605560302734,0.002656221389770508,1,677.0,677.0,719.0,0.0,0.0,,timeout,0.0,671,6.71,13,3.3350767633960525,6.870608415731011,-3.379391584268989,0.0,0,0,0.0,False
sparse_er_200_p05,1,200,1025,10.25,mean_deg,10.25,none,learned_support_random_weights,0.0,ideal,zero,9,hebbian_seed0,50.0,50.0,0,1,1058,0.43669843673706055,0.0019888877868652344,1,677.0,677.0,719.0,0.0,0.0,,timeout,0.0,671,6.71,13,3.3524573180797352,7.334468358989868,-2.9155316410101317,0.0,0,0,0.0,False
sparse_er_200_p05,1,200,1025,10.25,mean_deg,10.25,none,topology_scrambled,0.0,ideal,zero,0,graph,50.0,50.0,100,101,2780,40.351587533950806,39.09161186218262,101,504.0,506.0,695.0,0.0,0.0,,timeout,0.0,507,5.07,10,10.069159977199451,10.250000000000004,3.552713678800501e-15,0.0,0,0,-868.3472689445912,False
sparse_er_200_p05,1,200,1025,10.25,mean_deg,10.25,none,topology_scrambled,0.0,ideal,zero,1,graph,50.0,50.0,100,101,3164,66.66216087341309,65.22487354278564,101,528.0,528.0,703.0,0.0,0.0,,timeout,0.0,573,5.73,12,10.044999999935463,10.250000000000004,3.552713678800501e-15,0.0,0,0,-888.5709658702837,False
sparse_er_200_p05,1,200,1025,10.25,mean_deg,10.25,none,topology_scrambled,0.0,ideal,zero,2,graph,50.0,50.0,100,101,2540,38.424389362335205,37.29576802253723,101,541.0,542.0,691.0,0.0,0.0,,timeout,0.0,552,5.52,12,10.044999999999673,10.250000000000002,1.7763568394002505e-15,0.0,0,0,-876.0421766271563,False
sparse_er_200_p05,1,200,1025,10.25,mean_deg,10.25,none,topology_scrambled,0.0,ideal,zero,3,graph,50.0,50.0,100,101,2708,53.787827491760254,50.90523052215576,101,551.0,551.0,692.0,0.0,0.0,,timeout,0.0,572,5.72,12,10.198048325967656,10.250000000000002,1.7763568394002505e-15,0.0,0,0,-894.9868940616667,False
sparse_er_200_p05,1,200,1025,10.25,mean_deg,10.25,none,topology_scrambled,0.0,ideal,zero,4,graph,50.0,50.0,100,101,3788,59.40916323661804,54.92368531227112,101,534.0,534.0,716.0,0.0,0.0,,timeout,0.0,582,5.82,13,10.147499849782465,10.250000000000004,3.552713678800501e-15,0.0,0,0,-894.9999514382818,False
sparse_er_200_p05,1,200,1025,10.25,mean_deg,10.25,none,topology_scrambled,0.0,ideal,zero,5,graph,50.0,50.0,100,101,2924,11.089753150939941,9.792248010635376,101,540.0,540.0,699.0,0.0,0.0,,timeout,0.0,552,5.52,12,9.755357413275522,10.250000000000004,3.552713678800501e-15,0.0,0,0,-856.9143218665624,False
sparse_er_200_p05,1,200,1025,10.25,mean_deg,10.25,none,topology_scrambled,0.0,ideal,zero,6,graph,50.0,50.0,100,101,2900,35.438828468322754,34.12425875663757,101,529.0,529.0,699.0,0.0,0.0,,timeout,0.0,555,5.55,12,10.111662210309461,10.250000000000004,3.552713678800501e-15,0.0,0,0,-885.4825267759243,False
sparse_er_200_p05,1,200,1025,10.25,mean_deg,10.25,none,topology_scrambled,0.0,ideal,zero,7,graph,50.0,50.0,100,101,3824,62.995168685913086,61.24443173408508,101,551.0,551.0,687.0,0.0,0.0,,timeout,0.0,565,5.65,11,10.130830492351528,10.250000000000004,3.552713678800501e-15,0.0,0,0,-891.543661690677,False
sparse_er_200_p05,1,200,1025,10.25,mean_deg,10.25,none,topology_scrambled,0.0,ideal,zero,8,graph,50.0,50.0,100,101,2648,8.707817077636719,7.5276713371276855,101,516.0,516.0,704.0,0.0,0.0,,timeout,0.0,576,5.76,12,9.815111571635374,10.250000000000002,1.7763568394002505e-15,0.0,0,0,-876.887693602986,False
sparse_er_200_p05,1,200,1025,10.25,mean_deg,10.25,none,topology_scrambled,0.0,ideal,zero,9,graph,50.0,50.0,100,101,3980,55.79113721847534,53.939329624176025,101,532.0,532.0,703.0,0.0,0.0,,timeout,0.0,553,5.53,10,9.989590603571521,10.250000000000002,1.7763568394002505e-15,0.0,0,0,-874.0694959238897,False
sparse_er_200_p05,1,200,1025,10.25,mean_deg,10.25,sinkhorn,hebbian_sinkhorn,0.0,ideal,zero,0,graph,50.0,50.0,100,100,2996,1.8080015182495117,0.0,0,644.0,644.0,688.0,0.0,0.0,,timeout,0.0,644,6.44,14,9.694238136900262,10.250000000000004,3.552713678800501e-15,0.0,0,0,-882.6859452322353,False
sparse_er_200_p05,1,200,1025,10.25,mean_deg,10.25,sinkhorn,hebbian_sinkhorn,0.0,ideal,zero,1,graph,50.0,50.0,100,100,2780,1.6645796298980713,0.0,0,667.0,667.0,700.0,0.0,0.0,,timeout,0.0,667,6.67,16,9.679981242168587,10.250000000000004,3.552713678800501e-15,0.0,0,0,-882.0428363655221,False
sparse_er_200_p05,1,200,1025,10.25,mean_deg,10.25,sinkhorn,hebbian_sinkhorn,0.0,ideal,zero,2,graph,50.0,50.0,100,100,2708,1.6016099452972412,0.0,0,659.0,659.0,690.0,0.0,0.0,,timeout,0.0,659,6.59,13,9.555371404812275,10.250000000000002,1.7763568394002505e-15,0.0,0,0,-873.6541989951512,False
sparse_er_200_p05,1,200,1025,10.25,mean_deg,10.25,sinkhorn,hebbian_sinkhorn,0.0,ideal,zero,3,graph,50.0,50.0,100,100,2912,1.7041280269622803,0.0,0,669.0,669.0,716.0,0.0,0.0,,timeout,0.0,669,6.69,14,9.68882386989621,10.250000000000002,1.7763568394002505e-15,0.0,0,0,-885.8217419564863,False
sparse_er_200_p05,1,200,1025,10.25,mean_deg,10.25,sinkhorn,hebbian_sinkhorn,0.0,ideal,zero,4,graph,50.0,50.0,100,100,2732,1.636976718902588,0.0,0,666.0,666.0,692.0,0.0,0.0,,timeout,0.0,666,6.66,13,9.680790067136577,10.250000000000002,1.7763568394002505e-15,0.0,0,0,-884.0826544330093,False
sparse_er_200_p05,1,200,1025,10.25,mean_deg,10.25,sinkhorn,hebbian_sinkhorn,0.0,ideal,zero,5,graph,50.0,50.0,100,100,2708,1.5837311744689941,0.0,0,681.0,681.0,698.0,0.0,0.0,,timeout,0.0,681,6.81,13,9.729951828549677,10.250000000000002,1.7763568394002505e-15,0.0,0,0,-891.5070309083878,False
sparse_er_200_p05,1,200,1025,10.25,mean_deg,10.25,sinkhorn,hebbian_sinkhorn,0.0,ideal,zero,6,graph,50.0,50.0,100,100,2768,4.3605382442474365,0.0,0,683.0,683.0,719.0,0.0,0.0,,timeout,0.0,683,6.83,14,9.623352637497888,10.250000000000004,3.552713678800501e-15,0.0,0,0,-881.5801238360924,False
sparse_er_200_p05,1,200,1025,10.25,mean_deg,10.25,sinkhorn,hebbian_sinkhorn,0.0,ideal,zero,7,graph,50.0,50.0,100,100,2672,1.594726324081421,0.0,0,656.0,656.0,704.0,0.0,0.0,,timeout,0.0,656,6.56,13,9.543638953005175,10.250000000000004,3.552713678800501e-15,0.0,0,0,-871.6871409269572,False
sparse_er_200_p05,1,200,1025,10.25,mean_deg,10.25,sinkhorn,hebbian_sinkhorn,0.0,ideal,zero,8,graph,50.0,50.0,100,100,2828,1.6914708614349365,0.0,0,678.0,678.0,707.0,0.0,0.0,,timeout,0.0,678,6.78,13,9.704179248418985,10.250000000000004,3.552713678800501e-15,0.0,0,0,-888.3855634675568,False
sparse_er_200_p05,1,200,1025,10.25,mean_deg,10.25,sinkhorn,hebbian_sinkhorn,0.0,ideal,zero,9,graph,50.0,50.0,100,100,2600,1.608079433441162,0.0,0,678.0,678.0,697.0,0.0,0.0,,timeout,0.0,678,6.78,14,9.578952902731805,10.250000000000002,1.7763568394002505e-15,0.0,0,0,-877.7410099266995,False
sparse_er_200_p05,1,200,1025,10.25,mean_deg,10.25,sinkhorn,hybrid_sinkhorn,0.0,ideal,zero,0,graph,50.0,50.0,100,100,4906,2.428471088409424,0.0,0,644.0,644.0,688.0,0.0,0.0,,timeout,0.0,644,6.44,14,9.694238136900262,10.250000000000004,3.552713678800501e-15,0.0,0,0,-882.6859452322353,False
sparse_er_200_p05,1,200,1025,10.25,mean_deg,10.25,sinkhorn,hybrid_sinkhorn,0.0,ideal,zero,1,graph,50.0,50.0,100,100,4678,2.2711434364318848,0.0,0,667.0,667.0,700.0,0.0,0.0,,timeout,0.0,667,6.67,16,9.679981242168587,10.250000000000004,3.552713678800501e-15,0.0,0,0,-882.0428363655221,False
sparse_er_200_p05,1,200,1025,10.25,mean_deg,10.25,sinkhorn,hybrid_sinkhorn,0.0,ideal,zero,2,graph,50.0,50.0,100,100,4582,2.2270920276641846,0.0,0,659.0,659.0,690.0,0.0,0.0,,timeout,0.0,659,6.59,13,9.555371404812275,10.250000000000002,1.7763568394002505e-15,0.0,0,0,-873.6541989951512,False
sparse_er_200_p05,1,200,1025,10.25,mean_deg,10.25,sinkhorn,hybrid_sinkhorn,0.0,ideal,zero,3,graph,50.0,50.0,100,100,4786,2.3343212604522705,0.0,0,669.0,669.0,716.0,0.0,0.0,,timeout,0.0,669,6.69,14,9.68882386989621,10.250000000000002,1.7763568394002505e-15,0.0,0,0,-885.8217419564863,False
sparse_er_200_p05,1,200,1025,10.25,mean_deg,10.25,sinkhorn,hybrid_sinkhorn,0.0,ideal,zero,4,graph,50.0,50.0,100,100,4606,2.3104119300842285,0.0,0,666.0,666.0,692.0,0.0,0.0,,timeout,0.0,666,6.66,13,9.680790067136577,10.250000000000002,1.7763568394002505e-15,0.0,0,0,-884.0826544330093,False
sparse_er_200_p05,1,200,1025,10.25,mean_deg,10.25,sinkhorn,hybrid_sinkhorn,0.0,ideal,zero,5,graph,50.0,50.0,100,100,4594,2.2413268089294434,0.0,0,681.0,681.0,698.0,0.0,0.0,,timeout,0.0,681,6.81,13,9.729951828549677,10.250000000000002,1.7763568394002505e-15,0.0,0,0,-891.5070309083878,False
sparse_er_200_p05,1,200,1025,10.25,mean_deg,10.25,sinkhorn,hybrid_sinkhorn,0.0,ideal,zero,6,graph,50.0,50.0,100,100,4642,2.305936098098755,0.0,0,683.0,683.0,719.0,0.0,0.0,,timeout,0.0,683,6.83,14,9.623352637497888,10.250000000000004,3.552713678800501e-15,0.0,0,0,-881.5801238360924,False
sparse_er_200_p05,1,200,1025,10.25,mean_deg,10.25,sinkhorn,hybrid_sinkhorn,0.0,ideal,zero,7,graph,50.0,50.0,100,100,4546,2.562333106994629,0.0,0,656.0,656.0,704.0,0.0,0.0,,timeout,0.0,656,6.56,13,9.543638953005175,10.250000000000004,3.552713678800501e-15,0.0,0,0,-871.6871409269572,False
sparse_er_200_p05,1,200,1025,10.25,mean_deg,10.25,sinkhorn,hybrid_sinkhorn,0.0,ideal,zero,8,graph,50.0,50.0,100,100,4726,2.5814731121063232,0.0,0,678.0,678.0,707.0,0.0,0.0,,timeout,0.0,678,6.78,13,9.704179248418985,10.250000000000004,3.552713678800501e-15,0.0,0,0,-888.3855634675568,False
sparse_er_200_p05,1,200,1025,10.25,mean_deg,10.25,sinkhorn,hybrid_sinkhorn,0.0,ideal,zero,9,graph,50.0,50.0,100,100,4462,2.3658220767974854,0.0,0,678.0,678.0,697.0,0.0,0.0,,timeout,0.0,678,6.78,14,9.578952902731805,10.250000000000002,1.7763568394002505e-15,0.0,0,0,-877.7410099266995,False
sparse_er_200_p05,1,200,1025,10.25,mean_deg,10.25,frobenius,hebbian_frobenius,0.0,ideal,zero,0,graph,50.0,50.0,100,101,3260,27.47173571586609,25.983646631240845,101,642.0,642.0,705.0,0.0,0.0,,timeout,0.0,636,6.36,13,10.249999999999623,10.250000000000234,2.3447910280083306e-13,0.0,0,0,-919.4342329195116,False
sparse_er_200_p05,1,200,1025,10.25,mean_deg,10.25,frobenius,hebbian_frobenius,0.0,ideal,zero,1,graph,50.0,50.0,100,101,3212,62.43983173370361,60.971771240234375,101,674.0,674.0,703.0,0.0,0.0,,timeout,0.0,669,6.69,14,10.215438746356048,10.250000000000002,1.7763568394002505e-15,0.0,0,0,-921.5016715928878,False
sparse_er_200_p05,1,200,1025,10.25,mean_deg,10.25,frobenius,hebbian_frobenius,0.0,ideal,zero,2,graph,50.0,50.0,100,101,2984,73.25336074829102,71.91373252868652,101,661.0,661.0,690.0,0.0,0.0,,timeout,0.0,654,6.54,13,10.246206341367856,10.250000000000004,3.552713678800501e-15,0.0,0,0,-916.1438724744115,False
sparse_er_200_p05,1,200,1025,10.25,mean_deg,10.25,frobenius,hebbian_frobenius,0.0,ideal,zero,3,graph,50.0,50.0,100,101,3368,54.993916034698486,53.53774166107178,101,670.0,670.0,690.0,0.0,0.0,,timeout,0.0,662,6.62,13,10.249999999999966,10.250000000000993,9.9298347322474e-13,0.0,0,0,-921.7761977863388,False
sparse_er_200_p05,1,200,1025,10.25,mean_deg,10.25,frobenius,hebbian_frobenius,0.0,ideal,zero,4,graph,50.0,50.0,100,101,3980,64.68452739715576,62.8746440410614,101,657.0,657.0,691.0,0.0,0.0,,timeout,0.0,647,6.47,12,10.249999999999927,10.250000000000838,8.384404281969182e-13,0.0,0,0,-921.1896586875894,False
sparse_er_200_p05,1,200,1025,10.25,mean_deg,10.25,frobenius,hebbian_frobenius,0.0,ideal,zero,5,graph,50.0,50.0,100,101,2588,37.75560450553894,36.67799925804138,101,681.0,681.0,698.0,0.0,0.0,,timeout,0.0,678,6.78,12,10.249999999999948,10.250000000000245,2.4513724383723456e-13,0.0,0,0,-925.4449007452704,False
sparse_er_200_p05,1,200,1025,10.25,mean_deg,10.25,frobenius,hebbian_frobenius,0.0,ideal,zero,6,graph,50.0,50.0,100,101,3068,69.62338185310364,67.15442132949829,101,674.0,674.0,710.0,0.0,0.0,,timeout,0.0,666,6.66,12,10.245560776596117,10.250000000000004,3.552713678800501e-15,0.0,0,0,-922.432699359344,False
sparse_er_200_p05,1,200,1025,10.25,mean_deg,10.25,frobenius,hebbian_frobenius,0.0,ideal,zero,7,graph,50.0,50.0,100,101,3536,73.20424509048462,70.04509806632996,101,649.0,649.0,691.0,0.0,0.0,,timeout,0.0,642,6.42,13,10.24837890326654,10.250000000000004,3.552713678800501e-15,0.0,0,0,-917.5614848322814,False
sparse_er_200_p05,1,200,1025,10.25,mean_deg,10.25,frobenius,hebbian_frobenius,0.0,ideal,zero,8,graph,50.0,50.0,100,101,3152,19.36892008781433,17.96026372909546,101,673.0,673.0,700.0,0.0,0.0,,timeout,0.0,666,6.66,13,10.250000000000039,10.250000000000547,5.471179065352771e-13,0.0,0,0,-926.9535461747389,False
sparse_er_200_p05,1,200,1025,10.25,mean_deg,10.25,frobenius,hebbian_frobenius,0.0,ideal,zero,9,graph,50.0,50.0,100,101,3032,31.132606506347656,29.772470712661743,101,670.0,670.0,697.0,0.0,0.0,,timeout,0.0,667,6.67,15,10.1475,10.250000000000004,3.552713678800501e-15,0.0,0,0,-915.6343267022526,False
sparse_er_200_p05,1,200,1025,10.25,mean_deg,10.25,frobenius,hybrid_frobenius,0.0,ideal,zero,0,graph,50.0,50.0,100,101,5218,27.13090991973877,24.993402242660522,101,642.0,642.0,705.0,0.0,0.0,,timeout,0.0,636,6.36,13,10.249999999999623,10.250000000000234,2.3447910280083306e-13,0.0,0,0,-919.4342329195116,False
sparse_er_200_p05,1,200,1025,10.25,mean_deg,10.25,frobenius,hybrid_frobenius,0.0,ideal,zero,1,graph,50.0,50.0,100,101,5146,59.82775926589966,57.783573150634766,101,674.0,674.0,703.0,0.0,0.0,,timeout,0.0,669,6.69,14,10.215438746356048,10.250000000000002,1.7763568394002505e-15,0.0,0,0,-921.5016715928878,False
sparse_er_200_p05,1,200,1025,10.25,mean_deg,10.25,frobenius,hybrid_frobenius,0.0,ideal,zero,2,graph,50.0,50.0,100,101,4942,70.8653392791748,68.93687844276428,101,661.0,661.0,690.0,0.0,0.0,,timeout,0.0,654,6.54,13,10.246206341367856,10.250000000000004,3.552713678800501e-15,0.0,0,0,-916.1438724744115,False
sparse_er_200_p05,1,200,1025,10.25,mean_deg,10.25,frobenius,hybrid_frobenius,0.0,ideal,zero,3,graph,50.0,50.0,100,101,5326,56.22747015953064,54.073604106903076,101,670.0,670.0,690.0,0.0,0.0,,timeout,0.0,662,6.62,13,10.249999999999966,10.250000000000993,9.9298347322474e-13,0.0,0,0,-921.7761977863388,False
sparse_er_200_p05,1,200,1025,10.25,mean_deg,10.25,frobenius,hybrid_frobenius,0.0,ideal,zero,4,graph,50.0,50.0,100,101,5950,64.94491505622864,60.81258940696716,101,657.0,657.0,691.0,0.0,0.0,,timeout,0.0,647,6.47,12,10.249999999999927,10.250000000000838,8.384404281969182e-13,0.0,0,0,-921.1896586875894,False
sparse_er_200_p05,1,200,1025,10.25,mean_deg,10.25,frobenius,hybrid_frobenius,0.0,ideal,zero,5,graph,50.0,50.0,100,101,4546,38.5058479309082,36.7551851272583,101,681.0,681.0,698.0,0.0,0.0,,timeout,0.0,678,6.78,12,10.249999999999948,10.250000000000245,2.4513724383723456e-13,0.0,0,0,-925.4449007452704,False
sparse_er_200_p05,1,200,1025,10.25,mean_deg,10.25,frobenius,hybrid_frobenius,0.0,ideal,zero,6,graph,50.0,50.0,100,101,5062,70.02744102478027,66.35454964637756,101,674.0,674.0,710.0,0.0,0.0,,timeout,0.0,666,6.66,12,10.245560776596117,10.250000000000004,3.552713678800501e-15,0.0,0,0,-922.432699359344,False
sparse_er_200_p05,1,200,1025,10.25,mean_deg,10.25,frobenius,hybrid_frobenius,0.0,ideal,zero,7,graph,50.0,50.0,100,101,5494,70.38458847999573,68.19901275634766,101,649.0,649.0,691.0,0.0,0.0,,timeout,0.0,642,6.42,13,10.24837890326654,10.250000000000004,3.552713678800501e-15,0.0,0,0,-917.5614848322814,False
sparse_er_200_p05,1,200,1025,10.25,mean_deg,10.25,frobenius,hybrid_frobenius,0.0,ideal,zero,8,graph,50.0,50.0,100,101,5110,22.35836958885193,20.307112455368042,101,673.0,673.0,700.0,0.0,0.0,,timeout,0.0,666,6.66,13,10.250000000000039,10.250000000000547,5.471179065352771e-13,0.0,0,0,-926.9535461747389,False
sparse_er_200_p05,1,200,1025,10.25,mean_deg,10.25,frobenius,hybrid_frobenius,0.0,ideal,zero,9,graph,50.0,50.0,100,101,5038,32.353174924850464,30.254247665405273,101,670.0,670.0,697.0,0.0,0.0,,timeout,0.0,667,6.67,15,10.1475,10.250000000000004,3.552713678800501e-15,0.0,0,0,-915.6343267022526,False
sparse_er_200_p05,2,200,996,9.96,half_mean_deg,4.98,none,static,0.0,ideal,zero,0,graph,50.0,50.0,0,0,1802,0.8992025852203369,0.0,0,705.0,713.0,714.0,0.0,0.0,,timeout,0.0,996,9.96,18,9.96,18.0,13.02,0.0,0,0,0.0,False
sparse_er_200_p05,2,200,996,9.96,half_mean_deg,4.98,none,static,0.0,ideal,zero,1,graph,50.0,50.0,0,0,1706,0.8571624755859375,0.0,0,706.0,719.0,721.0,0.0,0.0,,timeout,0.0,996,9.96,18,9.96,18.0,13.02,0.0,0,0,0.0,False
sparse_er_200_p05,2,200,996,9.96,half_mean_deg,4.98,none,static,0.0,ideal,zero,2,graph,50.0,50.0,0,0,1862,0.9230120182037354,0.0,0,704.0,706.0,714.0,0.0,0.0,,timeout,0.0,996,9.96,18,9.96,18.0,13.02,0.0,0,0,0.0,False
sparse_er_200_p05,2,200,996,9.96,half_mean_deg,4.98,none,static,0.0,ideal,zero,3,graph,50.0,50.0,0,0,1766,0.8812527656555176,0.0,0,709.0,716.0,720.0,0.0,0.0,,timeout,0.0,996,9.96,18,9.96,18.0,13.02,0.0,0,0,0.0,False
sparse_er_200_p05,2,200,996,9.96,half_mean_deg,4.98,none,static,0.0,ideal,zero,4,graph,50.0,50.0,0,0,1958,0.9489622116088867,0.0,0,712.0,712.0,717.0,0.0,0.0,,timeout,0.0,996,9.96,18,9.96,18.0,13.02,0.0,0,0,0.0,False
sparse_er_200_p05,2,200,996,9.96,half_mean_deg,4.98,none,static,0.0,ideal,zero,5,graph,50.0,50.0,0,0,1586,0.7597572803497314,0.0,0,708.0,709.0,712.0,0.0,0.0,,timeout,0.0,996,9.96,18,9.96,18.0,13.02,0.0,0,0,0.0,False
sparse_er_200_p05,2,200,996,9.96,half_mean_deg,4.98,none,static,0.0,ideal,zero,6,graph,50.0,50.0,0,0,1910,0.9471738338470459,0.0,0,710.0,716.0,717.0,0.0,0.0,,timeout,0.0,996,9.96,18,9.96,18.0,13.02,0.0,0,0,0.0,False
sparse_er_200_p05,2,200,996,9.96,half_mean_deg,4.98,none,static,0.0,ideal,zero,7,graph,50.0,50.0,0,0,1790,0.8741724491119385,0.0,0,698.0,707.0,712.0,0.0,0.0,,timeout,0.0,996,9.96,18,9.96,18.0,13.02,0.0,0,0,0.0,False
sparse_er_200_p05,2,200,996,9.96,half_mean_deg,4.98,none,static,0.0,ideal,zero,8,graph,50.0,50.0,0,0,1790,0.9169578552246094,0.0,0,700.0,708.0,714.0,0.0,0.0,,timeout,0.0,996,9.96,18,9.96,18.0,13.02,0.0,0,0,0.0,False
sparse_er_200_p05,2,200,996,9.96,half_mean_deg,4.98,none,static,0.0,ideal,zero,9,graph,50.0,50.0,0,0,1862,0.9120657444000244,0.0,0,705.0,705.0,709.0,0.0,0.0,,timeout,0.0,996,9.96,18,9.96,18.0,13.02,0.0,0,0,0.0,False
sparse_er_200_p05,2,200,996,9.96,half_mean_deg,4.98,none,random_rounding,0.0,ideal,zero,0,graph,50.0,50.0,0,0,1802,3.6876113414764404,0.0,0,705.0,713.0,714.0,0.0,0.0,,timeout,0.0,996,9.96,18,9.96,18.0,13.02,0.0,0,0,0.0,False
sparse_er_200_p05,2,200,996,9.96,half_mean_deg,4.98,none,random_rounding,0.0,ideal,zero,1,graph,50.0,50.0,0,0,1706,0.8593771457672119,0.0,0,706.0,719.0,721.0,0.0,0.0,,timeout,0.0,996,9.96,18,9.96,18.0,13.02,0.0,0,0,0.0,False
sparse_er_200_p05,2,200,996,9.96,half_mean_deg,4.98,none,random_rounding,0.0,ideal,zero,2,graph,50.0,50.0,0,0,1862,0.9426851272583008,0.0,0,704.0,706.0,714.0,0.0,0.0,,timeout,0.0,996,9.96,18,9.96,18.0,13.02,0.0,0,0,0.0,False
sparse_er_200_p05,2,200,996,9.96,half_mean_deg,4.98,none,random_rounding,0.0,ideal,zero,3,graph,50.0,50.0,0,0,1766,0.8909268379211426,0.0,0,709.0,716.0,720.0,0.0,0.0,,timeout,0.0,996,9.96,18,9.96,18.0,13.02,0.0,0,0,0.0,False
sparse_er_200_p05,2,200,996,9.96,half_mean_deg,4.98,none,random_rounding,0.0,ideal,zero,4,graph,50.0,50.0,0,0,1958,0.9874768257141113,0.0,0,712.0,712.0,717.0,0.0,0.0,,timeout,0.0,996,9.96,18,9.96,18.0,13.02,0.0,0,0,0.0,False
sparse_er_200_p05,2,200,996,9.96,half_mean_deg,4.98,none,random_rounding,0.0,ideal,zero,5,graph,50.0,50.0,0,0,1586,0.795630693435669,0.0,0,708.0,709.0,712.0,0.0,0.0,,timeout,0.0,996,9.96,18,9.96,18.0,13.02,0.0,0,0,0.0,False
sparse_er_200_p05,2,200,996,9.96,half_mean_deg,4.98,none,random_rounding,0.0,ideal,zero,6,graph,50.0,50.0,0,0,1910,0.9836184978485107,0.0,0,710.0,716.0,717.0,0.0,0.0,,timeout,0.0,996,9.96,18,9.96,18.0,13.02,0.0,0,0,0.0,False
sparse_er_200_p05,2,200,996,9.96,half_mean_deg,4.98,none,random_rounding,0.0,ideal,zero,7,graph,50.0,50.0,0,0,1790,0.9110424518585205,0.0,0,698.0,707.0,712.0,0.0,0.0,,timeout,0.0,996,9.96,18,9.96,18.0,13.02,0.0,0,0,0.0,False
sparse_er_200_p05,2,200,996,9.96,half_mean_deg,4.98,none,random_rounding,0.0,ideal,zero,8,graph,50.0,50.0,0,0,1790,0.8943493366241455,0.0,0,700.0,708.0,714.0,0.0,0.0,,timeout,0.0,996,9.96,18,9.96,18.0,13.02,0.0,0,0,0.0,False
sparse_er_200_p05,2,200,996,9.96,half_mean_deg,4.98,none,random_rounding,0.0,ideal,zero,9,graph,50.0,50.0,0,0,1862,0.9061939716339111,0.0,0,705.0,705.0,709.0,0.0,0.0,,timeout,0.0,996,9.96,18,9.96,18.0,13.02,0.0,0,0,0.0,False
sparse_er_200_p05,2,200,996,9.96,half_mean_deg,4.98,none,greedy,0.0,ideal,zero,0,graph,50.0,50.0,0,0,0,0.0006852149963378906,0.0,0,672.0,672.0,672.0,0.0,0.0,,timeout,0.0,0,0.0,0,0.0,0.0,0.0,0.0,0,0,0.0,False
sparse_er_200_p05,2,200,996,9.96,half_mean_deg,4.98,none,greedy,0.0,ideal,zero,1,graph,50.0,50.0,0,0,0,0.0004687309265136719,0.0,0,663.0,663.0,663.0,0.0,0.0,,timeout,0.0,0,0.0,0,0.0,0.0,0.0,0.0,0,0,0.0,False
sparse_er_200_p05,2,200,996,9.96,half_mean_deg,4.98,none,greedy,0.0,ideal,zero,2,graph,50.0,50.0,0,0,0,0.0009202957153320312,0.0,0,697.0,697.0,697.0,0.0,0.0,,timeout,0.0,0,0.0,0,0.0,0.0,0.0,0.0,0,0,0.0,False
sparse_er_200_p05,2,200,996,9.96,half_mean_deg,4.98,none,greedy,0.0,ideal,zero,3,graph,50.0,50.0,0,0,0,0.0005481243133544922,0.0,0,666.0,666.0,666.0,0.0,0.0,,timeout,0.0,0,0.0,0,0.0,0.0,0.0,0.0,0,0,0.0,False
sparse_er_200_p05,2,200,996,9.96,half_mean_deg,4.98,none,greedy,0.0,ideal,zero,4,graph,50.0,50.0,0,0,0,0.0006566047668457031,0.0,0,691.0,691.0,691.0,0.0,0.0,,timeout,0.0,0,0.0,0,0.0,0.0,0.0,0.0,0,0,0.0,False
sparse_er_200_p05,2,200,996,9.96,half_mean_deg,4.98,none,greedy,0.0,ideal,zero,5,graph,50.0,50.0,0,0,0,0.0007307529449462891,0.0,0,699.0,699.0,699.0,0.0,0.0,,timeout,0.0,0,0.0,0,0.0,0.0,0.0,0.0,0,0,0.0,False
sparse_er_200_p05,2,200,996,9.96,half_mean_deg,4.98,none,greedy,0.0,ideal,zero,6,graph,50.0,50.0,0,0,0,0.00046443939208984375,0.0,0,680.0,680.0,680.0,0.0,0.0,,timeout,0.0,0,0.0,0,0.0,0.0,0.0,0.0,0,0,0.0,False
sparse_er_200_p05,2,200,996,9.96,half_mean_deg,4.98,none,greedy,0.0,ideal,zero,7,graph,50.0,50.0,0,0,0,0.0006918907165527344,0.0,0,690.0,690.0,690.0,0.0,0.0,,timeout,0.0,0,0.0,0,0.0,0.0,0.0,0.0,0,0,0.0,False
sparse_er_200_p05,2,200,996,9.96,half_mean_deg,4.98,none,greedy,0.0,ideal,zero,8,graph,50.0,50.0,0,0,0,0.0006113052368164062,0.0,0,687.0,687.0,687.0,0.0,0.0,,timeout,0.0,0,0.0,0,0.0,0.0,0.0,0.0,0,0,0.0,False
sparse_er_200_p05,2,200,996,9.96,half_mean_deg,4.98,none,greedy,0.0,ideal,zero,9,graph,50.0,50.0,0,0,0,0.0005321502685546875,0.0,0,704.0,704.0,704.0,0.0,0.0,,timeout,0.0,0,0.0,0,0.0,0.0,0.0,0.0,0,0,0.0,False
sparse_er_200_p05,2,200,996,9.96,half_mean_deg,4.98,none,static_projected,0.0,ideal,zero,0,graph,50.0,50.0,0,1,1046,0.5657460689544678,0.061269521713256836,1,693.0,708.0,713.0,0.0,0.0,,timeout,0.0,996,9.96,18,4.817760886526225,4.98000000000078,7.7982065249671e-13,0.0,0,0,0.0,False
sparse_er_200_p05,2,200,996,9.96,half_mean_deg,4.98,none,static_projected,0.0,ideal,zero,1,graph,50.0,50.0,0,1,986,0.5486314296722412,0.0682826042175293,1,694.0,694.0,702.0,0.0,0.0,,timeout,0.0,996,9.96,18,4.817760886526225,4.98000000000078,7.7982065249671e-13,0.0,0,0,0.0,False
sparse_er_200_p05,2,200,996,9.96,half_mean_deg,4.98,none,static_projected,0.0,ideal,zero,2,graph,50.0,50.0,0,1,1106,0.6052501201629639,0.06954503059387207,1,716.0,716.0,720.0,0.0,0.0,,timeout,0.0,996,9.96,18,4.817760886526225,4.98000000000078,7.7982065249671e-13,0.0,0,0,0.0,False
sparse_er_200_p05,2,200,996,9.96,half_mean_deg,4.98,none,static_projected,0.0,ideal,zero,3,graph,50.0,50.0,0,1,986,0.541715145111084,0.061336517333984375,1,715.0,715.0,720.0,0.0,0.0,,timeout,0.0,996,9.96,18,4.817760886526225,4.98000000000078,7.7982065249671e-13,0.0,0,0,0.0,False
sparse_er_200_p05,2,200,996,9.96,half_mean_deg,4.98,none,static_projected,0.0,ideal,zero,4,graph,50.0,50.0,0,1,962,0.5562968254089355,0.07556033134460449,1,684.0,694.0,709.0,0.0,0.0,,timeout,0.0,996,9.96,18,4.817760886526225,4.98000000000078,7.7982065249671e-13,0.0,0,0,0.0,False
sparse_er_200_p05,2,200,996,9.96,half_mean_deg,4.98,none,static_projected,0.0,ideal,zero,5,graph,50.0,50.0,0,1,1022,0.5541980266571045,0.06881570816040039,1,705.0,705.0,713.0,0.0,0.0,,timeout,0.0,996,9.96,18,4.817760886526225,4.98000000000078,7.7982065249671e-13,0.0,0,0,0.0,False
sparse_er_200_p05,2,200,996,9.96,half_mean_deg,4.98,none,static_projected,0.0,ideal,zero,6,graph,50.0,50.0,0,1,962,0.5604777336120605,0.06960797309875488,1,702.0,711.0,719.0,0.0,0.0,,timeout,0.0,996,9.96,18,4.817760886526225,4.98000000000078,7.7982065249671e-13,0.0,0,0,0.0,False
sparse_er_200_p05,2,200,996,9.96,half_mean_deg,4.98,none,static_projected,0.0,ideal,zero,7,graph,50.0,50.0,0,1,986,0.564028263092041,0.07495808601379395,1,704.0,704.0,711.0,0.0,0.0,,timeout,0.0,996,9.96,18,4.817760886526225,4.98000000000078,7.7982065249671e-13,0.0,0,0,0.0,False
sparse_er_200_p05,2,200,996,9.96,half_mean_deg,4.98,none,static_projected,0.0,ideal,zero,8,graph,50.0,50.0,0,1,938,0.5705363750457764,0.07622194290161133,1,681.0,695.0,704.0,0.0,0.0,,timeout,0.0,996,9.96,18,4.817760886526225,4.98000000000078,7.7982065249671e-13,0.0,0,0,0.0,False
sparse_er_200_p05,2,200,996,9.96,half_mean_deg,4.98,none,static_projected,0.0,ideal,zero,9,graph,50.0,50.0,0,1,962,0.5806517601013184,0.07544302940368652,1,687.0,708.0,715.0,0.0,0.0,,timeout,0.0,996,9.96,18,4.817760886526225,4.98000000000078,7.7982065249671e-13,0.0,0,0,0.0,False
sparse_er_200_p05,2,200,996,9.96,half_mean_deg,4.98,none,static_budgeted,0.0,ideal,zero,0,graph,50.0,50.0,0,1,974,0.6021924018859863,0.08043193817138672,1,671.0,684.0,703.0,0.0,0.0,,timeout,0.0,755,7.55,14,4.8011759094051545,4.980000000000001,8.881784197001252e-16,0.0,0,0,0.0,False
sparse_er_200_p05,2,200,996,9.96,half_mean_deg,4.98,none,static_budgeted,0.0,ideal,zero,1,graph,50.0,50.0,0,1,1118,0.6587836742401123,0.08825993537902832,1,672.0,690.0,702.0,0.0,0.0,,timeout,0.0,749,7.49,14,4.7712564184171375,4.980000000000002,1.7763568394002505e-15,0.0,0,0,0.0,False
sparse_er_200_p05,2,200,996,9.96,half_mean_deg,4.98,none,static_budgeted,0.0,ideal,zero,2,graph,50.0,50.0,0,1,1094,0.635814905166626,0.07375693321228027,1,658.0,673.0,696.0,0.0,0.0,,timeout,0.0,741,7.41,15,4.759491925588119,4.980000000000001,8.881784197001252e-16,0.0,0,0,0.0,False
sparse_er_200_p05,2,200,996,9.96,half_mean_deg,4.98,none,static_budgeted,0.0,ideal,zero,3,graph,50.0,50.0,0,1,1118,0.6295320987701416,0.08125567436218262,1,680.0,692.0,706.0,0.0,0.0,,timeout,0.0,753,7.53,14,4.77675331028465,4.980000000000001,8.881784197001252e-16,0.0,0,0,0.0,False
sparse_er_200_p05,2,200,996,9.96,half_mean_deg,4.98,none,static_budgeted,0.0,ideal,zero,4,graph,50.0,50.0,0,1,1274,0.7448866367340088,0.0794680118560791,1,673.0,684.0,708.0,0.0,0.0,,timeout,0.0,748,7.48,13,4.776681768786781,4.980000000000001,8.881784197001252e-16,0.0,0,0,0.0,False
sparse_er_200_p05,2,200,996,9.96,half_mean_deg,4.98,none,static_budgeted,0.0,ideal,zero,5,graph,50.0,50.0,0,1,1118,0.6628642082214355,0.08807373046875,1,679.0,679.0,692.0,0.0,0.0,,timeout,0.0,750,7.5,14,4.793286002062868,4.980000000000819,8.189005029635155e-13,0.0,0,0,0.0,False
sparse_er_200_p05,2,200,996,9.96,half_mean_deg,4.98,none,static_budgeted,0.0,ideal,zero,6,graph,50.0,50.0,0,1,1142,0.6327571868896484,0.06089377403259277,1,673.0,690.0,705.0,0.0,0.0,,timeout,0.0,751,7.51,13,4.7494687187298705,4.980000000000002,1.7763568394002505e-15,0.0,0,0,0.0,False
sparse_er_200_p05,2,200,996,9.96,half_mean_deg,4.98,none,static_budgeted,0.0,ideal,zero,7,graph,50.0,50.0,0,1,1154,0.6334943771362305,0.07040047645568848,1,661.0,676.0,704.0,0.0,0.0,,timeout,0.0,738,7.38,15,4.748891781956228,4.9800000000006746,6.741274205523951e-13,0.0,0,0,0.0,False
sparse_er_200_p05,2,200,996,9.96,half_mean_deg,4.98,none,static_budgeted,0.0,ideal,zero,8,graph,50.0,50.0,0,1,1010,0.5590622425079346,0.06716060638427734,1,676.0,681.0,690.0,0.0,0.0,,timeout,0.0,749,7.49,15,4.751261968930177,4.98000000000087,8.695266728864226e-13,0.0,0,0,0.0,False
sparse_er_200_p05,2,200,996,9.96,half_mean_deg,4.98,none,static_budgeted,0.0,ideal,zero,9,graph,50.0,50.0,0,1,878,0.5033614635467529,0.07407188415527344,1,671.0,696.0,709.0,0.0,0.0,,timeout,0.0,755,7.55,14,4.759138148862084,4.9800000000008,7.993605777301127e-13,0.0,0,0,0.0,False
sparse_er_200_p05,2,200,996,9.96,half_mean_deg,4.98,none,random_budgeted,0.0,ideal,zero,0,graph,50.0,50.0,0,1,962,0.5028681755065918,0.038811445236206055,1,689.0,692.0,704.0,0.0,0.0,,timeout,0.0,979,9.79,17,4.140101591314792,4.980000000000771,7.709388682997087e-13,0.0,0,0,0.0,False
sparse_er_200_p05,2,200,996,9.96,half_mean_deg,4.98,none,random_budgeted,0.0,ideal,zero,1,graph,50.0,50.0,0,1,950,0.5238373279571533,0.043306589126586914,1,680.0,684.0,701.0,0.0,0.0,,timeout,0.0,969,9.69,16,4.160757396867375,4.980000000000176,1.758593271006248e-13,0.0,0,0,0.0,False
sparse_er_200_p05,2,200,996,9.96,half_mean_deg,4.98,none,random_budgeted,0.0,ideal,zero,2,graph,50.0,50.0,0,1,926,0.5391788482666016,0.03867769241333008,1,687.0,691.0,703.0,0.0,0.0,,timeout,0.0,981,9.81,17,4.0565736465291495,4.980000000000779,7.789324740770098e-13,0.0,0,0,0.0,False
sparse_er_200_p05,2,200,996,9.96,half_mean_deg,4.98,none,random_budgeted,0.0,ideal,zero,3,graph,50.0,50.0,0,1,1046,0.5876574516296387,0.038030385971069336,1,697.0,697.0,710.0,0.0,0.0,,timeout,0.0,975,9.75,18,4.154193410754905,4.980000000000218,2.1760371282653068e-13,0.0,0,0,0.0,False
sparse_er_200_p05,2,200,996,9.96,half_mean_deg,4.98,none,random_budgeted,0.0,ideal,zero,4,graph,50.0,50.0,0,1,1058,0.5953693389892578,0.04790687561035156,1,663.0,714.0,715.0,0.0,0.0,,timeout,0.0,975,9.75,17,4.1303466845756525,4.980000000000846,8.455458555545192e-13,0.0,0,0,0.0,False
sparse_er_200_p05,2,200,996,9.96,half_mean_deg,4.98,none,random_budgeted,0.0,ideal,zero,5,graph,50.0,50.0,0,1,878,0.4967796802520752,0.036303043365478516,1,676.0,683.0,696.0,0.0,0.0,,timeout,0.0,975,9.75,17,4.157441806738587,4.980000000000376,3.7569947153315297e-13,0.0,0,0,0.0,False
sparse_er_200_p05,2,200,996,9.96,half_mean_deg,4.98,none,random_budgeted,0.0,ideal,zero,6,graph,50.0,50.0,0,1,914,0.5090503692626953,0.04058980941772461,1,684.0,700.0,714.0,0.0,0.0,,timeout,0.0,974,9.74,17,4.125725278370179,4.980000000000002,1.7763568394002505e-15,0.0,0,0,0.0,False
sparse_er_200_p05,2,200,996,9.96,half_mean_deg,4.98,none,random_budgeted,0.0,ideal,zero,7,graph,50.0,50.0,0,1,890,0.5147209167480469,0.04523968696594238,1,679.0,697.0,707.0,0.0,0.0,,timeout,0.0,978,9.78,16,4.148024304761092,4.980000000000292,2.913225216616411e-13,0.0,0,0,0.0,False
sparse_er_200_p05,2,200,996,9.96,half_mean_deg,4.98,none,random_budgeted,0.0,ideal,zero,8,graph,50.0,50.0,0,1,866,0.4734673500061035,0.0424656867980957,1,663.0,701.0,705.0,0.0,0.0,,timeout,0.0,974,9.74,18,4.196322704628649,4.980000000000001,8.881784197001252e-16,0.0,0,0,0.0,False
sparse_er_200_p05,2,200,996,9.96,half_mean_deg,4.98,none,random_budgeted,0.0,ideal,zero,9,graph,50.0,50.0,0,1,902,0.4859006404876709,0.03147006034851074,1,682.0,696.0,705.0,0.0,0.0,,timeout,0.0,977,9.77,17,4.1117466166083,4.980000000000162,1.616484723854228e-13,0.0,0,0,0.0,False
sparse_er_200_p05,2,200,996,9.96,half_mean_deg,4.98,none,learned_support_random_weights,0.0,ideal,zero,0,hebbian_seed0,50.0,50.0,0,1,962,0.39940571784973145,0.015182733535766602,1,628.0,628.0,690.0,0.0,0.0,,timeout,0.0,607,6.07,11,2.985180027363285,4.98,0.0,0.0,0,0,0.0,False
sparse_er_200_p05,2,200,996,9.96,half_mean_deg,4.98,none,learned_support_random_weights,0.0,ideal,zero,1,hebbian_seed0,50.0,50.0,0,1,998,0.4248960018157959,0.018578529357910156,1,628.0,628.0,690.0,0.0,0.0,,timeout,0.0,608,6.08,11,3.05578479823297,4.98000000000013,1.2967404927621828e-13,0.0,0,0,0.0,False
sparse_er_200_p05,2,200,996,9.96,half_mean_deg,4.98,none,learned_support_random_weights,0.0,ideal,zero,2,hebbian_seed0,50.0,50.0,0,1,962,0.39940834045410156,0.017440319061279297,1,628.0,628.0,690.0,0.0,0.0,,timeout,0.0,608,6.08,11,2.9518347805192464,4.980000000000002,1.7763568394002505e-15,0.0,0,0,0.0,False
sparse_er_200_p05,2,200,996,9.96,half_mean_deg,4.98,none,learned_support_random_weights,0.0,ideal,zero,3,hebbian_seed0,50.0,50.0,0,1,938,0.3749237060546875,0.012628316879272461,1,628.0,628.0,690.0,0.0,0.0,,timeout,0.0,608,6.08,11,2.965942146273753,4.980000000000065,6.483702463810914e-14,0.0,0,0,0.0,False
sparse_er_200_p05,2,200,996,9.96,half_mean_deg,4.98,none,learned_support_random_weights,0.0,ideal,zero,4,hebbian_seed0,50.0,50.0,0,1,902,0.38277554512023926,0.013581037521362305,1,628.0,628.0,690.0,0.0,0.0,,timeout,0.0,608,6.08,11,2.9281860415950463,4.980000000000096,9.592326932761353e-14,0.0,0,0,0.0,False
sparse_er_200_p05,2,200,996,9.96,half_mean_deg,4.98,none,learned_support_random_weights,0.0,ideal,zero,5,hebbian_seed0,50.0,50.0,0,1,950,0.387667179107666,0.01459956169128418,1,628.0,628.0,690.0,0.0,0.0,,timeout,0.0,608,6.08,11,3.0433061041947234,4.980000000000002,1.7763568394002505e-15,0.0,0,0,0.0,False
sparse_er_200_p05,2,200,996,9.96,half_mean_deg,4.98,none,learned_support_random_weights,0.0,ideal,zero,6,hebbian_seed0,50.0,50.0,0,1,1046,0.42987680435180664,0.01551675796508789,1,628.0,628.0,690.0,0.0,0.0,,timeout,0.0,607,6.07,11,3.023264519361862,4.980000000000086,8.526512829121202e-14,0.0,0,0,0.0,False
sparse_er_200_p05,2,200,996,9.96,half_mean_deg,4.98,none,learned_support_random_weights,0.0,ideal,zero,7,hebbian_seed0,50.0,50.0,0,1,890,0.3842639923095703,0.018128395080566406,1,628.0,628.0,690.0,0.0,0.0,,timeout,0.0,608,6.08,11,3.035315068164444,4.9800000000000555,5.5067062021407764e-14,0.0,0,0,0.0,False
sparse_er_200_p05,2,200,996,9.96,half_mean_deg,4.98,none,learned_support_random_weights,0.0,ideal,zero,8,hebbian_seed0,50.0,50.0,0,1,974,0.3925459384918213,0.01155543327331543,1,628.0,628.0,690.0,0.0,0.0,,timeout,0.0,607,6.07,11,3.1203380103366785,4.98,0.0,0.0,0,0,0.0,False
sparse_er_200_p05,2,200,996,9.96,half_mean_deg,4.98,none,learned_support_random_weights,0.0,ideal,zero,9,hebbian_seed0,50.0,50.0,0,1,974,0.40622711181640625,0.017602920532226562,1,628.0,628.0,690.0,0.0,0.0,,timeout,0.0,607,6.07,11,2.90879465624791,4.980000000000005,4.440892098500626e-15,0.0,0,0,0.0,False
sparse_er_200_p05,2,200,996,9.96,half_mean_deg,4.98,none,topology_scrambled,0.0,ideal,zero,0,graph,50.0,50.0,100,101,2624,58.54516386985779,57.30353593826294,101,510.0,512.0,680.0,0.0,0.0,,timeout,0.0,540,5.4,11,4.930200000000001,4.980000000000002,1.7763568394002505e-15,0.0,0,0,-461.7534957754074,False
sparse_er_200_p05,2,200,996,9.96,half_mean_deg,4.98,none,topology_scrambled,0.0,ideal,zero,1,graph,50.0,50.0,100,101,2636,59.36066794395447,58.10762143135071,101,497.0,511.0,697.0,0.0,0.0,,timeout,0.0,538,5.38,11,4.9302,4.9800000000000075,7.105427357601002e-15,0.0,0,0,-461.47960902164255,False
sparse_er_200_p05,2,200,996,9.96,half_mean_deg,4.98,none,topology_scrambled,0.0,ideal,zero,2,graph,50.0,50.0,100,101,2996,89.72099947929382,87.25582075119019,101,515.0,517.0,680.0,0.0,0.0,,timeout,0.0,539,5.39,12,4.976082749937138,4.980000000000001,8.881784197001252e-16,0.0,0,0,-462.2583216564422,False
sparse_er_200_p05,2,200,996,9.96,half_mean_deg,4.98,none,topology_scrambled,0.0,ideal,zero,3,graph,50.0,50.0,100,101,3224,85.0789589881897,83.60842800140381,101,531.0,531.0,677.0,0.0,0.0,,timeout,0.0,526,5.26,10,4.960146547822095,4.980000000000001,8.881784197001252e-16,0.0,0,0,-460.4575347161056,False
sparse_er_200_p05,2,200,996,9.96,half_mean_deg,4.98,none,topology_scrambled,0.0,ideal,zero,4,graph,50.0,50.0,100,101,3020,57.07254362106323,55.759504556655884,101,534.0,536.0,677.0,0.0,0.0,,timeout,0.0,552,5.52,11,4.930200000000001,4.980000000000001,8.881784197001252e-16,0.0,0,0,-463.5851656594838,False
sparse_er_200_p05,2,200,996,9.96,half_mean_deg,4.98,none,topology_scrambled,0.0,ideal,zero,5,graph,50.0,50.0,100,101,2744,89.84333038330078,88.60073161125183,101,510.0,510.0,687.0,0.0,0.0,,timeout,0.0,572,5.72,10,4.938647103535459,4.980000000000001,8.881784197001252e-16,0.0,0,0,-463.2244104388455,False
sparse_er_200_p05,2,200,996,9.96,half_mean_deg,4.98,none,topology_scrambled,0.0,ideal,zero,6,graph,50.0,50.0,100,101,2924,86.11055064201355,84.71294808387756,101,528.0,528.0,691.0,0.0,0.0,,timeout,0.0,557,5.57,11,4.960611540881541,4.980000000000001,8.881784197001252e-16,0.0,0,0,-465.33840051869004,False
sparse_er_200_p05,2,200,996,9.96,half_mean_deg,4.98,none,topology_scrambled,0.0,ideal,zero,7,graph,50.0,50.0,100,101,3032,88.85386538505554,84.6262276172638,101,551.0,554.0,678.0,0.0,0.0,,timeout,0.0,536,5.36,11,4.979912776471264,4.980000000000001,8.881784197001252e-16,0.0,0,0,-462.40734122221227,False
sparse_er_200_p05,2,200,996,9.96,half_mean_deg,4.98,none,topology_scrambled,0.0,ideal,zero,8,graph,50.0,50.0,100,101,2480,45.706507205963135,44.505276918411255,101,561.0,561.0,687.0,0.0,0.0,,timeout,0.0,521,5.21,11,4.930199999999966,4.980000000000758,7.576161920042068e-13,0.0,0,0,-459.1753071541865,False
sparse_er_200_p05,2,200,996,9.96,half_mean_deg,4.98,none,topology_scrambled,0.0,ideal,zero,9,graph,50.0,50.0,100,101,3308,83.8596715927124,82.16160035133362,101,496.0,509.0,678.0,0.0,0.0,,timeout,0.0,447,4.47,9,4.942297989712846,4.980000000000002,1.7763568394002505e-15,0.0,0,0,-453.9398859971446,False
sparse_er_200_p05,2,200,996,9.96,half_mean_deg,4.98,sinkhorn,hebbian_sinkhorn,0.0,ideal,zero,0,graph,50.0,50.0,100,100,3884,1.992725133895874,0.0,0,644.0,648.0,694.0,0.0,0.0,,timeout,0.0,644,6.44,13,4.662585596678801,4.980000000000001,8.881784197001252e-16,0.0,0,0,-446.9753572222748,False
sparse_er_200_p05,2,200,996,9.96,half_mean_deg,4.98,sinkhorn,hebbian_sinkhorn,0.0,ideal,zero,1,graph,50.0,50.0,100,100,4064,2.0183959007263184,0.0,0,623.0,623.0,684.0,0.0,0.0,,timeout,0.0,623,6.23,13,4.625830016582849,4.980000000000001,8.881784197001252e-16,0.0,0,0,-442.7068984388254,False
sparse_er_200_p05,2,200,996,9.96,half_mean_deg,4.98,sinkhorn,hebbian_sinkhorn,0.0,ideal,zero,2,graph,50.0,50.0,100,100,3800,2.005749225616455,0.0,0,609.0,609.0,674.0,0.0,0.0,,timeout,0.0,609,6.09,13,4.619962307264818,4.980000000000001,8.881784197001252e-16,0.0,0,0,-441.6037520879745,False
sparse_er_200_p05,2,200,996,9.96,half_mean_deg,4.98,sinkhorn,hebbian_sinkhorn,0.0,ideal,zero,3,graph,50.0,50.0,100,100,3416,1.7882189750671387,0.0,0,635.0,635.0,686.0,0.0,0.0,,timeout,0.0,635,6.35,12,4.605245849653502,4.980000000000001,8.881784197001252e-16,0.0,0,2,-441.1623404255049,False
sparse_er_200_p05,2,200,996,9.96,half_mean_deg,4.98,sinkhorn,hebbian_sinkhorn,0.0,ideal,zero,4,graph,50.0,50.0,100,100,3968,2.1366357803344727,0.0,0,629.0,629.0,675.0,0.0,0.0,,timeout,0.0,629,6.29,13,4.606681167106423,4.980000000000001,8.881784197001252e-16,0.0,0,7,-440.62277068354194,False
sparse_er_200_p05,2,200,996,9.96,half_mean_deg,4.98,sinkhorn,hebbian_sinkhorn,0.0,ideal,zero,5,graph,50.0,50.0,100,100,3704,4.97283411026001,0.0,0,624.0,624.0,692.0,0.0,0.0,,timeout,0.0,624,6.24,12,4.602503882774966,4.980000000000001,8.881784197001252e-16,0.0,0,0,-440.9352137237496,False
sparse_er_200_p05,2,200,996,9.96,half_mean_deg,4.98,sinkhorn,hebbian_sinkhorn,0.0,ideal,zero,6,graph,50.0,50.0,100,100,4088,2.11824893951416,0.0,0,661.0,661.0,686.0,0.0,0.0,,timeout,0.0,661,6.61,14,4.661385483440977,4.980000000000002,1.7763568394002505e-15,0.0,0,0,-447.10557739560375,False
sparse_er_200_p05,2,200,996,9.96,half_mean_deg,4.98,sinkhorn,hebbian_sinkhorn,0.0,ideal,zero,7,graph,50.0,50.0,100,100,3992,2.1498987674713135,0.0,0,634.0,634.0,666.0,0.0,0.0,,timeout,0.0,634,6.34,13,4.654883268861787,4.980000000000001,8.881784197001252e-16,0.0,0,0,-445.9209701161113,False
sparse_er_200_p05,2,200,996,9.96,half_mean_deg,4.98,sinkhorn,hebbian_sinkhorn,0.0,ideal,zero,8,graph,50.0,50.0,100,100,4220,2.1749627590179443,0.0,0,613.0,613.0,673.0,0.0,0.0,,timeout,0.0,613,6.13,12,4.5843320251993385,4.980000000000001,8.881784197001252e-16,0.0,0,5,-438.4548957310512,False
sparse_er_200_p05,2,200,996,9.96,half_mean_deg,4.98,sinkhorn,hebbian_sinkhorn,0.0,ideal,zero,9,graph,50.0,50.0,100,100,3752,2.0543346405029297,0.0,0,639.0,639.0,681.0,0.0,0.0,,timeout,0.0,639,6.39,16,4.658211955341808,4.980000000000001,8.881784197001252e-16,0.0,0,0,-445.95813274268784,False
sparse_er_200_p05,2,200,996,9.96,half_mean_deg,4.98,sinkhorn,hybrid_sinkhorn,0.0,ideal,zero,0,graph,50.0,50.0,100,100,4882,2.3509318828582764,0.0,0,644.0,648.0,694.0,0.0,0.0,,timeout,0.0,644,6.44,13,4.662585596678801,4.980000000000001,8.881784197001252e-16,0.0,0,0,-446.9753572222748,False
sparse_er_200_p05,2,200,996,9.96,half_mean_deg,4.98,sinkhorn,hybrid_sinkhorn,0.0,ideal,zero,1,graph,50.0,50.0,100,100,5050,2.3792989253997803,0.0,0,623.0,623.0,684.0,0.0,0.0,,timeout,0.0,623,6.23,13,4.625830016582849,4.980000000000001,8.881784197001252e-16,0.0,0,0,-442.7068984388254,False
sparse_er_200_p05,2,200,996,9.96,half_mean_deg,4.98,sinkhorn,hybrid_sinkhorn,0.0,ideal,zero,2,graph,50.0,50.0,100,100,4774,2.3191277980804443,0.0,0,609.0,609.0,674.0,0.0,0.0,,timeout,0.0,609,6.09,13,4.619962307264818,4.980000000000001,8.881784197001252e-16,0.0,0,0,-441.6037520879745,False
sparse_er_200_p05,2,200,996,9.96,half_mean_deg,4.98,sinkhorn,hybrid_sinkhorn,0.0,ideal,zero,3,graph,50.0,50.0,100,100,4390,2.1950843334198,0.0,0,635.0,635.0,686.0,0.0,0.0,,timeout,0.0,635,6.35,12,4.605245849653502,4.980000000000001,8.881784197001252e-16,0.0,0,2,-441.1623404255049,False
sparse_er_200_p05,2,200,996,9.96,half_mean_deg,4.98,sinkhorn,hybrid_sinkhorn,0.0,ideal,zero,4,graph,50.0,50.0,100,100,4942,2.3334860801696777,0.0,0,629.0,629.0,675.0,0.0,0.0,,timeout,0.0,629,6.29,13,4.606681167106423,4.980000000000001,8.881784197001252e-16,0.0,0,7,-440.62277068354194,False
sparse_er_200_p05,2,200,996,9.96,half_mean_deg,4.98,sinkhorn,hybrid_sinkhorn,0.0,ideal,zero,5,graph,50.0,50.0,100,100,4690,2.2327921390533447,0.0,0,624.0,624.0,692.0,0.0,0.0,,timeout,0.0,624,6.24,12,4.602503882774966,4.980000000000001,8.881784197001252e-16,0.0,0,0,-440.9352137237496,False
sparse_er_200_p05,2,200,996,9.96,half_mean_deg,4.98,sinkhorn,hybrid_sinkhorn,0.0,ideal,zero,6,graph,50.0,50.0,100,100,5074,2.4214766025543213,0.0,0,661.0,661.0,686.0,0.0,0.0,,timeout,0.0,661,6.61,14,4.661385483440977,4.980000000000002,1.7763568394002505e-15,0.0,0,0,-447.10557739560375,False
sparse_er_200_p05,2,200,996,9.96,half_mean_deg,4.98,sinkhorn,hybrid_sinkhorn,0.0,ideal,zero,7,graph,50.0,50.0,100,100,4966,2.4435665607452393,0.0,0,634.0,634.0,666.0,0.0,0.0,,timeout,0.0,634,6.34,13,4.654883268861787,4.980000000000001,8.881784197001252e-16,0.0,0,0,-445.9209701161113,False
sparse_er_200_p05,2,200,996,9.96,half_mean_deg,4.98,sinkhorn,hybrid_sinkhorn,0.0,ideal,zero,8,graph,50.0,50.0,100,100,5206,5.184931755065918,0.0,0,613.0,613.0,673.0,0.0,0.0,,timeout,0.0,613,6.13,12,4.5843320251993385,4.980000000000001,8.881784197001252e-16,0.0,0,5,-438.4548957310512,False
sparse_er_200_p05,2,200,996,9.96,half_mean_deg,4.98,sinkhorn,hybrid_sinkhorn,0.0,ideal,zero,9,graph,50.0,50.0,100,100,4738,2.33016300201416,0.0,0,639.0,639.0,681.0,0.0,0.0,,timeout,0.0,639,6.39,16,4.658211955341808,4.980000000000001,8.881784197001252e-16,0.0,0,0,-445.95813274268784,False
sparse_er_200_p05,2,200,996,9.96,half_mean_deg,4.98,frobenius,hebbian_frobenius,0.0,ideal,zero,0,graph,50.0,50.0,100,101,3668,36.653221130371094,35.14859580993652,101,641.0,641.0,696.0,0.0,0.0,,timeout,0.0,630,6.3,12,4.980000000000001,4.980000000000009,8.881784197001252e-15,0.0,0,0,-472.9717955009907,True
sparse_er_200_p05,2,200,996,9.96,half_mean_deg,4.98,frobenius,hebbian_frobenius,0.0,ideal,zero,1,graph,50.0,50.0,100,101,2708,52.355377435684204,51.15298867225647,101,627.0,627.0,697.0,0.0,0.0,,timeout,0.0,618,6.18,12,4.980000000000001,4.980000000000002,1.7763568394002505e-15,0.0,0,0,-470.7608258807467,True
sparse_er_200_p05,2,200,996,9.96,half_mean_deg,4.98,frobenius,hebbian_frobenius,0.0,ideal,zero,2,graph,50.0,50.0,100,101,3128,91.29789662361145,89.90137577056885,101,616.0,625.0,678.0,0.0,0.0,,timeout,0.0,590,5.9,11,4.978288995319063,4.980000000000001,8.881784197001252e-16,0.0,0,0,-466.7566498641875,True
sparse_er_200_p05,2,200,996,9.96,half_mean_deg,4.98,frobenius,hebbian_frobenius,0.0,ideal,zero,3,graph,50.0,50.0,100,101,3560,27.253535270690918,25.751950979232788,101,641.0,641.0,689.0,0.0,0.0,,timeout,0.0,631,6.31,12,4.98,4.980000000000002,1.7763568394002505e-15,0.0,0,0,-472.08894752072797,True
sparse_er_200_p05,2,200,996,9.96,half_mean_deg,4.98,frobenius,hebbian_frobenius,0.0,ideal,zero,4,graph,50.0,50.0,100,101,2828,41.90690994262695,40.65116834640503,101,632.0,633.0,681.0,0.0,0.0,,timeout,0.0,614,6.14,11,4.98,4.980000000000006,5.329070518200751e-15,0.0,0,0,-470.3886033845745,True
sparse_er_200_p05,2,200,996,9.96,half_mean_deg,4.98,frobenius,hebbian_frobenius,0.0,ideal,zero,5,graph,50.0,50.0,100,101,3248,26.858022689819336,25.50036358833313,101,625.0,625.0,703.0,0.0,0.0,,timeout,0.0,615,6.15,12,4.98,4.980000000000002,1.7763568394002505e-15,0.0,0,0,-471.51129719053466,True
sparse_er_200_p05,2,200,996,9.96,half_mean_deg,4.98,frobenius,hebbian_frobenius,0.0,ideal,zero,6,graph,50.0,50.0,100,101,2780,61.29187202453613,60.01572108268738,101,646.0,648.0,684.0,0.0,0.0,,timeout,0.0,639,6.39,14,4.98,4.980000000000005,4.440892098500626e-15,0.0,0,0,-472.41373259983084,True
sparse_er_200_p05,2,200,996,9.96,half_mean_deg,4.98,frobenius,hebbian_frobenius,0.0,ideal,zero,7,graph,50.0,50.0,100,101,3380,91.026451587677,89.4610059261322,101,621.0,628.0,679.0,0.0,0.0,,timeout,0.0,598,5.98,12,4.97165395815221,4.980000000000002,1.7763568394002505e-15,0.0,0,0,-468.4229696195086,True
sparse_er_200_p05,2,200,996,9.96,half_mean_deg,4.98,frobenius,hebbian_frobenius,0.0,ideal,zero,8,graph,50.0,50.0,100,101,3728,18.026968002319336,16.54568076133728,101,618.0,618.0,678.0,0.0,0.0,,timeout,0.0,606,6.06,12,4.980000000000001,4.980000000000002,1.7763568394002505e-15,0.0,0,0,-471.370377760776,True
sparse_er_200_p05,2,200,996,9.96,half_mean_deg,4.98,frobenius,hebbian_frobenius,0.0,ideal,zero,9,graph,50.0,50.0,100,101,3176,90.17919588088989,88.65377521514893,101,614.0,623.0,674.0,0.0,0.0,,timeout,0.0,598,5.98,12,4.969698335497392,4.980000000000001,8.881784197001252e-16,0.0,0,0,-468.646259413968,True
sparse_er_200_p05,2,200,996,9.96,half_mean_deg,4.98,frobenius,hybrid_frobenius,0.0,ideal,zero,0,graph,50.0,50.0,100,101,4702,37.054563760757446,35.14313077926636,101,641.0,641.0,696.0,0.0,0.0,,timeout,0.0,630,6.3,12,4.980000000000001,4.980000000000009,8.881784197001252e-15,0.0,0,0,-472.9717955009907,True
sparse_er_200_p05,2,200,996,9.96,half_mean_deg,4.98,frobenius,hybrid_frobenius,0.0,ideal,zero,1,graph,50.0,50.0,100,101,3718,54.98133826255798,53.4394052028656,101,627.0,627.0,697.0,0.0,0.0,,timeout,0.0,618,6.18,12,4.980000000000001,4.980000000000002,1.7763568394002505e-15,0.0,0,0,-470.7608258807467,True
sparse_er_200_p05,2,200,996,9.96,half_mean_deg,4.98,frobenius,hybrid_frobenius,0.0,ideal,zero,2,graph,50.0,50.0,100,101,4114,89.77714538574219,85.22177362442017,101,620.0,625.0,678.0,0.0,0.0,,timeout,0.0,590,5.9,11,4.978288995319063,4.980000000000001,8.881784197001252e-16,0.0,0,0,-466.7566498641875,True
sparse_er_200_p05,2,200,996,9.96,half_mean_deg,4.98,frobenius,hybrid_frobenius,0.0,ideal,zero,3,graph,50.0,50.0,100,101,4606,24.12800908088684,22.2690486907959,101,641.0,641.0,689.0,0.0,0.0,,timeout,0.0,631,6.31,12,4.98,4.980000000000002,1.7763568394002505e-15,0.0,0,0,-472.08894752072797,True
sparse_er_200_p05,2,200,996,9.96,half_mean_deg,4.98,frobenius,hybrid_frobenius,0.0,ideal,zero,4,graph,50.0,50.0,100,101,3850,44.87079119682312,43.280338287353516,101,632.0,633.0,681.0,0.0,0.0,,timeout,0.0,614,6.14,11,4.98,4.980000000000006,5.329070518200751e-15,0.0,0,0,-470.3886033845745,True
sparse_er_200_p05,2,200,996,9.96,half_mean_deg,4.98,frobenius,hybrid_frobenius,0.0,ideal,zero,5,graph,50.0,50.0,100,101,4294,23.721875190734863,21.91348695755005,101,625.0,625.0,703.0,0.0,0.0,,timeout,0.0,615,6.15,12,4.98,4.980000000000002,1.7763568394002505e-15,0.0,0,0,-471.51129719053466,True
sparse_er_200_p05,2,200,996,9.96,half_mean_deg,4.98,frobenius,hybrid_frobenius,0.0,ideal,zero,6,graph,50.0,50.0,100,101,3766,63.93560719490051,62.26962971687317,101,646.0,648.0,684.0,0.0,0.0,,timeout,0.0,639,6.39,14,4.98,4.980000000000005,4.440892098500626e-15,0.0,0,0,-472.41373259983084,True
sparse_er_200_p05,2,200,996,9.96,half_mean_deg,4.98,frobenius,hybrid_frobenius,0.0,ideal,zero,7,graph,50.0,50.0,100,101,4366,88.885000705719,86.98511052131653,101,621.0,628.0,679.0,0.0,0.0,,timeout,0.0,598,5.98,12,4.97165395815221,4.980000000000002,1.7763568394002505e-15,0.0,0,0,-468.4229696195086,True
sparse_er_200_p05,2,200,996,9.96,half_mean_deg,4.98,frobenius,hybrid_frobenius,0.0,ideal,zero,8,graph,50.0,50.0,100,101,4762,21.040635108947754,19.147651195526123,101,618.0,618.0,678.0,0.0,0.0,,timeout,0.0,606,6.06,12,4.980000000000001,4.980000000000002,1.7763568394002505e-15,0.0,0,0,-471.370377760776,True
sparse_er_200_p05,2,200,996,9.96,half_mean_deg,4.98,frobenius,hybrid_frobenius,0.0,ideal,zero,9,graph,50.0,50.0,100,101,4186,85.74282240867615,83.92082357406616,101,614.0,624.0,679.0,0.0,0.0,,timeout,0.0,598,5.98,12,4.969698335497392,4.980000000000001,8.881784197001252e-16,0.0,0,0,-468.646259413968,True
sparse_er_200_p05,2,200,996,9.96,mean_deg,9.96,none,static,0.0,ideal,zero,0,graph,50.0,50.0,0,0,1802,0.8904411792755127,0.0,0,705.0,713.0,714.0,0.0,0.0,,timeout,0.0,996,9.96,18,9.96,18.0,8.04,0.0,0,0,0.0,False
sparse_er_200_p05,2,200,996,9.96,mean_deg,9.96,none,static,0.0,ideal,zero,1,graph,50.0,50.0,0,0,1706,3.6954989433288574,0.0,0,706.0,719.0,721.0,0.0,0.0,,timeout,0.0,996,9.96,18,9.96,18.0,8.04,0.0,0,0,0.0,False
sparse_er_200_p05,2,200,996,9.96,mean_deg,9.96,none,static,0.0,ideal,zero,2,graph,50.0,50.0,0,0,1862,0.9682974815368652,0.0,0,704.0,706.0,714.0,0.0,0.0,,timeout,0.0,996,9.96,18,9.96,18.0,8.04,0.0,0,0,0.0,False
sparse_er_200_p05,2,200,996,9.96,mean_deg,9.96,none,static,0.0,ideal,zero,3,graph,50.0,50.0,0,0,1766,0.9156410694122314,0.0,0,709.0,716.0,720.0,0.0,0.0,,timeout,0.0,996,9.96,18,9.96,18.0,8.04,0.0,0,0,0.0,False
sparse_er_200_p05,2,200,996,9.96,mean_deg,9.96,none,static,0.0,ideal,zero,4,graph,50.0,50.0,0,0,1958,1.0190937519073486,0.0,0,712.0,712.0,717.0,0.0,0.0,,timeout,0.0,996,9.96,18,9.96,18.0,8.04,0.0,0,0,0.0,False
sparse_er_200_p05,2,200,996,9.96,mean_deg,9.96,none,static,0.0,ideal,zero,5,graph,50.0,50.0,0,0,1586,0.7722465991973877,0.0,0,708.0,709.0,712.0,0.0,0.0,,timeout,0.0,996,9.96,18,9.96,18.0,8.04,0.0,0,0,0.0,False
sparse_er_200_p05,2,200,996,9.96,mean_deg,9.96,none,static,0.0,ideal,zero,6,graph,50.0,50.0,0,0,1910,0.9731919765472412,0.0,0,710.0,716.0,717.0,0.0,0.0,,timeout,0.0,996,9.96,18,9.96,18.0,8.04,0.0,0,0,0.0,False
sparse_er_200_p05,2,200,996,9.96,mean_deg,9.96,none,static,0.0,ideal,zero,7,graph,50.0,50.0,0,0,1790,0.877467155456543,0.0,0,698.0,707.0,712.0,0.0,0.0,,timeout,0.0,996,9.96,18,9.96,18.0,8.04,0.0,0,0,0.0,False
sparse_er_200_p05,2,200,996,9.96,mean_deg,9.96,none,static,0.0,ideal,zero,8,graph,50.0,50.0,0,0,1790,0.9151513576507568,0.0,0,700.0,708.0,714.0,0.0,0.0,,timeout,0.0,996,9.96,18,9.96,18.0,8.04,0.0,0,0,0.0,False
sparse_er_200_p05,2,200,996,9.96,mean_deg,9.96,none,static,0.0,ideal,zero,9,graph,50.0,50.0,0,0,1862,0.9643776416778564,0.0,0,705.0,705.0,709.0,0.0,0.0,,timeout,0.0,996,9.96,18,9.96,18.0,8.04,0.0,0,0,0.0,False
sparse_er_200_p05,2,200,996,9.96,mean_deg,9.96,none,random_rounding,0.0,ideal,zero,0,graph,50.0,50.0,0,0,1802,0.9244542121887207,0.0,0,705.0,713.0,714.0,0.0,0.0,,timeout,0.0,996,9.96,18,9.96,18.0,8.04,0.0,0,0,0.0,False
sparse_er_200_p05,2,200,996,9.96,mean_deg,9.96,none,random_rounding,0.0,ideal,zero,1,graph,50.0,50.0,0,0,1706,0.8955056667327881,0.0,0,706.0,719.0,721.0,0.0,0.0,,timeout,0.0,996,9.96,18,9.96,18.0,8.04,0.0,0,0,0.0,False
sparse_er_200_p05,2,200,996,9.96,mean_deg,9.96,none,random_rounding,0.0,ideal,zero,2,graph,50.0,50.0,0,0,1862,0.9588837623596191,0.0,0,704.0,706.0,714.0,0.0,0.0,,timeout,0.0,996,9.96,18,9.96,18.0,8.04,0.0,0,0,0.0,False
sparse_er_200_p05,2,200,996,9.96,mean_deg,9.96,none,random_rounding,0.0,ideal,zero,3,graph,50.0,50.0,0,0,1766,0.8734018802642822,0.0,0,709.0,716.0,720.0,0.0,0.0,,timeout,0.0,996,9.96,18,9.96,18.0,8.04,0.0,0,0,0.0,False
sparse_er_200_p05,2,200,996,9.96,mean_deg,9.96,none,random_rounding,0.0,ideal,zero,4,graph,50.0,50.0,0,0,1958,0.941948413848877,0.0,0,712.0,712.0,717.0,0.0,0.0,,timeout,0.0,996,9.96,18,9.96,18.0,8.04,0.0,0,0,0.0,False
sparse_er_200_p05,2,200,996,9.96,mean_deg,9.96,none,random_rounding,0.0,ideal,zero,5,graph,50.0,50.0,0,0,1586,0.7582905292510986,0.0,0,708.0,709.0,712.0,0.0,0.0,,timeout,0.0,996,9.96,18,9.96,18.0,8.04,0.0,0,0,0.0,False
sparse_er_200_p05,2,200,996,9.96,mean_deg,9.96,none,random_rounding,0.0,ideal,zero,6,graph,50.0,50.0,0,0,1910,0.9129195213317871,0.0,0,710.0,716.0,717.0,0.0,0.0,,timeout,0.0,996,9.96,18,9.96,18.0,8.04,0.0,0,0,0.0,False
sparse_er_200_p05,2,200,996,9.96,mean_deg,9.96,none,random_rounding,0.0,ideal,zero,7,graph,50.0,50.0,0,0,1790,0.859365701675415,0.0,0,698.0,707.0,712.0,0.0,0.0,,timeout,0.0,996,9.96,18,9.96,18.0,8.04,0.0,0,0,0.0,False
sparse_er_200_p05,2,200,996,9.96,mean_deg,9.96,none,random_rounding,0.0,ideal,zero,8,graph,50.0,50.0,0,0,1790,0.8767530918121338,0.0,0,700.0,708.0,714.0,0.0,0.0,,timeout,0.0,996,9.96,18,9.96,18.0,8.04,0.0,0,0,0.0,False
sparse_er_200_p05,2,200,996,9.96,mean_deg,9.96,none,random_rounding,0.0,ideal,zero,9,graph,50.0,50.0,0,0,1862,0.9121725559234619,0.0,0,705.0,705.0,709.0,0.0,0.0,,timeout,0.0,996,9.96,18,9.96,18.0,8.04,0.0,0,0,0.0,False
sparse_er_200_p05,2,200,996,9.96,mean_deg,9.96,none,greedy,0.0,ideal,zero,0,graph,50.0,50.0,0,0,0,0.0006530284881591797,0.0,0,672.0,672.0,672.0,0.0,0.0,,timeout,0.0,0,0.0,0,0.0,0.0,0.0,0.0,0,0,0.0,False
sparse_er_200_p05,2,200,996,9.96,mean_deg,9.96,none,greedy,0.0,ideal,zero,1,graph,50.0,50.0,0,0,0,0.0005514621734619141,0.0,0,663.0,663.0,663.0,0.0,0.0,,timeout,0.0,0,0.0,0,0.0,0.0,0.0,0.0,0,0,0.0,False
sparse_er_200_p05,2,200,996,9.96,mean_deg,9.96,none,greedy,0.0,ideal,zero,2,graph,50.0,50.0,0,0,0,0.0008573532104492188,0.0,0,697.0,697.0,697.0,0.0,0.0,,timeout,0.0,0,0.0,0,0.0,0.0,0.0,0.0,0,0,0.0,False
sparse_er_200_p05,2,200,996,9.96,mean_deg,9.96,none,greedy,0.0,ideal,zero,3,graph,50.0,50.0,0,0,0,0.00043272972106933594,0.0,0,666.0,666.0,666.0,0.0,0.0,,timeout,0.0,0,0.0,0,0.0,0.0,0.0,0.0,0,0,0.0,False
sparse_er_200_p05,2,200,996,9.96,mean_deg,9.96,none,greedy,0.0,ideal,zero,4,graph,50.0,50.0,0,0,0,0.0005970001220703125,0.0,0,691.0,691.0,691.0,0.0,0.0,,timeout,0.0,0,0.0,0,0.0,0.0,0.0,0.0,0,0,0.0,False
sparse_er_200_p05,2,200,996,9.96,mean_deg,9.96,none,greedy,0.0,ideal,zero,5,graph,50.0,50.0,0,0,0,0.0008165836334228516,0.0,0,699.0,699.0,699.0,0.0,0.0,,timeout,0.0,0,0.0,0,0.0,0.0,0.0,0.0,0,0,0.0,False
sparse_er_200_p05,2,200,996,9.96,mean_deg,9.96,none,greedy,0.0,ideal,zero,6,graph,50.0,50.0,0,0,0,0.0005488395690917969,0.0,0,680.0,680.0,680.0,0.0,0.0,,timeout,0.0,0,0.0,0,0.0,0.0,0.0,0.0,0,0,0.0,False
sparse_er_200_p05,2,200,996,9.96,mean_deg,9.96,none,greedy,0.0,ideal,zero,7,graph,50.0,50.0,0,0,0,0.0005209445953369141,0.0,0,690.0,690.0,690.0,0.0,0.0,,timeout,0.0,0,0.0,0,0.0,0.0,0.0,0.0,0,0,0.0,False
sparse_er_200_p05,2,200,996,9.96,mean_deg,9.96,none,greedy,0.0,ideal,zero,8,graph,50.0,50.0,0,0,0,0.0005483627319335938,0.0,0,687.0,687.0,687.0,0.0,0.0,,timeout,0.0,0,0.0,0,0.0,0.0,0.0,0.0,0,0,0.0,False
sparse_er_200_p05,2,200,996,9.96,mean_deg,9.96,none,greedy,0.0,ideal,zero,9,graph,50.0,50.0,0,0,0,0.0005829334259033203,0.0,0,704.0,704.0,704.0,0.0,0.0,,timeout,0.0,0,0.0,0,0.0,0.0,0.0,0.0,0,0,0.0,False
sparse_er_200_p05,2,200,996,9.96,mean_deg,9.96,none,static_projected,0.0,ideal,zero,0,graph,50.0,50.0,0,1,1502,0.8635854721069336,0.03229355812072754,1,703.0,703.0,709.0,0.0,0.0,,timeout,0.0,996,9.96,18,8.408800074363786,9.960000000000177,1.758593271006248e-13,0.0,0,0,0.0,False
sparse_er_200_p05,2,200,996,9.96,mean_deg,9.96,none,static_projected,0.0,ideal,zero,1,graph,50.0,50.0,0,1,1466,0.8072459697723389,0.03293895721435547,1,705.0,715.0,717.0,0.0,0.0,,timeout,0.0,996,9.96,18,8.408800074363786,9.960000000000177,1.758593271006248e-13,0.0,0,0,0.0,False
sparse_er_200_p05,2,200,996,9.96,mean_deg,9.96,none,static_projected,0.0,ideal,zero,2,graph,50.0,50.0,0,1,1610,0.9157536029815674,0.035256147384643555,1,714.0,714.0,720.0,0.0,0.0,,timeout,0.0,996,9.96,18,8.408800074363786,9.960000000000177,1.758593271006248e-13,0.0,0,0,0.0,False
sparse_er_200_p05,2,200,996,9.96,mean_deg,9.96,none,static_projected,0.0,ideal,zero,3,graph,50.0,50.0,0,1,1502,0.7686073780059814,0.03626656532287598,1,714.0,716.0,720.0,0.0,0.0,,timeout,0.0,996,9.96,18,8.408800074363786,9.960000000000177,1.758593271006248e-13,0.0,0,0,0.0,False
sparse_er_200_p05,2,200,996,9.96,mean_deg,9.96,none,static_projected,0.0,ideal,zero,4,graph,50.0,50.0,0,1,1622,0.8211278915405273,0.03966927528381348,1,704.0,708.0,714.0,0.0,0.0,,timeout,0.0,996,9.96,18,8.408800074363786,9.960000000000177,1.758593271006248e-13,0.0,0,0,0.0,False
sparse_er_200_p05,2,200,996,9.96,mean_deg,9.96,none,static_projected,0.0,ideal,zero,5,graph,50.0,50.0,0,1,1550,0.7849276065826416,0.02870011329650879,1,708.0,709.0,716.0,0.0,0.0,,timeout,0.0,996,9.96,18,8.408800074363786,9.960000000000177,1.758593271006248e-13,0.0,0,0,0.0,False
sparse_er_200_p05,2,200,996,9.96,mean_deg,9.96,none,static_projected,0.0,ideal,zero,6,graph,50.0,50.0,0,1,1634,0.8228533267974854,0.03348851203918457,1,713.0,718.0,718.0,0.0,0.0,,timeout,0.0,996,9.96,18,8.408800074363786,9.960000000000177,1.758593271006248e-13,0.0,0,0,0.0,False
sparse_er_200_p05,2,200,996,9.96,mean_deg,9.96,none,static_projected,0.0,ideal,zero,7,graph,50.0,50.0,0,1,1598,0.856705904006958,0.04202437400817871,1,700.0,706.0,711.0,0.0,0.0,,timeout,0.0,996,9.96,18,8.408800074363786,9.960000000000177,1.758593271006248e-13,0.0,0,0,0.0,False
sparse_er_200_p05,2,200,996,9.96,mean_deg,9.96,none,static_projected,0.0,ideal,zero,8,graph,50.0,50.0,0,1,1538,0.8478963375091553,0.039673805236816406,1,692.0,705.0,712.0,0.0,0.0,,timeout,0.0,996,9.96,18,8.408800074363786,9.960000000000177,1.758593271006248e-13,0.0,0,0,0.0,False
sparse_er_200_p05,2,200,996,9.96,mean_deg,9.96,none,static_projected,0.0,ideal,zero,9,graph,50.0,50.0,0,1,1610,0.8942234516143799,0.035012006759643555,1,699.0,703.0,709.0,0.0,0.0,,timeout,0.0,996,9.96,18,8.408800074363786,9.960000000000177,1.758593271006248e-13,0.0,0,0,0.0,False
sparse_er_200_p05,2,200,996,9.96,mean_deg,9.96,none,static_budgeted,0.0,ideal,zero,0,graph,50.0,50.0,0,1,1550,0.8540759086608887,0.038153648376464844,1,697.0,705.0,710.0,0.0,0.0,,timeout,0.0,978,9.78,18,8.422055264918736,9.960000000000298,2.9665159217984183e-13,0.0,0,0,0.0,False
sparse_er_200_p05,2,200,996,9.96,mean_deg,9.96,none,static_budgeted,0.0,ideal,zero,1,graph,50.0,50.0,0,1,1478,0.870842695236206,0.04198789596557617,1,709.0,715.0,718.0,0.0,0.0,,timeout,0.0,989,9.89,18,8.422288099374612,9.96000000000015,1.4921397450962104e-13,0.0,0,0,0.0,False
sparse_er_200_p05,2,200,996,9.96,mean_deg,9.96,none,static_budgeted,0.0,ideal,zero,2,graph,50.0,50.0,0,1,1682,0.948796272277832,0.03837776184082031,1,715.0,715.0,721.0,0.0,0.0,,timeout,0.0,982,9.82,17,8.434072915853045,9.960000000000367,3.659295089164516e-13,0.0,0,0,0.0,False
sparse_er_200_p05,2,200,996,9.96,mean_deg,9.96,none,static_budgeted,0.0,ideal,zero,3,graph,50.0,50.0,0,1,1502,0.7998940944671631,0.03297305107116699,1,711.0,718.0,721.0,0.0,0.0,,timeout,0.0,985,9.85,18,8.43629183546316,9.960000000000704,7.034373084024992e-13,0.0,0,0,0.0,False
sparse_er_200_p05,2,200,996,9.96,mean_deg,9.96,none,static_budgeted,0.0,ideal,zero,4,graph,50.0,50.0,0,1,1658,0.8618104457855225,0.03342747688293457,1,700.0,717.0,718.0,0.0,0.0,,timeout,0.0,987,9.87,18,8.422362945391656,9.960000000000338,3.375077994860476e-13,0.0,0,0,0.0,False
sparse_er_200_p05,2,200,996,9.96,mean_deg,9.96,none,static_budgeted,0.0,ideal,zero,5,graph,50.0,50.0,0,1,1538,0.7940914630889893,0.03283882141113281,1,704.0,704.0,709.0,0.0,0.0,,timeout,0.0,977,9.77,17,8.444082008882578,9.960000000000349,3.481659405224491e-13,0.0,0,0,0.0,False
sparse_er_200_p05,2,200,996,9.96,mean_deg,9.96,none,static_budgeted,0.0,ideal,zero,6,graph,50.0,50.0,0,1,1418,3.601503849029541,0.04380512237548828,1,684.0,703.0,707.0,0.0,0.0,,timeout,0.0,981,9.81,18,8.43469848207169,9.960000000000166,1.652011860642233e-13,0.0,0,0,0.0,False
sparse_er_200_p05,2,200,996,9.96,mean_deg,9.96,none,static_budgeted,0.0,ideal,zero,7,graph,50.0,50.0,0,1,1418,0.7796590328216553,0.03990626335144043,1,697.0,704.0,710.0,0.0,0.0,,timeout,0.0,980,9.8,18,8.435325061382118,9.960000000000145,1.438849039914203e-13,0.0,0,0,0.0,False
sparse_er_200_p05,2,200,996,9.96,mean_deg,9.96,none,static_budgeted,0.0,ideal,zero,8,graph,50.0,50.0,0,1,1622,0.8938417434692383,0.0354771614074707,1,690.0,711.0,714.0,0.0,0.0,,timeout,0.0,985,9.85,18,8.430625867307015,9.960000000000754,7.531752999057062e-13,0.0,0,0,0.0,False
sparse_er_200_p05,2,200,996,9.96,mean_deg,9.96,none,static_budgeted,0.0,ideal,zero,9,graph,50.0,50.0,0,1,1514,0.8189537525177002,0.05035686492919922,1,698.0,713.0,715.0,0.0,0.0,,timeout,0.0,986,9.86,17,8.420760330733037,9.960000000000342,3.410605131648481e-13,0.0,0,0,0.0,False
sparse_er_200_p05,2,200,996,9.96,mean_deg,9.96,none,random_budgeted,0.0,ideal,zero,0,graph,50.0,50.0,0,1,1070,0.5229325294494629,0.0032541751861572266,1,665.0,704.0,715.0,0.0,0.0,,timeout,0.0,996,9.96,18,4.9703034349523,9.960000000000004,3.552713678800501e-15,0.0,0,0,0.0,False
sparse_er_200_p05,2,200,996,9.96,mean_deg,9.96,none,random_budgeted,0.0,ideal,zero,1,graph,50.0,50.0,0,1,1154,0.6039798259735107,0.0025773048400878906,1,697.0,706.0,710.0,0.0,0.0,,timeout,0.0,996,9.96,18,5.0795276786378425,9.622808502640979,-0.3371914973590222,0.0,0,0,0.0,False
sparse_er_200_p05,2,200,996,9.96,mean_deg,9.96,none,random_budgeted,0.0,ideal,zero,2,graph,50.0,50.0,0,1,1082,0.5482103824615479,0.003988981246948242,1,689.0,689.0,702.0,0.0,0.0,,timeout,0.0,996,9.96,18,4.907362965508244,9.96,0.0,0.0,0,0,0.0,False
sparse_er_200_p05,2,200,996,9.96,mean_deg,9.96,none,random_budgeted,0.0,ideal,zero,3,graph,50.0,50.0,0,1,1178,0.610973596572876,0.0028734207153320312,1,687.0,699.0,706.0,0.0,0.0,,timeout,0.0,996,9.96,18,4.979711589716464,9.12479910605336,-0.8352008939466415,0.0,0,0,0.0,False
sparse_er_200_p05,2,200,996,9.96,mean_deg,9.96,none,random_budgeted,0.0,ideal,zero,4,graph,50.0,50.0,0,1,950,0.5131978988647461,0.003874540328979492,1,670.0,689.0,698.0,0.0,0.0,,timeout,0.0,996,9.96,18,4.951757412013211,9.96,0.0,0.0,0,0,0.0,False
sparse_er_200_p05,2,200,996,9.96,mean_deg,9.96,none,random_budgeted,0.0,ideal,zero,5,graph,50.0,50.0,0,1,1214,0.6108958721160889,0.005134105682373047,1,700.0,700.0,709.0,0.0,0.0,,timeout,0.0,996,9.96,18,4.999626854179615,9.96,0.0,0.0,0,0,0.0,False
sparse_er_200_p05,2,200,996,9.96,mean_deg,9.96,none,random_budgeted,0.0,ideal,zero,6,graph,50.0,50.0,0,1,1070,0.5789752006530762,0.002354860305786133,1,690.0,699.0,705.0,0.0,0.0,,timeout,0.0,996,9.96,18,5.013760936758505,8.95210552650935,-1.0078944734906514,0.0,0,0,0.0,False
sparse_er_200_p05,2,200,996,9.96,mean_deg,9.96,none,random_budgeted,0.0,ideal,zero,7,graph,50.0,50.0,0,1,1082,0.5618412494659424,0.0017571449279785156,1,688.0,703.0,707.0,0.0,0.0,,timeout,0.0,996,9.96,18,4.937296409669288,8.995187798874962,-0.9648122011250386,0.0,0,0,0.0,False
sparse_er_200_p05,2,200,996,9.96,mean_deg,9.96,none,random_budgeted,0.0,ideal,zero,8,graph,50.0,50.0,0,1,1010,0.5282361507415771,0.0017256736755371094,1,687.0,698.0,708.0,0.0,0.0,,timeout,0.0,996,9.96,18,5.138551830335111,9.093512958350688,-0.8664870416493127,0.0,0,0,0.0,False
sparse_er_200_p05,2,200,996,9.96,mean_deg,9.96,none,random_budgeted,0.0,ideal,zero,9,graph,50.0,50.0,0,1,1118,0.5954668521881104,0.002098560333251953,1,690.0,700.0,707.0,0.0,0.0,,timeout,0.0,996,9.96,18,4.911906495368047,9.17596995642919,-0.7840300435708105,0.0,0,0,0.0,False
sparse_er_200_p05,2,200,996,9.96,mean_deg,9.96,none,learned_support_random_weights,0.0,ideal,zero,0,hebbian_seed0,50.0,50.0,0,1,974,0.415116548538208,0.002339601516723633,1,647.0,647.0,695.0,0.0,0.0,,timeout,0.0,643,6.43,11,3.1698575970741065,6.442594325580244,-3.5174056744197566,0.0,0,0,0.0,False
sparse_er_200_p05,2,200,996,9.96,mean_deg,9.96,none,learned_support_random_weights,0.0,ideal,zero,1,hebbian_seed0,50.0,50.0,0,1,1070,0.46253323554992676,0.0017237663269042969,1,647.0,647.0,695.0,0.0,0.0,,timeout,0.0,643,6.43,11,3.3041591714779166,6.295460719240577,-3.664539280759424,0.0,0,0,0.0,False
sparse_er_200_p05,2,200,996,9.96,mean_deg,9.96,none,learned_support_random_weights,0.0,ideal,zero,2,hebbian_seed0,50.0,50.0,0,1,938,0.3749878406524658,0.0024750232696533203,1,647.0,647.0,695.0,0.0,0.0,,timeout,0.0,643,6.43,11,3.1663995248797225,6.235790723002806,-3.724209276997195,0.0,0,0,0.0,False
sparse_er_200_p05,2,200,996,9.96,mean_deg,9.96,none,learned_support_random_weights,0.0,ideal,zero,3,hebbian_seed0,50.0,50.0,0,1,974,0.40776586532592773,0.0025985240936279297,1,647.0,647.0,695.0,0.0,0.0,,timeout,0.0,643,6.43,11,3.2114622942120614,6.190777141676355,-3.769222858323646,0.0,0,0,0.0,False
sparse_er_200_p05,2,200,996,9.96,mean_deg,9.96,none,learned_support_random_weights,0.0,ideal,zero,4,hebbian_seed0,50.0,50.0,0,1,1166,0.49705052375793457,0.005730390548706055,1,647.0,647.0,695.0,0.0,0.0,,timeout,0.0,643,6.43,11,3.203617917308949,6.096199254714522,-3.863800745285479,0.0,0,0,0.0,False
sparse_er_200_p05,2,200,996,9.96,mean_deg,9.96,none,learned_support_random_weights,0.0,ideal,zero,5,hebbian_seed0,50.0,50.0,0,1,1022,0.4265313148498535,0.00263214111328125,1,647.0,647.0,695.0,0.0,0.0,,timeout,0.0,643,6.43,11,3.23923731498932,6.466721204036397,-3.4932787959636036,0.0,0,0,0.0,False
sparse_er_200_p05,2,200,996,9.96,mean_deg,9.96,none,learned_support_random_weights,0.0,ideal,zero,6,hebbian_seed0,50.0,50.0,0,1,962,0.3870253562927246,0.00475621223449707,1,647.0,647.0,695.0,0.0,0.0,,timeout,0.0,643,6.43,11,3.188426202282161,6.095597520120616,-3.8644024798793852,0.0,0,0,0.0,False
sparse_er_200_p05,2,200,996,9.96,mean_deg,9.96,none,learned_support_random_weights,0.0,ideal,zero,7,hebbian_seed0,50.0,50.0,0,1,1070,0.46100759506225586,0.0029888153076171875,1,647.0,647.0,695.0,0.0,0.0,,timeout,0.0,643,6.43,11,3.260655150195082,5.958880691791689,-4.001119308208311,0.0,0,0,0.0,False
sparse_er_200_p05,2,200,996,9.96,mean_deg,9.96,none,learned_support_random_weights,0.0,ideal,zero,8,hebbian_seed0,50.0,50.0,0,1,1094,0.4684453010559082,0.0038161277770996094,1,647.0,647.0,695.0,0.0,0.0,,timeout,0.0,643,6.43,11,3.350775908878603,6.617463574484399,-3.3425364255156023,0.0,0,0,0.0,False
sparse_er_200_p05,2,200,996,9.96,mean_deg,9.96,none,learned_support_random_weights,0.0,ideal,zero,9,hebbian_seed0,50.0,50.0,0,1,1106,0.4513115882873535,0.0018267631530761719,1,647.0,647.0,695.0,0.0,0.0,,timeout,0.0,643,6.43,11,3.177657069334358,6.331465240394257,-3.628534759605744,0.0,0,0,0.0,False
sparse_er_200_p05,2,200,996,9.96,mean_deg,9.96,none,topology_scrambled,0.0,ideal,zero,0,graph,50.0,50.0,100,101,4052,74.73353314399719,72.92413425445557,101,549.0,549.0,684.0,0.0,0.0,,timeout,0.0,566,5.66,11,9.875431629412956,9.960000000000003,1.7763568394002505e-15,0.0,0,0,-870.1780589526755,False
sparse_er_200_p05,2,200,996,9.96,mean_deg,9.96,none,topology_scrambled,0.0,ideal,zero,1,graph,50.0,50.0,100,101,2924,29.693145751953125,28.354194402694702,101,530.0,530.0,675.0,0.0,0.0,,timeout,0.0,593,5.93,11,9.73357694324211,9.960000000000004,3.552713678800501e-15,0.0,0,0,-872.3040961540174,False
sparse_er_200_p05,2,200,996,9.96,mean_deg,9.96,none,topology_scrambled,0.0,ideal,zero,2,graph,50.0,50.0,100,101,3848,57.46203374862671,55.64277005195618,101,524.0,524.0,686.0,0.0,0.0,,timeout,0.0,606,6.06,11,9.860400000000002,9.960000000000003,1.7763568394002505e-15,0.0,0,0,-880.7016322097792,False
sparse_er_200_p05,2,200,996,9.96,mean_deg,9.96,none,topology_scrambled,0.0,ideal,zero,3,graph,50.0,50.0,100,101,4412,74.64402031898499,72.54451942443848,101,538.0,542.0,696.0,0.0,0.0,,timeout,0.0,600,6.0,13,9.926432750794495,9.960000000000004,3.552713678800501e-15,0.0,0,0,-872.9429385771634,False
sparse_er_200_p05,2,200,996,9.96,mean_deg,9.96,none,topology_scrambled,0.0,ideal,zero,4,graph,50.0,50.0,100,101,3116,48.820417404174805,47.400447607040405,101,558.0,558.0,677.0,0.0,0.0,,timeout,0.0,537,5.37,10,9.840450367223061,9.960000000000004,3.552713678800501e-15,0.0,0,0,-857.2285983340932,False
sparse_er_200_p05,2,200,996,9.96,mean_deg,9.96,none,topology_scrambled,0.0,ideal,zero,5,graph,50.0,50.0,100,101,2828,45.39038133621216,44.04482173919678,101,528.0,528.0,669.0,0.0,0.0,,timeout,0.0,529,5.29,10,9.841506102531941,9.960000000000003,1.7763568394002505e-15,0.0,0,0,-860.1599626793452,False
sparse_er_200_p05,2,200,996,9.96,mean_deg,9.96,none,topology_scrambled,0.0,ideal,zero,6,graph,50.0,50.0,100,101,3536,46.123287200927734,44.540642738342285,101,514.0,514.0,679.0,0.0,0.0,,timeout,0.0,560,5.6,13,9.860400000000002,9.960000000000004,3.552713678800501e-15,0.0,0,0,-874.9325639928256,False
sparse_er_200_p05,2,200,996,9.96,mean_deg,9.96,none,topology_scrambled,0.0,ideal,zero,7,graph,50.0,50.0,100,101,2684,33.31533074378967,32.131412982940674,101,493.0,493.0,687.0,0.0,0.0,,timeout,0.0,528,5.28,11,9.847604375266808,9.960000000000003,1.7763568394002505e-15,0.0,0,0,-859.8899192980409,False
sparse_er_200_p05,2,200,996,9.96,mean_deg,9.96,none,topology_scrambled,0.0,ideal,zero,8,graph,50.0,50.0,100,101,3200,65.0547571182251,63.610987186431885,101,489.0,489.0,671.0,0.0,0.0,,timeout,0.0,592,5.92,11,9.952837455519344,9.960000000000003,1.7763568394002505e-15,0.0,0,0,-883.67089122222,False
sparse_er_200_p05,2,200,996,9.96,mean_deg,9.96,none,topology_scrambled,0.0,ideal,zero,9,graph,50.0,50.0,100,101,3452,45.99898624420166,44.498873710632324,101,500.0,500.0,678.0,0.0,0.0,,timeout,0.0,546,5.46,9,9.785984204340657,9.960000000000003,1.7763568394002505e-15,0.0,0,0,-862.5507406422192,False
sparse_er_200_p05,2,200,996,9.96,mean_deg,9.96,sinkhorn,hebbian_sinkhorn,0.0,ideal,zero,0,graph,50.0,50.0,100,100,2780,1.6208202838897705,0.0,0,654.0,654.0,686.0,0.0,0.0,,timeout,0.0,654,6.54,12,9.448159141514475,9.960000000000004,3.552713678800501e-15,0.0,0,18,-867.0659914273717,False
sparse_er_200_p05,2,200,996,9.96,mean_deg,9.96,sinkhorn,hebbian_sinkhorn,0.0,ideal,zero,1,graph,50.0,50.0,100,100,2576,1.5571880340576172,0.0,0,657.0,657.0,694.0,0.0,0.0,,timeout,0.0,657,6.57,13,9.458106276384182,9.960000000000003,1.7763568394002505e-15,0.0,0,0,-868.7325289831954,False
sparse_er_200_p05,2,200,996,9.96,mean_deg,9.96,sinkhorn,hebbian_sinkhorn,0.0,ideal,zero,2,graph,50.0,50.0,100,100,2924,1.6140098571777344,0.0,0,637.0,637.0,681.0,0.0,0.0,,timeout,0.0,637,6.37,13,9.321138071310813,9.960000000000004,3.552713678800501e-15,0.0,0,0,-852.9642657417753,False
sparse_er_200_p05,2,200,996,9.96,mean_deg,9.96,sinkhorn,hebbian_sinkhorn,0.0,ideal,zero,3,graph,50.0,50.0,100,100,2564,1.494192361831665,0.0,0,667.0,667.0,688.0,0.0,0.0,,timeout,0.0,667,6.67,12,9.360318730002387,9.960000000000003,1.7763568394002505e-15,0.0,0,0,-860.8308493153605,False
sparse_er_200_p05,2,200,996,9.96,mean_deg,9.96,sinkhorn,hebbian_sinkhorn,0.0,ideal,zero,4,graph,50.0,50.0,100,100,2600,1.5030817985534668,0.0,0,660.0,660.0,685.0,0.0,0.0,,timeout,0.0,660,6.6,13,9.32372877662741,9.960000000000003,1.7763568394002505e-15,0.0,0,0,-855.6889738360404,False
sparse_er_200_p05,2,200,996,9.96,mean_deg,9.96,sinkhorn,hebbian_sinkhorn,0.0,ideal,zero,5,graph,50.0,50.0,100,100,2492,1.4518353939056396,0.0,0,642.0,642.0,690.0,0.0,0.0,,timeout,0.0,642,6.42,12,9.330092287176974,9.960000000000003,1.7763568394002505e-15,0.0,0,0,-855.8406609086978,False
sparse_er_200_p05,2,200,996,9.96,mean_deg,9.96,sinkhorn,hebbian_sinkhorn,0.0,ideal,zero,6,graph,50.0,50.0,100,100,2984,1.7502145767211914,0.0,0,664.0,664.0,690.0,0.0,0.0,,timeout,0.0,664,6.64,13,9.33341478053198,9.960000000000003,1.7763568394002505e-15,0.0,0,0,-856.4948764122207,False
sparse_er_200_p05,2,200,996,9.96,mean_deg,9.96,sinkhorn,hebbian_sinkhorn,0.0,ideal,zero,7,graph,50.0,50.0,100,100,2708,1.6116878986358643,0.0,0,662.0,662.0,685.0,0.0,0.0,,timeout,0.0,662,6.62,14,9.27547638294557,9.960000000000003,1.7763568394002505e-15,0.0,0,0,-853.1113240666747,False
sparse_er_200_p05,2,200,996,9.96,mean_deg,9.96,sinkhorn,hebbian_sinkhorn,0.0,ideal,zero,8,graph,50.0,50.0,100,100,2492,1.5013091564178467,0.0,0,639.0,639.0,671.0,0.0,0.0,,timeout,0.0,639,6.39,11,9.358885708550579,9.960000000000004,3.552713678800501e-15,0.0,0,0,-856.0422175292906,False
sparse_er_200_p05,2,200,996,9.96,mean_deg,9.96,sinkhorn,hebbian_sinkhorn,0.0,ideal,zero,9,graph,50.0,50.0,100,100,2492,1.5441052913665771,0.0,0,642.0,642.0,682.0,0.0,0.0,,timeout,0.0,642,6.42,16,9.336893145334011,9.960000000000003,1.7763568394002505e-15,0.0,0,0,-854.0697567324194,False
sparse_er_200_p05,2,200,996,9.96,mean_deg,9.96,sinkhorn,hybrid_sinkhorn,0.0,ideal,zero,0,graph,50.0,50.0,100,100,4630,2.3154804706573486,0.0,0,654.0,654.0,686.0,0.0,0.0,,timeout,0.0,654,6.54,12,9.448159141514475,9.960000000000004,3.552713678800501e-15,0.0,0,18,-867.0659914273717,False
sparse_er_200_p05,2,200,996,9.96,mean_deg,9.96,sinkhorn,hybrid_sinkhorn,0.0,ideal,zero,1,graph,50.0,50.0,100,100,4414,2.1894500255584717,0.0,0,657.0,657.0,694.0,0.0,0.0,,timeout,0.0,657,6.57,13,9.458106276384182,9.960000000000003,1.7763568394002505e-15,0.0,0,0,-868.7325289831954,False
sparse_er_200_p05,2,200,996,9.96,mean_deg,9.96,sinkhorn,hybrid_sinkhorn,0.0,ideal,zero,2,graph,50.0,50.0,100,100,4774,5.296310901641846,0.0,0,637.0,637.0,681.0,0.0,0.0,,timeout,0.0,637,6.37,13,9.321138071310813,9.960000000000004,3.552713678800501e-15,0.0,0,0,-852.9642657417753,False
sparse_er_200_p05,2,200,996,9.96,mean_deg,9.96,sinkhorn,hybrid_sinkhorn,0.0,ideal,zero,3,graph,50.0,50.0,100,100,4390,2.175522804260254,0.0,0,667.0,667.0,688.0,0.0,0.0,,timeout,0.0,667,6.67,12,9.360318730002387,9.960000000000003,1.7763568394002505e-15,0.0,0,0,-860.8308493153605,False
sparse_er_200_p05,2,200,996,9.96,mean_deg,9.96,sinkhorn,hybrid_sinkhorn,0.0,ideal,zero,4,graph,50.0,50.0,100,100,4438,2.17138409614563,0.0,0,660.0,660.0,685.0,0.0,0.0,,timeout,0.0,660,6.6,13,9.32372877662741,9.960000000000003,1.7763568394002505e-15,0.0,0,0,-855.6889738360404,False
sparse_er_200_p05,2,200,996,9.96,mean_deg,9.96,sinkhorn,hybrid_sinkhorn,0.0,ideal,zero,5,graph,50.0,50.0,100,100,4330,2.0204644203186035,0.0,0,642.0,642.0,690.0,0.0,0.0,,timeout,0.0,642,6.42,12,9.330092287176974,9.960000000000003,1.7763568394002505e-15,0.0,0,0,-855.8406609086978,False
sparse_er_200_p05,2,200,996,9.96,mean_deg,9.96,sinkhorn,hybrid_sinkhorn,0.0,ideal,zero,6,graph,50.0,50.0,100,100,4822,2.31081223487854,0.0,0,664.0,664.0,690.0,0.0,0.0,,timeout,0.0,664,6.64,13,9.33341478053198,9.960000000000003,1.7763568394002505e-15,0.0,0,0,-856.4948764122207,False
sparse_er_200_p05,2,200,996,9.96,mean_deg,9.96,sinkhorn,hybrid_sinkhorn,0.0,ideal,zero,7,graph,50.0,50.0,100,100,4558,2.1922450065612793,0.0,0,662.0,662.0,685.0,0.0,0.0,,timeout,0.0,662,6.62,14,9.27547638294557,9.960000000000003,1.7763568394002505e-15,0.0,0,0,-853.1113240666747,False
sparse_er_200_p05,2,200,996,9.96,mean_deg,9.96,sinkhorn,hybrid_sinkhorn,0.0,ideal,zero,8,graph,50.0,50.0,100,100,4330,2.067559242248535,0.0,0,639.0,639.0,671.0,0.0,0.0,,timeout,0.0,639,6.39,11,9.358885708550579,9.960000000000004,3.552713678800501e-15,0.0,0,0,-856.0422175292906,False
sparse_er_200_p05,2,200,996,9.96,mean_deg,9.96,sinkhorn,hybrid_sinkhorn,0.0,ideal,zero,9,graph,50.0,50.0,100,100,4318,2.112276792526245,0.0,0,642.0,642.0,682.0,0.0,0.0,,timeout,0.0,642,6.42,16,9.336893145334011,9.960000000000003,1.7763568394002505e-15,0.0,0,0,-854.0697567324194,False
sparse_er_200_p05,2,200,996,9.96,mean_deg,9.96,frobenius,hebbian_frobenius,0.0,ideal,zero,0,graph,50.0,50.0,100,101,3716,82.7920753955841,78.85417938232422,101,650.0,650.0,680.0,0.0,0.0,,timeout,0.0,641,6.41,12,9.920993663937644,9.960000000000004,3.552713678800501e-15,0.0,0,0,-896.6345924140246,False
sparse_er_200_p05,2,200,996,9.96,mean_deg,9.96,frobenius,hebbian_frobenius,0.0,ideal,zero,1,graph,50.0,50.0,100,101,2792,26.322207927703857,25.17790198326111,101,654.0,654.0,689.0,0.0,0.0,,timeout,0.0,651,6.51,12,9.958777819344288,9.960000000000004,3.552713678800501e-15,0.0,0,0,-898.8100521649163,False
sparse_er_200_p05,2,200,996,9.96,mean_deg,9.96,frobenius,hebbian_frobenius,0.0,ideal,zero,2,graph,50.0,50.0,100,101,2936,69.5033438205719,68.20180606842041,101,628.0,628.0,675.0,0.0,0.0,,timeout,0.0,622,6.22,11,9.95825612901757,9.960000000000004,3.552713678800501e-15,0.0,0,0,-890.2963121859123,False
sparse_er_200_p05,2,200,996,9.96,mean_deg,9.96,frobenius,hebbian_frobenius,0.0,ideal,zero,3,graph,50.0,50.0,100,101,2876,51.45394992828369,50.247671127319336,101,666.0,666.0,688.0,0.0,0.0,,timeout,0.0,661,6.61,12,9.952472872957355,9.960000000000004,3.552713678800501e-15,0.0,0,0,-896.8232272113363,False
sparse_er_200_p05,2,200,996,9.96,mean_deg,9.96,frobenius,hebbian_frobenius,0.0,ideal,zero,4,graph,50.0,50.0,100,101,2960,59.21215081214905,57.95072150230408,101,654.0,654.0,684.0,0.0,0.0,,timeout,0.0,642,6.42,13,9.926894334664297,9.960000000000004,3.552713678800501e-15,0.0,0,0,-889.3912573900394,False
sparse_er_200_p05,2,200,996,9.96,mean_deg,9.96,frobenius,hebbian_frobenius,0.0,ideal,zero,5,graph,50.0,50.0,100,101,2624,29.376118183135986,28.281104564666748,101,642.0,642.0,690.0,0.0,0.0,,timeout,0.0,639,6.39,12,9.801693676768902,9.960000000000003,1.7763568394002505e-15,0.0,0,0,-885.397447601173,False
sparse_er_200_p05,2,200,996,9.96,mean_deg,9.96,frobenius,hebbian_frobenius,0.0,ideal,zero,6,graph,50.0,50.0,100,101,3284,63.860288858413696,62.431463956832886,101,654.0,654.0,677.0,0.0,0.0,,timeout,0.0,648,6.48,14,9.928198050022452,9.960000000000004,3.552713678800501e-15,0.0,0,0,-893.9714885109404,False
sparse_er_200_p05,2,200,996,9.96,mean_deg,9.96,frobenius,hebbian_frobenius,0.0,ideal,zero,7,graph,50.0,50.0,100,101,3236,37.98384380340576,36.58569812774658,101,654.0,654.0,685.0,0.0,0.0,,timeout,0.0,649,6.49,12,9.860399999999968,9.960000000000658,6.572520305780927e-13,0.0,0,0,-891.9466698572035,False
sparse_er_200_p05,2,200,996,9.96,mean_deg,9.96,frobenius,hebbian_frobenius,0.0,ideal,zero,8,graph,50.0,50.0,100,101,3932,82.82429528236389,81.19158554077148,101,634.0,637.0,688.0,0.0,0.0,,timeout,0.0,624,6.24,12,9.919218128611247,9.960000000000003,1.7763568394002505e-15,0.0,0,0,-885.700392424837,False
sparse_er_200_p05,2,200,996,9.96,mean_deg,9.96,frobenius,hebbian_frobenius,0.0,ideal,zero,9,graph,50.0,50.0,100,101,3032,59.16181778907776,57.81651043891907,101,641.0,641.0,682.0,0.0,0.0,,timeout,0.0,635,6.35,14,9.932467045118369,9.960000000000003,1.7763568394002505e-15,0.0,0,0,-891.5274019875819,False
sparse_er_200_p05,2,200,996,9.96,mean_deg,9.96,frobenius,hybrid_frobenius,0.0,ideal,zero,0,graph,50.0,50.0,100,101,5602,82.25865387916565,80.01145124435425,101,650.0,650.0,680.0,0.0,0.0,,timeout,0.0,641,6.41,12,9.920993663937644,9.960000000000004,3.552713678800501e-15,0.0,0,0,-896.6345924140246,False
sparse_er_200_p05,2,200,996,9.96,mean_deg,9.96,frobenius,hybrid_frobenius,0.0,ideal,zero,1,graph,50.0,50.0,100,101,4690,30.4502592086792,28.603294372558594,101,654.0,654.0,689.0,0.0,0.0,,timeout,0.0,651,6.51,12,9.958777819344288,9.960000000000004,3.552713678800501e-15,0.0,0,0,-898.8100521649163,False
sparse_er_200_p05,2,200,996,9.96,mean_deg,9.96,frobenius,hybrid_frobenius,0.0,ideal,zero,2,graph,50.0,50.0,100,101,4858,69.8830144405365,67.90468072891235,101,628.0,628.0,675.0,0.0,0.0,,timeout,0.0,622,6.22,11,9.95825612901757,9.960000000000004,3.552713678800501e-15,0.0,0,0,-890.2963121859123,False
sparse_er_200_p05,2,200,996,9.96,mean_deg,9.96,frobenius,hybrid_frobenius,0.0,ideal,zero,3,graph,50.0,50.0,100,101,4798,49.585487604141235,47.6793098449707,101,666.0,666.0,688.0,0.0,0.0,,timeout,0.0,661,6.61,12,9.952472872957355,9.960000000000004,3.552713678800501e-15,0.0,0,0,-896.8232272113363,False
sparse_er_200_p05,2,200,996,9.96,mean_deg,9.96,frobenius,hybrid_frobenius,0.0,ideal,zero,4,graph,50.0,50.0,100,101,4870,59.42945337295532,57.558687686920166,101,654.0,654.0,684.0,0.0,0.0,,timeout,0.0,642,6.42,13,9.926894334664297,9.960000000000004,3.552713678800501e-15,0.0,0,0,-889.3912573900394,False
sparse_er_200_p05,2,200,996,9.96,mean_deg,9.96,frobenius,hybrid_frobenius,0.0,ideal,zero,5,graph,50.0,50.0,100,101,4546,29.272502183914185,27.557267904281616,101,642.0,642.0,690.0,0.0,0.0,,timeout,0.0,639,6.39,12,9.801693676768902,9.960000000000003,1.7763568394002505e-15,0.0,0,0,-885.397447601173,False
sparse_er_200_p05,2,200,996,9.96,mean_deg,9.96,frobenius,hybrid_frobenius,0.0,ideal,zero,6,graph,50.0,50.0,100,101,5194,63.974181175231934,61.91451907157898,101,654.0,654.0,677.0,0.0,0.0,,timeout,0.0,648,6.48,14,9.928198050022452,9.960000000000004,3.552713678800501e-15,0.0,0,0,-893.9714885109404,False
sparse_er_200_p05,2,200,996,9.96,mean_deg,9.96,frobenius,hybrid_frobenius,0.0,ideal,zero,7,graph,50.0,50.0,100,101,5158,38.83822250366211,36.73806953430176,101,654.0,654.0,685.0,0.0,0.0,,timeout,0.0,649,6.49,12,9.860399999999968,9.960000000000658,6.572520305780927e-13,0.0,0,0,-891.9466698572035,False
sparse_er_200_p05,2,200,996,9.96,mean_deg,9.96,frobenius,hybrid_frobenius,0.0,ideal,zero,8,graph,50.0,50.0,100,101,5854,87.8042824268341,84.36537051200867,101,634.0,637.0,688.0,0.0,0.0,,timeout,0.0,624,6.24,12,9.919218128611247,9.960000000000003,1.7763568394002505e-15,0.0,0,0,-885.700392424837,False
sparse_er_200_p05,2,200,996,9.96,mean_deg,9.96,frobenius,hybrid_frobenius,0.0,ideal,zero,9,graph,50.0,50.0,100,101,4930,59.04996347427368,57.05199956893921,101,641.0,641.0,682.0,0.0,0.0,,timeout,0.0,635,6.35,14,9.932467045118369,9.960000000000003,1.7763568394002505e-15,0.0,0,0,-891.5274019875819,False
dense_er_200_p15,0,200,2979,29.79,half_mean_deg,14.895,none,static,0.0,ideal,zero,0,graph,50.0,50.0,0,0,3362,1.6103765964508057,0.0,0,1824.0,1857.0,1866.0,0.0,0.0,,timeout,0.0,2979,29.79,42,29.79,42.0,27.105,0.0,0,0,0.0,False
dense_er_200_p15,0,200,2979,29.79,half_mean_deg,14.895,none,static,0.0,ideal,zero,1,graph,50.0,50.0,0,0,4046,1.9499688148498535,0.0,0,1825.0,1856.0,1866.0,0.0,0.0,,timeout,0.0,2979,29.79,42,29.79,42.0,27.105,0.0,0,0,0.0,False
dense_er_200_p15,0,200,2979,29.79,half_mean_deg,14.895,none,static,0.0,ideal,zero,2,graph,50.0,50.0,0,0,3770,1.818406105041504,0.0,0,1836.0,1850.0,1860.0,0.0,0.0,,timeout,0.0,2979,29.79,42,29.79,42.0,27.105,0.0,0,0,0.0,False
dense_er_200_p15,0,200,2979,29.79,half_mean_deg,14.895,none,static,0.0,ideal,zero,3,graph,50.0,50.0,0,0,3026,1.405801773071289,0.0,0,1828.0,1851.0,1858.0,0.0,0.0,,timeout,0.0,2979,29.79,42,29.79,42.0,27.105,0.0,0,0,0.0,False
dense_er_200_p15,0,200,2979,29.79,half_mean_deg,14.895,none,static,0.0,ideal,zero,4,graph,50.0,50.0,0,0,3242,1.5253281593322754,0.0,0,1839.0,1850.0,1865.0,0.0,0.0,,timeout,0.0,2979,29.79,42,29.79,42.0,27.105,0.0,0,0,0.0,False
dense_er_200_p15,0,200,2979,29.79,half_mean_deg,14.895,none,static,0.0,ideal,zero,5,graph,50.0,50.0,0,0,3638,1.8339250087738037,0.0,0,1830.0,1856.0,1866.0,0.0,0.0,,timeout,0.0,2979,29.79,42,29.79,42.0,27.105,0.0,0,0,0.0,False
dense_er_200_p15,0,200,2979,29.79,half_mean_deg,14.895,none,static,0.0,ideal,zero,6,graph,50.0,50.0,0,0,3410,1.6683204174041748,0.0,0,1844.0,1847.0,1855.0,0.0,0.0,,timeout,0.0,2979,29.79,42,29.79,42.0,27.105,0.0,0,0,0.0,False
dense_er_200_p15,0,200,2979,29.79,half_mean_deg,14.895,none,static,0.0,ideal,zero,7,graph,50.0,50.0,0,0,3506,1.7339506149291992,0.0,0,1831.0,1846.0,1862.0,0.0,0.0,,timeout,0.0,2979,29.79,42,29.79,42.0,27.105,0.0,0,0,0.0,False
dense_er_200_p15,0,200,2979,29.79,half_mean_deg,14.895,none,static,0.0,ideal,zero,8,graph,50.0,50.0,0,0,3050,1.507530689239502,0.0,0,1828.0,1847.0,1859.0,0.0,0.0,,timeout,0.0,2979,29.79,42,29.79,42.0,27.105,0.0,0,0,0.0,False
dense_er_200_p15,0,200,2979,29.79,half_mean_deg,14.895,none,static,0.0,ideal,zero,9,graph,50.0,50.0,0,0,3134,1.5606215000152588,0.0,0,1845.0,1855.0,1859.0,0.0,0.0,,timeout,0.0,2979,29.79,42,29.79,42.0,27.105,0.0,0,0,0.0,False
dense_er_200_p15,0,200,2979,29.79,half_mean_deg,14.895,none,random_rounding,0.0,ideal,zero,0,graph,50.0,50.0,0,0,3362,4.452063083648682,0.0,0,1824.0,1857.0,1866.0,0.0,0.0,,timeout,0.0,2979,29.79,42,29.79,42.0,27.105,0.0,0,0,0.0,False
dense_er_200_p15,0,200,2979,29.79,half_mean_deg,14.895,none,random_rounding,0.0,ideal,zero,1,graph,50.0,50.0,0,0,4046,2.042450428009033,0.0,0,1825.0,1856.0,1866.0,0.0,0.0,,timeout,0.0,2979,29.79,42,29.79,42.0,27.105,0.0,0,0,0.0,False
dense_er_200_p15,0,200,2979,29.79,half_mean_deg,14.895,none,random_rounding,0.0,ideal,zero,2,graph,50.0,50.0,0,0,3770,1.911867380142212,0.0,0,1836.0,1850.0,1860.0,0.0,0.0,,timeout,0.0,2979,29.79,42,29.79,42.0,27.105,0.0,0,0,0.0,False
dense_er_200_p15,0,200,2979,29.79,half_mean_deg,14.895,none,random_rounding,0.0,ideal,zero,3,graph,50.0,50.0,0,0,3026,1.4308695793151855,0.0,0,1828.0,1851.0,1858.0,0.0,0.0,,timeout,0.0,2979,29.79,42,29.79,42.0,27.105,0.0,0,0,0.0,False
dense_er_200_p15,0,200,2979,29.79,half_mean_deg,14.895,none,random_rounding,0.0,ideal,zero,4,graph,50.0,50.0,0,0,3242,1.542328119277954,0.0,0,1839.0,1850.0,1865.0,0.0,0.0,,timeout,0.0,2979,29.79,42,29.79,42.0,27.105,0.0,0,0,0.0,False
dense_er_200_p15,0,200,2979,29.79,half_mean_deg,14.895,none,random_rounding,0.0,ideal,zero,5,graph,50.0,50.0,0,0,3638,1.7613019943237305,0.0,0,1830.0,1856.0,1866.0,0.0,0.0,,timeout,0.0,2979,29.79,42,29.79,42.0,27.105,0.0,0,0,0.0,False
dense_er_200_p15,0,200,2979,29.79,half_mean_deg,14.895,none,random_rounding,0.0,ideal,zero,6,graph,50.0,50.0,0,0,3410,1.7065882682800293,0.0,0,1844.0,1847.0,1855.0,0.0,0.0,,timeout,0.0,2979,29.79,42,29.79,42.0,27.105,0.0,0,0,0.0,False
dense_er_200_p15,0,200,2979,29.79,half_mean_deg,14.895,none,random_rounding,0.0,ideal,zero,7,graph,50.0,50.0,0,0,3506,1.759397268295288,0.0,0,1831.0,1846.0,1862.0,0.0,0.0,,timeout,0.0,2979,29.79,42,29.79,42.0,27.105,0.0,0,0,0.0,False
dense_er_200_p15,0,200,2979,29.79,half_mean_deg,14.895,none,random_rounding,0.0,ideal,zero,8,graph,50.0,50.0,0,0,3050,1.4867334365844727,0.0,0,1828.0,1847.0,1859.0,0.0,0.0,,timeout,0.0,2979,29.79,42,29.79,42.0,27.105,0.0,0,0,0.0,False
dense_er_200_p15,0,200,2979,29.79,half_mean_deg,14.895,none,random_rounding,0.0,ideal,zero,9,graph,50.0,50.0,0,0,3134,1.5223112106323242,0.0,0,1845.0,1855.0,1859.0,0.0,0.0,,timeout,0.0,2979,29.79,42,29.79,42.0,27.105,0.0,0,0,0.0,False
dense_er_200_p15,0,200,2979,29.79,half_mean_deg,14.895,none,greedy,0.0,ideal,zero,0,graph,50.0,50.0,0,0,0,0.0018041133880615234,0.0,0,1842.0,1842.0,1842.0,0.0,0.0,,timeout,0.0,0,0.0,0,0.0,0.0,0.0,0.0,0,0,0.0,False
dense_er_200_p15,0,200,2979,29.79,half_mean_deg,14.895,none,greedy,0.0,ideal,zero,1,graph,50.0,50.0,0,0,0,0.0006759166717529297,0.0,0,1835.0,1835.0,1835.0,0.0,0.0,,timeout,0.0,0,0.0,0,0.0,0.0,0.0,0.0,0,0,0.0,False
dense_er_200_p15,0,200,2979,29.79,half_mean_deg,14.895,none,greedy,0.0,ideal,zero,2,graph,50.0,50.0,0,0,0,0.0006105899810791016,0.0,0,1799.0,1799.0,1799.0,0.0,0.0,,timeout,0.0,0,0.0,0,0.0,0.0,0.0,0.0,0,0,0.0,False
dense_er_200_p15,0,200,2979,29.79,half_mean_deg,14.895,none,greedy,0.0,ideal,zero,3,graph,50.0,50.0,0,0,0,0.0005202293395996094,0.0,0,1820.0,1820.0,1820.0,0.0,0.0,,timeout,0.0,0,0.0,0,0.0,0.0,0.0,0.0,0,0,0.0,False
dense_er_200_p15,0,200,2979,29.79,half_mean_deg,14.895,none,greedy,0.0,ideal,zero,4,graph,50.0,50.0,0,0,0,0.0005176067352294922,0.0,0,1812.0,1812.0,1812.0,0.0,0.0,,timeout,0.0,0,0.0,0,0.0,0.0,0.0,0.0,0,0,0.0,False
dense_er_200_p15,0,200,2979,29.79,half_mean_deg,14.895,none,greedy,0.0,ideal,zero,5,graph,50.0,50.0,0,0,0,0.0005450248718261719,0.0,0,1807.0,1807.0,1807.0,0.0,0.0,,timeout,0.0,0,0.0,0,0.0,0.0,0.0,0.0,0,0,0.0,False
dense_er_200_p15,0,200,2979,29.79,half_mean_deg,14.895,none,greedy,0.0,ideal,zero,6,graph,50.0,50.0,0,0,0,0.0005221366882324219,0.0,0,1813.0,1813.0,1813.0,0.0,0.0,,timeout,0.0,0,0.0,0,0.0,0.0,0.0,0.0,0,0,0.0,False
dense_er_200_p15,0,200,2979,29.79,half_mean_deg,14.895,none,greedy,0.0,ideal,zero,7,graph,50.0,50.0,0,0,0,0.0005404949188232422,0.0,0,1785.0,1785.0,1785.0,0.0,0.0,,timeout,0.0,0,0.0,0,0.0,0.0,0.0,0.0,0,0,0.0,False
dense_er_200_p15,0,200,2979,29.79,half_mean_deg,14.895,none,greedy,0.0,ideal,zero,8,graph,50.0,50.0,0,0,0,0.0005097389221191406,0.0,0,1808.0,1808.0,1808.0,0.0,0.0,,timeout,0.0,0,0.0,0,0.0,0.0,0.0,0.0,0,0,0.0,False
dense_er_200_p15,0,200,2979,29.79,half_mean_deg,14.895,none,greedy,0.0,ideal,zero,9,graph,50.0,50.0,0,0,0,0.0005655288696289062,0.0,0,1816.0,1816.0,1816.0,0.0,0.0,,timeout,0.0,0,0.0,0,0.0,0.0,0.0,0.0,0,0,0.0,False
dense_er_200_p15,0,200,2979,29.79,half_mean_deg,14.895,none,static_projected,0.0,ideal,zero,0,graph,50.0,50.0,0,1,1538,0.7982110977172852,0.0645606517791748,1,1812.0,1850.0,1859.0,0.0,0.0,,timeout,0.0,2979,29.79,42,14.875030996157836,14.895000000000003,3.552713678800501e-15,0.0,0,0,0.0,False
dense_er_200_p15,0,200,2979,29.79,half_mean_deg,14.895,none,static_projected,0.0,ideal,zero,1,graph,50.0,50.0,0,1,1766,0.9171781539916992,0.05330467224121094,1,1819.0,1848.0,1860.0,0.0,0.0,,timeout,0.0,2979,29.79,42,14.875030996157836,14.895000000000003,3.552713678800501e-15,0.0,0,0,0.0,False
dense_er_200_p15,0,200,2979,29.79,half_mean_deg,14.895,none,static_projected,0.0,ideal,zero,2,graph,50.0,50.0,0,1,1766,0.9164364337921143,0.0638124942779541,1,1803.0,1856.0,1859.0,0.0,0.0,,timeout,0.0,2979,29.79,42,14.875030996157836,14.895000000000003,3.552713678800501e-15,0.0,0,0,0.0,False
dense_er_200_p15,0,200,2979,29.79,half_mean_deg,14.895,none,static_projected,0.0,ideal,zero,3,graph,50.0,50.0,0,1,1946,0.9830026626586914,0.05857038497924805,1,1828.0,1854.0,1865.0,0.0,0.0,,timeout,0.0,2979,29.79,42,14.875030996157836,14.895000000000003,3.552713678800501e-15,0.0,0,0,0.0,False
dense_er_200_p15,0,200,2979,29.79,half_mean_deg,14.895,none,static_projected,0.0,ideal,zero,4,graph,50.0,50.0,0,1,1802,0.9264042377471924,0.0596308708190918,1,1847.0,1856.0,1865.0,0.0,0.0,,timeout,0.0,2979,29.79,42,14.875030996157836,14.895000000000003,3.552713678800501e-15,0.0,0,0,0.0,False
dense_er_200_p15,0,200,2979,29.79,half_mean_deg,14.895,none,static_projected,0.0,ideal,zero,5,graph,50.0,50.0,0,1,2090,1.0988140106201172,0.060333251953125,1,1838.0,1842.0,1851.0,0.0,0.0,,timeout,0.0,2979,29.79,42,14.875030996157836,14.895000000000003,3.552713678800501e-15,0.0,0,0,0.0,False
dense_er_200_p15,0,200,2979,29.79,half_mean_deg,14.895,none,static_projected,0.0,ideal,zero,6,graph,50.0,50.0,0,1,1574,0.8348510265350342,0.06695294380187988,1,1808.0,1850.0,1862.0,0.0,0.0,,timeout,0.0,2979,29.79,42,14.875030996157836,14.895000000000003,3.552713678800501e-15,0.0,0,0,0.0,False
dense_er_200_p15,0,200,2979,29.79,half_mean_deg,14.895,none,static_projected,0.0,ideal,zero,7,graph,50.0,50.0,0,1,1886,1.0005245208740234,0.0558474063873291,1,1853.0,1859.0,1867.0,0.0,0.0,,timeout,0.0,2979,29.79,42,14.875030996157836,14.895000000000003,3.552713678800501e-15,0.0,0,0,0.0,False
dense_er_200_p15,0,200,2979,29.79,half_mean_deg,14.895,none,static_projected,0.0,ideal,zero,8,graph,50.0,50.0,0,1,1946,1.0186293125152588,0.06238508224487305,1,1813.0,1844.0,1859.0,0.0,0.0,,timeout,0.0,2979,29.79,42,14.875030996157836,14.895000000000003,3.552713678800501e-15,0.0,0,0,0.0,False
dense_er_200_p15,0,200,2979,29.79,half_mean_deg,14.895,none,static_projected,0.0,ideal,zero,9,graph,50.0,50.0,0,1,1862,0.9784884452819824,0.07383084297180176,1,1831.0,1847.0,1859.0,0.0,0.0,,timeout,0.0,2979,29.79,42,14.875030996157836,14.895000000000003,3.552713678800501e-15,0.0,0,0,0.0,False
dense_er_200_p15,0,200,2979,29.79,half_mean_deg,14.895,none,static_budgeted,0.0,ideal,zero,0,graph,50.0,50.0,0,1,1790,0.9581944942474365,0.06888103485107422,1,1763.0,1813.0,1836.0,0.0,0.0,,timeout,0.0,2243,22.43,32,14.819327808444282,14.895000000000335,3.3573144264664734e-13,0.0,0,0,0.0,False
dense_er_200_p15,0,200,2979,29.79,half_mean_deg,14.895,none,static_budgeted,0.0,ideal,zero,1,graph,50.0,50.0,0,1,1910,1.0130844116210938,0.060355424880981445,1,1780.0,1812.0,1844.0,0.0,0.0,,timeout,0.0,2248,22.48,32,14.81335627788692,14.895000000000977,9.769962616701378e-13,0.0,0,0,0.0,False
dense_er_200_p15,0,200,2979,29.79,half_mean_deg,14.895,none,static_budgeted,0.0,ideal,zero,2,graph,50.0,50.0,0,1,2018,1.0411715507507324,0.04965090751647949,1,1792.0,1813.0,1846.0,0.0,0.0,,timeout,0.0,2259,22.59,30,14.815159804298291,14.895000000000412,4.121147867408581e-13,0.0,0,0,0.0,False
dense_er_200_p15,0,200,2979,29.79,half_mean_deg,14.895,none,static_budgeted,0.0,ideal,zero,3,graph,50.0,50.0,0,1,1838,0.9403727054595947,0.05024433135986328,1,1765.0,1797.0,1845.0,0.0,0.0,,timeout,0.0,2222,22.22,33,14.847810892066013,14.895000000000675,6.750155989720952e-13,0.0,0,0,0.0,False
dense_er_200_p15,0,200,2979,29.79,half_mean_deg,14.895,none,static_budgeted,0.0,ideal,zero,4,graph,50.0,50.0,0,1,1718,3.5881922245025635,0.07332849502563477,1,1762.0,1820.0,1841.0,0.0,0.0,,timeout,0.0,2240,22.4,32,14.835098315992019,14.895000000000895,8.952838470577262e-13,0.0,0,0,0.0,False
dense_er_200_p15,0,200,2979,29.79,half_mean_deg,14.895,none,static_budgeted,0.0,ideal,zero,5,graph,50.0,50.0,0,1,1958,1.00840163230896,0.05224347114562988,1,1749.0,1787.0,1832.0,0.0,0.0,,timeout,0.0,2240,22.4,32,14.797811196032187,14.895000000000174,1.7408297026122455e-13,0.0,0,0,0.0,False
dense_er_200_p15,0,200,2979,29.79,half_mean_deg,14.895,none,static_budgeted,0.0,ideal,zero,6,graph,50.0,50.0,0,1,1802,0.9670023918151855,0.06516098976135254,1,1793.0,1800.0,1828.0,0.0,0.0,,timeout,0.0,2244,22.44,33,14.823310639292727,14.895000000000465,4.654054919228656e-13,0.0,0,0,0.0,False
dense_er_200_p15,0,200,2979,29.79,half_mean_deg,14.895,none,static_budgeted,0.0,ideal,zero,7,graph,50.0,50.0,0,1,2150,1.0965080261230469,0.05662655830383301,1,1816.0,1816.0,1837.0,0.0,0.0,,timeout,0.0,2236,22.36,32,14.846807453330873,14.89500000000057,5.702105454474804e-13,0.0,0,0,0.0,False
dense_er_200_p15,0,200,2979,29.79,half_mean_deg,14.895,none,static_budgeted,0.0,ideal,zero,8,graph,50.0,50.0,0,1,2366,1.1853513717651367,0.06690192222595215,1,1784.0,1784.0,1826.0,0.0,0.0,,timeout,0.0,2254,22.54,32,14.839132701689882,14.895000000000625,6.252776074688882e-13,0.0,0,0,0.0,False
dense_er_200_p15,0,200,2979,29.79,half_mean_deg,14.895,none,static_budgeted,0.0,ideal,zero,9,graph,50.0,50.0,0,1,1862,1.0063676834106445,0.06399250030517578,1,1789.0,1804.0,1837.0,0.0,0.0,,timeout,0.0,2243,22.43,33,14.814950939471201,14.895000000000213,2.1316282072803006e-13,0.0,0,0,0.0,False
dense_er_200_p15,0,200,2979,29.79,half_mean_deg,14.895,none,random_budgeted,0.0,ideal,zero,0,graph,50.0,50.0,0,1,1838,0.9363386631011963,0.030517101287841797,1,1807.0,1807.0,1817.0,0.0,0.0,,timeout,0.0,2963,29.63,41,13.436569449675435,14.895000000000001,1.7763568394002505e-15,0.0,0,0,0.0,False
dense_er_200_p15,0,200,2979,29.79,half_mean_deg,14.895,none,random_budgeted,0.0,ideal,zero,1,graph,50.0,50.0,0,1,1898,0.9682552814483643,0.036275386810302734,1,1809.0,1833.0,1860.0,0.0,0.0,,timeout,0.0,2960,29.6,41,13.517048526921682,14.895000000000271,2.717825964282383e-13,0.0,0,0,0.0,False
dense_er_200_p15,0,200,2979,29.79,half_mean_deg,14.895,none,random_budgeted,0.0,ideal,zero,2,graph,50.0,50.0,0,1,1838,0.9135234355926514,0.030592918395996094,1,1796.0,1829.0,1848.0,0.0,0.0,,timeout,0.0,2950,29.5,41,13.349078212911515,14.895000000000302,3.019806626980426e-13,0.0,0,0,0.0,False
dense_er_200_p15,0,200,2979,29.79,half_mean_deg,14.895,none,random_budgeted,0.0,ideal,zero,3,graph,50.0,50.0,0,1,1862,0.9310469627380371,0.03354477882385254,1,1813.0,1828.0,1846.0,0.0,0.0,,timeout,0.0,2965,29.65,42,13.372204832112258,14.895000000000525,5.258016244624741e-13,0.0,0,0,0.0,False
dense_er_200_p15,0,200,2979,29.79,half_mean_deg,14.895,none,random_budgeted,0.0,ideal,zero,4,graph,50.0,50.0,0,1,1802,0.880119800567627,0.028182506561279297,1,1808.0,1818.0,1842.0,0.0,0.0,,timeout,0.0,2956,29.56,40,13.318237668618757,14.895000000000003,3.552713678800501e-15,0.0,0,0,0.0,False
dense_er_200_p15,0,200,2979,29.79,half_mean_deg,14.895,none,random_budgeted,0.0,ideal,zero,5,graph,50.0,50.0,0,1,1982,1.0039336681365967,0.03124213218688965,1,1826.0,1832.0,1844.0,0.0,0.0,,timeout,0.0,2959,29.59,41,13.445795757118164,14.895000000000001,1.7763568394002505e-15,0.0,0,0,0.0,False
dense_er_200_p15,0,200,2979,29.79,half_mean_deg,14.895,none,random_budgeted,0.0,ideal,zero,6,graph,50.0,50.0,0,1,1658,0.826979398727417,0.024105072021484375,1,1793.0,1844.0,1856.0,0.0,0.0,,timeout,0.0,2959,29.59,40,13.444708492895497,14.895000000000215,2.149391775674303e-13,0.0,0,0,0.0,False
dense_er_200_p15,0,200,2979,29.79,half_mean_deg,14.895,none,random_budgeted,0.0,ideal,zero,7,graph,50.0,50.0,0,1,1946,0.9935276508331299,0.035088300704956055,1,1805.0,1828.0,1856.0,0.0,0.0,,timeout,0.0,2955,29.55,40,13.375277396091173,14.895000000000847,8.473222123939195e-13,0.0,0,0,0.0,False
dense_er_200_p15,0,200,2979,29.79,half_mean_deg,14.895,none,random_budgeted,0.0,ideal,zero,8,graph,50.0,50.0,0,1,1694,0.9848129749298096,0.038195133209228516,1,1769.0,1823.0,1848.0,0.0,0.0,,timeout,0.0,2960,29.6,41,13.417834872330436,14.895,0.0,0.0,0,0,0.0,False
dense_er_200_p15,0,200,2979,29.79,half_mean_deg,14.895,none,random_budgeted,0.0,ideal,zero,9,graph,50.0,50.0,0,1,1646,0.8386750221252441,0.04046487808227539,1,1813.0,1814.0,1830.0,0.0,0.0,,timeout,0.0,2959,29.59,41,13.321492937297217,14.89500000000098,9.805489753489383e-13,0.0,0,0,0.0,False
dense_er_200_p15,0,200,2979,29.79,half_mean_deg,14.895,none,learned_support_random_weights,0.0,ideal,zero,0,hebbian_seed0,50.0,50.0,0,1,1862,0.7339251041412354,0.002766847610473633,1,1719.0,1719.0,1812.0,0.0,0.0,,timeout,0.0,1719,17.19,25,8.549386469470198,12.892847293033057,-2.0021527069669425,0.0,0,0,0.0,False
dense_er_200_p15,0,200,2979,29.79,half_mean_deg,14.895,none,learned_support_random_weights,0.0,ideal,zero,1,hebbian_seed0,50.0,50.0,0,1,2018,0.765439510345459,0.0019304752349853516,1,1719.0,1719.0,1812.0,0.0,0.0,,timeout,0.0,1719,17.19,25,8.715087463903965,14.380271862696565,-0.5147281373034343,0.0,0,0,0.0,False
dense_er_200_p15,0,200,2979,29.79,half_mean_deg,14.895,none,learned_support_random_weights,0.0,ideal,zero,2,hebbian_seed0,50.0,50.0,0,1,2030,0.7440052032470703,0.002524852752685547,1,1719.0,1719.0,1812.0,0.0,0.0,,timeout,0.0,1719,17.19,25,8.51013625452591,13.822678347797616,-1.0723216522023833,0.0,0,0,0.0,False
dense_er_200_p15,0,200,2979,29.79,half_mean_deg,14.895,none,learned_support_random_weights,0.0,ideal,zero,3,hebbian_seed0,50.0,50.0,0,1,1898,0.6900970935821533,0.002707242965698242,1,1719.0,1719.0,1812.0,0.0,0.0,,timeout,0.0,1719,17.19,25,8.541604559436298,14.488139113203667,-0.40686088679633237,0.0,0,0,0.0,False
dense_er_200_p15,0,200,2979,29.79,half_mean_deg,14.895,none,learned_support_random_weights,0.0,ideal,zero,4,hebbian_seed0,50.0,50.0,0,1,2030,0.7480497360229492,0.0025348663330078125,1,1719.0,1719.0,1812.0,0.0,0.0,,timeout,0.0,1719,17.19,25,8.626740110684025,13.594662391582421,-1.3003376084175784,0.0,0,0,0.0,False
dense_er_200_p15,0,200,2979,29.79,half_mean_deg,14.895,none,learned_support_random_weights,0.0,ideal,zero,5,hebbian_seed0,50.0,50.0,0,1,1970,0.7647254467010498,0.0018968582153320312,1,1719.0,1719.0,1812.0,0.0,0.0,,timeout,0.0,1719,17.19,25,8.674546328958488,14.51174836846846,-0.3832516315315395,0.0,0,0,0.0,False
dense_er_200_p15,0,200,2979,29.79,half_mean_deg,14.895,none,learned_support_random_weights,0.0,ideal,zero,6,hebbian_seed0,50.0,50.0,0,1,1922,0.6994316577911377,0.0018990039825439453,1,1719.0,1719.0,1812.0,0.0,0.0,,timeout,0.0,1719,17.19,25,8.54238351758781,14.703438244683408,-0.1915617553165916,0.0,0,0,0.0,False
dense_er_200_p15,0,200,2979,29.79,half_mean_deg,14.895,none,learned_support_random_weights,0.0,ideal,zero,7,hebbian_seed0,50.0,50.0,0,1,1982,0.7359628677368164,0.001889944076538086,1,1719.0,1719.0,1812.0,0.0,0.0,,timeout,0.0,1719,17.19,25,8.56871050577801,13.439986086592267,-1.4550139134077327,0.0,0,0,0.0,False
dense_er_200_p15,0,200,2979,29.79,half_mean_deg,14.895,none,learned_support_random_weights,0.0,ideal,zero,8,hebbian_seed0,50.0,50.0,0,1,1982,0.7601141929626465,0.0023555755615234375,1,1719.0,1719.0,1812.0,0.0,0.0,,timeout,0.0,1719,17.19,25,8.505512282390914,13.660900076167604,-1.234099923832396,0.0,0,0,0.0,False
dense_er_200_p15,0,200,2979,29.79,half_mean_deg,14.895,none,learned_support_random_weights,0.0,ideal,zero,9,hebbian_seed0,50.0,50.0,0,1,1994,0.7823135852813721,0.0028917789459228516,1,1719.0,1719.0,1812.0,0.0,0.0,,timeout,0.0,1719,17.19,25,8.551520738609991,14.194649610973741,-0.7003503890262586,0.0,0,0,0.0,False
dense_er_200_p15,0,200,2979,29.79,half_mean_deg,14.895,none,topology_scrambled,0.0,ideal,zero,0,graph,50.0,50.0,100,101,4772,18.945205211639404,16.76806092262268,101,1555.0,1555.0,1806.0,0.0,0.0,,timeout,0.0,1641,16.41,26,14.89500000000015,14.895000000000698,6.981082378842984e-13,0.0,0,0,-1414.932216603508,False
dense_er_200_p15,0,200,2979,29.79,half_mean_deg,14.895,none,topology_scrambled,0.0,ideal,zero,1,graph,50.0,50.0,100,101,4724,38.10483145713806,35.963828563690186,101,1599.0,1599.0,1809.0,0.0,0.0,,timeout,0.0,1651,16.51,26,14.74605,14.895000000000001,1.7763568394002505e-15,0.0,0,0,-1402.2089634749946,False
dense_er_200_p15,0,200,2979,29.79,half_mean_deg,14.895,none,topology_scrambled,0.0,ideal,zero,2,graph,50.0,50.0,100,101,4592,19.75879168510437,16.651655673980713,101,1566.0,1566.0,1792.0,0.0,0.0,,timeout,0.0,1640,16.4,25,14.895000000000138,14.895000000000923,9.237055564881302e-13,0.0,0,0,-1413.2968186312028,False
dense_er_200_p15,0,200,2979,29.79,half_mean_deg,14.895,none,topology_scrambled,0.0,ideal,zero,3,graph,50.0,50.0,100,101,4604,10.30684518814087,8.244372367858887,101,1560.0,1560.0,1832.0,0.0,0.0,,timeout,0.0,1620,16.2,32,14.895000000000131,14.895000000000664,6.643574579356937e-13,0.0,0,0,-1412.0292368648584,False
dense_er_200_p15,0,200,2979,29.79,half_mean_deg,14.895,none,topology_scrambled,0.0,ideal,zero,4,graph,50.0,50.0,100,101,4772,25.04268479347229,22.88645315170288,101,1569.0,1569.0,1804.0,0.0,0.0,,timeout,0.0,1605,16.05,28,14.894999999999788,14.895000000000001,1.7763568394002505e-15,0.0,0,0,-1411.0044390014555,False
dense_er_200_p15,0,200,2979,29.79,half_mean_deg,14.895,none,topology_scrambled,0.0,ideal,zero,5,graph,50.0,50.0,100,101,4820,15.760584592819214,13.631759643554688,101,1545.0,1545.0,1823.0,0.0,0.0,,timeout,0.0,1609,16.09,28,14.895000000000003,14.895000000000437,4.369837824924616e-13,0.0,0,0,-1412.4555079555494,False
dense_er_200_p15,0,200,2979,29.79,half_mean_deg,14.895,none,topology_scrambled,0.0,ideal,zero,6,graph,50.0,50.0,100,101,4712,13.91908860206604,11.846866130828857,101,1542.0,1542.0,1817.0,0.0,0.0,,timeout,0.0,1612,16.12,26,14.89499999999985,14.895000000000003,3.552713678800501e-15,0.0,0,0,-1412.138260303675,False
dense_er_200_p15,0,200,2979,29.79,half_mean_deg,14.895,none,topology_scrambled,0.0,ideal,zero,7,graph,50.0,50.0,100,101,4676,14.213419198989868,12.190011501312256,101,1580.0,1580.0,1817.0,0.0,0.0,,timeout,0.0,1592,15.92,26,14.895000000000017,14.895000000000262,2.6290081223123707e-13,0.0,0,0,-1412.6507840958884,False
dense_er_200_p15,0,200,2979,29.79,half_mean_deg,14.895,none,topology_scrambled,0.0,ideal,zero,8,graph,50.0,50.0,100,101,4676,22.70057511329651,20.55331540107727,101,1586.0,1586.0,1803.0,0.0,0.0,,timeout,0.0,1612,16.12,25,14.894999999999527,14.895000000000001,1.7763568394002505e-15,0.0,0,0,-1411.9520123628495,False
dense_er_200_p15,0,200,2979,29.79,half_mean_deg,14.895,none,topology_scrambled,0.0,ideal,zero,9,graph,50.0,50.0,100,101,4712,11.471772193908691,9.475929260253906,101,1599.0,1599.0,1817.0,0.0,0.0,,timeout,0.0,1591,15.91,25,14.895000000000017,14.895000000000447,4.476419235288631e-13,0.0,0,0,-1411.4563801220077,False
dense_er_200_p15,0,200,2979,29.79,half_mean_deg,14.895,sinkhorn,hebbian_sinkhorn,0.0,ideal,zero,0,graph,50.0,50.0,100,100,4652,2.29939341545105,0.0,0,1728.0,1728.0,1811.0,0.0,0.0,,timeout,0.0,1728,17.28,26,14.428035882928468,14.895000000000001,1.7763568394002505e-15,0.0,0,0,-1379.1999776753162,False
dense_er_200_p15,0,200,2979,29.79,half_mean_deg,14.895,sinkhorn,hebbian_sinkhorn,0.0,ideal,zero,1,graph,50.0,50.0,100,100,4664,2.2715682983398438,0.0,0,1739.0,1739.0,1813.0,0.0,0.0,,timeout,0.0,1739,17.39,26,14.381386695761499,14.895000000000001,1.7763568394002505e-15,0.0,0,0,-1374.7475059127687,False
dense_er_200_p15,0,200,2979,29.79,half_mean_deg,14.895,sinkhorn,hebbian_sinkhorn,0.0,ideal,zero,2,graph,50.0,50.0,100,100,4604,2.3349246978759766,0.0,0,1715.0,1715.0,1791.0,0.0,0.0,,timeout,0.0,1715,17.15,25,14.220113164795753,14.895000000000003,3.552713678800501e-15,0.0,0,0,-1359.796832481915,False
dense_er_200_p15,0,200,2979,29.79,half_mean_deg,14.895,sinkhorn,hebbian_sinkhorn,0.0,ideal,zero,3,graph,50.0,50.0,100,100,4676,2.3420896530151367,0.0,0,1722.0,1722.0,1831.0,0.0,0.0,,timeout,0.0,1722,17.22,28,14.382128323454706,14.895000000000003,3.552713678800501e-15,0.0,0,0,-1374.4087230460316,False
dense_er_200_p15,0,200,2979,29.79,half_mean_deg,14.895,sinkhorn,hebbian_sinkhorn,0.0,ideal,zero,4,graph,50.0,50.0,100,100,4556,2.219034433364868,0.0,0,1732.0,1732.0,1814.0,0.0,0.0,,timeout,0.0,1732,17.32,27,14.20204326579571,14.895000000000003,3.552713678800501e-15,0.0,0,0,-1357.7528927458632,False
dense_er_200_p15,0,200,2979,29.79,half_mean_deg,14.895,sinkhorn,hebbian_sinkhorn,0.0,ideal,zero,5,graph,50.0,50.0,100,100,4724,2.442734718322754,0.0,0,1726.0,1726.0,1825.0,0.0,0.0,,timeout,0.0,1726,17.26,27,14.394866398972841,14.895000000000003,3.552713678800501e-15,0.0,0,0,-1375.9230789576332,False
dense_er_200_p15,0,200,2979,29.79,half_mean_deg,14.895,sinkhorn,hebbian_sinkhorn,0.0,ideal,zero,6,graph,50.0,50.0,100,100,4604,5.2163684368133545,0.0,0,1750.0,1750.0,1858.0,0.0,0.0,,timeout,0.0,1750,17.5,29,14.361691317083707,14.895000000000003,3.552713678800501e-15,0.0,0,0,-1372.854865996717,False
dense_er_200_p15,0,200,2979,29.79,half_mean_deg,14.895,sinkhorn,hebbian_sinkhorn,0.0,ideal,zero,7,graph,50.0,50.0,100,100,4592,2.3502321243286133,0.0,0,1738.0,1738.0,1821.0,0.0,0.0,,timeout,0.0,1738,17.38,28,14.309827977247574,14.895000000000003,3.552713678800501e-15,0.0,0,0,-1368.204285572283,False
dense_er_200_p15,0,200,2979,29.79,half_mean_deg,14.895,sinkhorn,hebbian_sinkhorn,0.0,ideal,zero,8,graph,50.0,50.0,100,100,4556,2.33376145362854,0.0,0,1699.0,1699.0,1831.0,0.0,0.0,,timeout,0.0,1699,16.99,27,14.448909517652389,14.895000000000003,3.552713678800501e-15,0.0,0,7,-1379.751534712907,False
dense_er_200_p15,0,200,2979,29.79,half_mean_deg,14.895,sinkhorn,hebbian_sinkhorn,0.0,ideal,zero,9,graph,50.0,50.0,100,100,4580,2.273144483566284,0.0,0,1734.0,1734.0,1826.0,0.0,0.0,,timeout,0.0,1734,17.34,25,14.370536200098766,14.895000000000003,3.552713678800501e-15,0.0,0,0,-1373.8324300182544,False
dense_er_200_p15,0,200,2979,29.79,half_mean_deg,14.895,sinkhorn,hybrid_sinkhorn,0.0,ideal,zero,0,graph,50.0,50.0,100,100,7390,3.3943543434143066,0.0,0,1728.0,1728.0,1811.0,0.0,0.0,,timeout,0.0,1728,17.28,26,14.428035882928468,14.895000000000001,1.7763568394002505e-15,0.0,0,0,-1379.1999776753162,False
dense_er_200_p15,0,200,2979,29.79,half_mean_deg,14.895,sinkhorn,hybrid_sinkhorn,0.0,ideal,zero,1,graph,50.0,50.0,100,100,7426,3.3680644035339355,0.0,0,1739.0,1739.0,1813.0,0.0,0.0,,timeout,0.0,1739,17.39,26,14.381386695761499,14.895000000000001,1.7763568394002505e-15,0.0,0,0,-1374.7475059127687,False
dense_er_200_p15,0,200,2979,29.79,half_mean_deg,14.895,sinkhorn,hybrid_sinkhorn,0.0,ideal,zero,2,graph,50.0,50.0,100,100,7318,3.242363214492798,0.0,0,1715.0,1715.0,1791.0,0.0,0.0,,timeout,0.0,1715,17.15,25,14.220113164795753,14.895000000000003,3.552713678800501e-15,0.0,0,0,-1359.796832481915,False
dense_er_200_p15,0,200,2979,29.79,half_mean_deg,14.895,sinkhorn,hybrid_sinkhorn,0.0,ideal,zero,3,graph,50.0,50.0,100,100,7414,3.302081346511841,0.0,0,1722.0,1722.0,1831.0,0.0,0.0,,timeout,0.0,1722,17.22,28,14.382128323454706,14.895000000000003,3.552713678800501e-15,0.0,0,0,-1374.4087230460316,False
dense_er_200_p15,0,200,2979,29.79,half_mean_deg,14.895,sinkhorn,hybrid_sinkhorn,0.0,ideal,zero,4,graph,50.0,50.0,100,100,7306,3.3058457374572754,0.0,0,1732.0,1732.0,1814.0,0.0,0.0,,timeout,0.0,1732,17.32,27,14.20204326579571,14.895000000000003,3.552713678800501e-15,0.0,0,0,-1357.7528927458632,False
dense_er_200_p15,0,200,2979,29.79,half_mean_deg,14.895,sinkhorn,hybrid_sinkhorn,0.0,ideal,zero,5,graph,50.0,50.0,100,100,7510,3.3663134574890137,0.0,0,1726.0,1726.0,1825.0,0.0,0.0,,timeout,0.0,1726,17.26,27,14.394866398972841,14.895000000000003,3.552713678800501e-15,0.0,0,0,-1375.9230789576332,False
dense_er_200_p15,0,200,2979,29.79,half_mean_deg,14.895,sinkhorn,hybrid_sinkhorn,0.0,ideal,zero,6,graph,50.0,50.0,100,100,7342,6.026645183563232,0.0,0,1750.0,1750.0,1858.0,0.0,0.0,,timeout,0.0,1750,17.5,29,14.361691317083707,14.895000000000003,3.552713678800501e-15,0.0,0,0,-1372.854865996717,False
dense_er_200_p15,0,200,2979,29.79,half_mean_deg,14.895,sinkhorn,hybrid_sinkhorn,0.0,ideal,zero,7,graph,50.0,50.0,100,100,7342,3.3918769359588623,0.0,0,1738.0,1738.0,1821.0,0.0,0.0,,timeout,0.0,1738,17.38,28,14.309827977247574,14.895000000000003,3.552713678800501e-15,0.0,0,0,-1368.204285572283,False
dense_er_200_p15,0,200,2979,29.79,half_mean_deg,14.895,sinkhorn,hybrid_sinkhorn,0.0,ideal,zero,8,graph,50.0,50.0,100,100,7330,3.319902181625366,0.0,0,1699.0,1699.0,1831.0,0.0,0.0,,timeout,0.0,1699,16.99,27,14.448909517652389,14.895000000000003,3.552713678800501e-15,0.0,0,7,-1379.751534712907,False
dense_er_200_p15,0,200,2979,29.79,half_mean_deg,14.895,sinkhorn,hybrid_sinkhorn,0.0,ideal,zero,9,graph,50.0,50.0,100,100,7318,3.2164387702941895,0.0,0,1734.0,1734.0,1826.0,0.0,0.0,,timeout,0.0,1734,17.34,25,14.370536200098766,14.895000000000003,3.552713678800501e-15,0.0,0,0,-1373.8324300182544,False
dense_er_200_p15,0,200,2979,29.79,half_mean_deg,14.895,frobenius,hebbian_frobenius,0.0,ideal,zero,0,graph,50.0,50.0,100,101,4664,10.140186786651611,8.310909509658813,101,1719.0,1719.0,1812.0,0.0,0.0,,timeout,0.0,1719,17.19,25,14.894999999998591,14.895000000000003,3.552713678800501e-15,0.0,0,0,-1419.5936368302514,True
dense_er_200_p15,0,200,2979,29.79,half_mean_deg,14.895,frobenius,hebbian_frobenius,0.0,ideal,zero,1,graph,50.0,50.0,100,101,4688,30.70339012145996,28.790273666381836,101,1729.0,1729.0,1826.0,0.0,0.0,,timeout,0.0,1729,17.29,27,14.894999999999333,14.895000000000152,1.5276668818842154e-13,0.0,0,0,-1419.4313266552122,True
dense_er_200_p15,0,200,2979,29.79,half_mean_deg,14.895,frobenius,hebbian_frobenius,0.0,ideal,zero,2,graph,50.0,50.0,100,101,4748,23.054083824157715,21.11944079399109,101,1703.0,1703.0,1834.0,0.0,0.0,,timeout,0.0,1703,17.03,26,14.894999999999772,14.895000000000001,1.7763568394002505e-15,0.0,0,0,-1419.4348987932858,True
dense_er_200_p15,0,200,2979,29.79,half_mean_deg,14.895,frobenius,hebbian_frobenius,0.0,ideal,zero,3,graph,50.0,50.0,100,101,4784,13.913793087005615,12.056900262832642,101,1711.0,1711.0,1820.0,0.0,0.0,,timeout,0.0,1711,17.11,27,14.74605,14.895000000000003,3.552713678800501e-15,0.0,0,0,-1406.7476762673352,True
dense_er_200_p15,0,200,2979,29.79,half_mean_deg,14.895,frobenius,hebbian_frobenius,0.0,ideal,zero,4,graph,50.0,50.0,100,101,4628,21.05537176132202,19.274376153945923,101,1744.0,1744.0,1814.0,0.0,0.0,,timeout,0.0,1744,17.44,27,14.894999999999854,14.895000000000001,1.7763568394002505e-15,0.0,0,0,-1419.5005856983469,True
dense_er_200_p15,0,200,2979,29.79,half_mean_deg,14.895,frobenius,hebbian_frobenius,0.0,ideal,zero,5,graph,50.0,50.0,100,101,4832,11.241590976715088,9.368223428726196,101,1731.0,1731.0,1830.0,0.0,0.0,,timeout,0.0,1731,17.31,27,14.894999999999614,14.89500000000004,4.085620730620576e-14,0.0,0,0,-1419.9430579483515,True
dense_er_200_p15,0,200,2979,29.79,half_mean_deg,14.895,frobenius,hebbian_frobenius,0.0,ideal,zero,6,graph,50.0,50.0,100,101,4664,21.697659254074097,19.835554599761963,101,1743.0,1743.0,1848.0,0.0,0.0,,timeout,0.0,1743,17.43,30,14.746049999993657,14.895000000000003,3.552713678800501e-15,0.0,0,0,-1406.7429987675227,True
dense_er_200_p15,0,200,2979,29.79,half_mean_deg,14.895,frobenius,hebbian_frobenius,0.0,ideal,zero,7,graph,50.0,50.0,100,101,4640,14.28562045097351,12.471253156661987,101,1743.0,1743.0,1818.0,0.0,0.0,,timeout,0.0,1743,17.43,27,14.894999999999591,14.895000000000385,3.8546943414985435e-13,0.0,0,0,-1420.3735584808126,True
dense_er_200_p15,0,200,2979,29.79,half_mean_deg,14.895,frobenius,hebbian_frobenius,0.0,ideal,zero,8,graph,50.0,50.0,100,101,4748,20.825984716415405,18.950735092163086,101,1716.0,1716.0,1823.0,0.0,0.0,,timeout,0.0,1716,17.16,27,14.895000000000204,14.89500000000098,9.805489753489383e-13,0.0,0,0,-1419.31028362624,True
dense_er_200_p15,0,200,2979,29.79,half_mean_deg,14.895,frobenius,hebbian_frobenius,0.0,ideal,zero,9,graph,50.0,50.0,100,101,4676,12.699928522109985,10.840688467025757,101,1739.0,1739.0,1836.0,0.0,0.0,,timeout,0.0,1739,17.39,25,14.74605,14.895000000000005,5.329070518200751e-15,0.0,0,0,-1407.720428579377,True
dense_er_200_p15,0,200,2979,29.79,half_mean_deg,14.895,frobenius,hybrid_frobenius,0.0,ideal,zero,0,graph,50.0,50.0,100,101,7522,14.068542957305908,11.243436336517334,101,1719.0,1719.0,1812.0,0.0,0.0,,timeout,0.0,1719,17.19,25,14.894999999998591,14.895000000000003,3.552713678800501e-15,0.0,0,0,-1419.5936368302514,True
dense_er_200_p15,0,200,2979,29.79,half_mean_deg,14.895,frobenius,hybrid_frobenius,0.0,ideal,zero,1,graph,50.0,50.0,100,101,7534,31.048662185668945,28.241961002349854,101,1729.0,1729.0,1826.0,0.0,0.0,,timeout,0.0,1729,17.29,27,14.894999999999333,14.895000000000152,1.5276668818842154e-13,0.0,0,0,-1419.4313266552122,True
dense_er_200_p15,0,200,2979,29.79,half_mean_deg,14.895,frobenius,hybrid_frobenius,0.0,ideal,zero,2,graph,50.0,50.0,100,101,7594,19.94596004486084,17.13873839378357,101,1703.0,1703.0,1834.0,0.0,0.0,,timeout,0.0,1703,17.03,26,14.894999999999772,14.895000000000001,1.7763568394002505e-15,0.0,0,0,-1419.4348987932858,True
dense_er_200_p15,0,200,2979,29.79,half_mean_deg,14.895,frobenius,hybrid_frobenius,0.0,ideal,zero,3,graph,50.0,50.0,100,101,7594,17.43130588531494,14.639031887054443,101,1711.0,1711.0,1820.0,0.0,0.0,,timeout,0.0,1711,17.11,27,14.74605,14.895000000000003,3.552713678800501e-15,0.0,0,0,-1406.7476762673352,True
dense_er_200_p15,0,200,2979,29.79,half_mean_deg,14.895,frobenius,hybrid_frobenius,0.0,ideal,zero,4,graph,50.0,50.0,100,101,7462,20.80341076850891,15.313864707946777,101,1744.0,1744.0,1814.0,0.0,0.0,,timeout,0.0,1744,17.44,27,14.894999999999854,14.895000000000001,1.7763568394002505e-15,0.0,0,0,-1419.5005856983469,True
dense_er_200_p15,0,200,2979,29.79,half_mean_deg,14.895,frobenius,hybrid_frobenius,0.0,ideal,zero,5,graph,50.0,50.0,100,101,7654,11.471019744873047,8.774116039276123,101,1731.0,1731.0,1830.0,0.0,0.0,,timeout,0.0,1731,17.31,27,14.894999999999614,14.89500000000004,4.085620730620576e-14,0.0,0,0,-1419.9430579483515,True
dense_er_200_p15,0,200,2979,29.79,half_mean_deg,14.895,frobenius,hybrid_frobenius,0.0,ideal,zero,6,graph,50.0,50.0,100,101,7522,21.919805765151978,18.019903659820557,101,1743.0,1743.0,1848.0,0.0,0.0,,timeout,0.0,1743,17.43,30,14.746049999993657,14.895000000000003,3.552713678800501e-15,0.0,0,0,-1406.7429987675227,True
dense_er_200_p15,0,200,2979,29.79,half_mean_deg,14.895,frobenius,hybrid_frobenius,0.0,ideal,zero,7,graph,50.0,50.0,100,101,7498,14.383777856826782,11.649589776992798,101,1743.0,1743.0,1818.0,0.0,0.0,,timeout,0.0,1743,17.43,27,14.894999999999591,14.895000000000385,3.8546943414985435e-13,0.0,0,0,-1420.3735584808126,True
dense_er_200_p15,0,200,2979,29.79,half_mean_deg,14.895,frobenius,hybrid_frobenius,0.0,ideal,zero,8,graph,50.0,50.0,100,101,7594,22.2665274143219,19.384632349014282,101,1716.0,1716.0,1823.0,0.0,0.0,,timeout,0.0,1716,17.16,27,14.895000000000204,14.89500000000098,9.805489753489383e-13,0.0,0,0,-1419.31028362624,True
dense_er_200_p15,0,200,2979,29.79,half_mean_deg,14.895,frobenius,hybrid_frobenius,0.0,ideal,zero,9,graph,50.0,50.0,100,101,7498,13.171340465545654,10.464222431182861,101,1739.0,1739.0,1836.0,0.0,0.0,,timeout,0.0,1739,17.39,25,14.74605,14.895000000000005,5.329070518200751e-15,0.0,0,0,-1407.720428579377,True
dense_er_200_p15,0,200,2979,29.79,mean_deg,29.79,none,static,0.0,ideal,zero,0,graph,50.0,50.0,0,0,3362,1.6489522457122803,0.0,0,1824.0,1857.0,1866.0,0.0,0.0,,timeout,0.0,2979,29.79,42,29.79,42.0,12.21,0.0,0,0,0.0,False
dense_er_200_p15,0,200,2979,29.79,mean_deg,29.79,none,static,0.0,ideal,zero,1,graph,50.0,50.0,0,0,4046,1.9885516166687012,0.0,0,1825.0,1856.0,1866.0,0.0,0.0,,timeout,0.0,2979,29.79,42,29.79,42.0,12.21,0.0,0,0,0.0,False
dense_er_200_p15,0,200,2979,29.79,mean_deg,29.79,none,static,0.0,ideal,zero,2,graph,50.0,50.0,0,0,3770,1.8418762683868408,0.0,0,1836.0,1850.0,1860.0,0.0,0.0,,timeout,0.0,2979,29.79,42,29.79,42.0,12.21,0.0,0,0,0.0,False
dense_er_200_p15,0,200,2979,29.79,mean_deg,29.79,none,static,0.0,ideal,zero,3,graph,50.0,50.0,0,0,3026,1.3814489841461182,0.0,0,1828.0,1851.0,1858.0,0.0,0.0,,timeout,0.0,2979,29.79,42,29.79,42.0,12.21,0.0,0,0,0.0,False
dense_er_200_p15,0,200,2979,29.79,mean_deg,29.79,none,static,0.0,ideal,zero,4,graph,50.0,50.0,0,0,3242,1.4872465133666992,0.0,0,1839.0,1850.0,1865.0,0.0,0.0,,timeout,0.0,2979,29.79,42,29.79,42.0,12.21,0.0,0,0,0.0,False
dense_er_200_p15,0,200,2979,29.79,mean_deg,29.79,none,static,0.0,ideal,zero,5,graph,50.0,50.0,0,0,3638,1.7205007076263428,0.0,0,1830.0,1856.0,1866.0,0.0,0.0,,timeout,0.0,2979,29.79,42,29.79,42.0,12.21,0.0,0,0,0.0,False
dense_er_200_p15,0,200,2979,29.79,mean_deg,29.79,none,static,0.0,ideal,zero,6,graph,50.0,50.0,0,0,3410,1.649785041809082,0.0,0,1844.0,1847.0,1855.0,0.0,0.0,,timeout,0.0,2979,29.79,42,29.79,42.0,12.21,0.0,0,0,0.0,False
dense_er_200_p15,0,200,2979,29.79,mean_deg,29.79,none,static,0.0,ideal,zero,7,graph,50.0,50.0,0,0,3506,1.7029616832733154,0.0,0,1831.0,1846.0,1862.0,0.0,0.0,,timeout,0.0,2979,29.79,42,29.79,42.0,12.21,0.0,0,0,0.0,False
dense_er_200_p15,0,200,2979,29.79,mean_deg,29.79,none,static,0.0,ideal,zero,8,graph,50.0,50.0,0,0,3050,1.4298009872436523,0.0,0,1828.0,1847.0,1859.0,0.0,0.0,,timeout,0.0,2979,29.79,42,29.79,42.0,12.21,0.0,0,0,0.0,False
dense_er_200_p15,0,200,2979,29.79,mean_deg,29.79,none,static,0.0,ideal,zero,9,graph,50.0,50.0,0,0,3134,1.4707252979278564,0.0,0,1845.0,1855.0,1859.0,0.0,0.0,,timeout,0.0,2979,29.79,42,29.79,42.0,12.21,0.0,0,0,0.0,False
dense_er_200_p15,0,200,2979,29.79,mean_deg,29.79,none,random_rounding,0.0,ideal,zero,0,graph,50.0,50.0,0,0,3362,1.577770709991455,0.0,0,1824.0,1857.0,1866.0,0.0,0.0,,timeout,0.0,2979,29.79,42,29.79,42.0,12.21,0.0,0,0,0.0,False
dense_er_200_p15,0,200,2979,29.79,mean_deg,29.79,none,random_rounding,0.0,ideal,zero,1,graph,50.0,50.0,0,0,4046,1.9679920673370361,0.0,0,1825.0,1856.0,1866.0,0.0,0.0,,timeout,0.0,2979,29.79,42,29.79,42.0,12.21,0.0,0,0,0.0,False
dense_er_200_p15,0,200,2979,29.79,mean_deg,29.79,none,random_rounding,0.0,ideal,zero,2,graph,50.0,50.0,0,0,3770,1.8427841663360596,0.0,0,1836.0,1850.0,1860.0,0.0,0.0,,timeout,0.0,2979,29.79,42,29.79,42.0,12.21,0.0,0,0,0.0,False
dense_er_200_p15,0,200,2979,29.79,mean_deg,29.79,none,random_rounding,0.0,ideal,zero,3,graph,50.0,50.0,0,0,3026,1.3867425918579102,0.0,0,1828.0,1851.0,1858.0,0.0,0.0,,timeout,0.0,2979,29.79,42,29.79,42.0,12.21,0.0,0,0,0.0,False
dense_er_200_p15,0,200,2979,29.79,mean_deg,29.79,none,random_rounding,0.0,ideal,zero,4,graph,50.0,50.0,0,0,3242,1.545114517211914,0.0,0,1839.0,1850.0,1865.0,0.0,0.0,,timeout,0.0,2979,29.79,42,29.79,42.0,12.21,0.0,0,0,0.0,False
dense_er_200_p15,0,200,2979,29.79,mean_deg,29.79,none,random_rounding,0.0,ideal,zero,5,graph,50.0,50.0,0,0,3638,1.7927072048187256,0.0,0,1830.0,1856.0,1866.0,0.0,0.0,,timeout,0.0,2979,29.79,42,29.79,42.0,12.21,0.0,0,0,0.0,False
dense_er_200_p15,0,200,2979,29.79,mean_deg,29.79,none,random_rounding,0.0,ideal,zero,6,graph,50.0,50.0,0,0,3410,4.435528516769409,0.0,0,1844.0,1847.0,1855.0,0.0,0.0,,timeout,0.0,2979,29.79,42,29.79,42.0,12.21,0.0,0,0,0.0,False
dense_er_200_p15,0,200,2979,29.79,mean_deg,29.79,none,random_rounding,0.0,ideal,zero,7,graph,50.0,50.0,0,0,3506,1.701040506362915,0.0,0,1831.0,1846.0,1862.0,0.0,0.0,,timeout,0.0,2979,29.79,42,29.79,42.0,12.21,0.0,0,0,0.0,False
dense_er_200_p15,0,200,2979,29.79,mean_deg,29.79,none,random_rounding,0.0,ideal,zero,8,graph,50.0,50.0,0,0,3050,1.4607577323913574,0.0,0,1828.0,1847.0,1859.0,0.0,0.0,,timeout,0.0,2979,29.79,42,29.79,42.0,12.21,0.0,0,0,0.0,False
dense_er_200_p15,0,200,2979,29.79,mean_deg,29.79,none,random_rounding,0.0,ideal,zero,9,graph,50.0,50.0,0,0,3134,1.5338637828826904,0.0,0,1845.0,1855.0,1859.0,0.0,0.0,,timeout,0.0,2979,29.79,42,29.79,42.0,12.21,0.0,0,0,0.0,False
dense_er_200_p15,0,200,2979,29.79,mean_deg,29.79,none,greedy,0.0,ideal,zero,0,graph,50.0,50.0,0,0,0,0.0010445117950439453,0.0,0,1842.0,1842.0,1842.0,0.0,0.0,,timeout,0.0,0,0.0,0,0.0,0.0,0.0,0.0,0,0,0.0,False
dense_er_200_p15,0,200,2979,29.79,mean_deg,29.79,none,greedy,0.0,ideal,zero,1,graph,50.0,50.0,0,0,0,0.0008635520935058594,0.0,0,1835.0,1835.0,1835.0,0.0,0.0,,timeout,0.0,0,0.0,0,0.0,0.0,0.0,0.0,0,0,0.0,False
dense_er_200_p15,0,200,2979,29.79,mean_deg,29.79,none,greedy,0.0,ideal,zero,2,graph,50.0,50.0,0,0,0,0.0006434917449951172,0.0,0,1799.0,1799.0,1799.0,0.0,0.0,,timeout,0.0,0,0.0,0,0.0,0.0,0.0,0.0,0,0,0.0,False
dense_er_200_p15,0,200,2979,29.79,mean_deg,29.79,none,greedy,0.0,ideal,zero,3,graph,50.0,50.0,0,0,0,0.0006659030914306641,0.0,0,1820.0,1820.0,1820.0,0.0,0.0,,timeout,0.0,0,0.0,0,0.0,0.0,0.0,0.0,0,0,0.0,False
dense_er_200_p15,0,200,2979,29.79,mean_deg,29.79,none,greedy,0.0,ideal,zero,4,graph,50.0,50.0,0,0,0,0.0005941390991210938,0.0,0,1812.0,1812.0,1812.0,0.0,0.0,,timeout,0.0,0,0.0,0,0.0,0.0,0.0,0.0,0,0,0.0,False
dense_er_200_p15,0,200,2979,29.79,mean_deg,29.79,none,greedy,0.0,ideal,zero,5,graph,50.0,50.0,0,0,0,0.00061798095703125,0.0,0,1807.0,1807.0,1807.0,0.0,0.0,,timeout,0.0,0,0.0,0,0.0,0.0,0.0,0.0,0,0,0.0,False
dense_er_200_p15,0,200,2979,29.79,mean_deg,29.79,none,greedy,0.0,ideal,zero,6,graph,50.0,50.0,0,0,0,0.0006473064422607422,0.0,0,1813.0,1813.0,1813.0,0.0,0.0,,timeout,0.0,0,0.0,0,0.0,0.0,0.0,0.0,0,0,0.0,False
dense_er_200_p15,0,200,2979,29.79,mean_deg,29.79,none,greedy,0.0,ideal,zero,7,graph,50.0,50.0,0,0,0,0.0005877017974853516,0.0,0,1785.0,1785.0,1785.0,0.0,0.0,,timeout,0.0,0,0.0,0,0.0,0.0,0.0,0.0,0,0,0.0,False
dense_er_200_p15,0,200,2979,29.79,mean_deg,29.79,none,greedy,0.0,ideal,zero,8,graph,50.0,50.0,0,0,0,0.0006015300750732422,0.0,0,1808.0,1808.0,1808.0,0.0,0.0,,timeout,0.0,0,0.0,0,0.0,0.0,0.0,0.0,0,0,0.0,False
dense_er_200_p15,0,200,2979,29.79,mean_deg,29.79,none,greedy,0.0,ideal,zero,9,graph,50.0,50.0,0,0,0,0.0006632804870605469,0.0,0,1816.0,1816.0,1816.0,0.0,0.0,,timeout,0.0,0,0.0,0,0.0,0.0,0.0,0.0,0,0,0.0,False
dense_er_200_p15,0,200,2979,29.79,mean_deg,29.79,none,static_projected,0.0,ideal,zero,0,graph,50.0,50.0,0,1,3026,1.518371343612671,0.025567293167114258,1,1836.0,1860.0,1866.0,0.0,0.0,,timeout,0.0,2979,29.79,42,27.10285185389841,29.790000000000003,3.552713678800501e-15,0.0,0,0,0.0,False
dense_er_200_p15,0,200,2979,29.79,mean_deg,29.79,none,static_projected,0.0,ideal,zero,1,graph,50.0,50.0,0,1,2666,1.2982585430145264,0.027103424072265625,1,1825.0,1850.0,1861.0,0.0,0.0,,timeout,0.0,2979,29.79,42,27.10285185389841,29.790000000000003,3.552713678800501e-15,0.0,0,0,0.0,False
dense_er_200_p15,0,200,2979,29.79,mean_deg,29.79,none,static_projected,0.0,ideal,zero,2,graph,50.0,50.0,0,1,2918,1.4222803115844727,0.041390180587768555,1,1813.0,1852.0,1858.0,0.0,0.0,,timeout,0.0,2979,29.79,42,27.10285185389841,29.790000000000003,3.552713678800501e-15,0.0,0,0,0.0,False
dense_er_200_p15,0,200,2979,29.79,mean_deg,29.79,none,static_projected,0.0,ideal,zero,3,graph,50.0,50.0,0,1,3170,1.5671663284301758,0.029848337173461914,1,1836.0,1855.0,1864.0,0.0,0.0,,timeout,0.0,2979,29.79,42,27.10285185389841,29.790000000000003,3.552713678800501e-15,0.0,0,0,0.0,False
dense_er_200_p15,0,200,2979,29.79,mean_deg,29.79,none,static_projected,0.0,ideal,zero,4,graph,50.0,50.0,0,1,3350,1.5983259677886963,0.024735450744628906,1,1844.0,1857.0,1863.0,0.0,0.0,,timeout,0.0,2979,29.79,42,27.10285185389841,29.790000000000003,3.552713678800501e-15,0.0,0,0,0.0,False
dense_er_200_p15,0,200,2979,29.79,mean_deg,29.79,none,static_projected,0.0,ideal,zero,5,graph,50.0,50.0,0,1,2570,1.1914684772491455,0.03088855743408203,1,1824.0,1843.0,1851.0,0.0,0.0,,timeout,0.0,2979,29.79,42,27.10285185389841,29.790000000000003,3.552713678800501e-15,0.0,0,0,0.0,False
dense_er_200_p15,0,200,2979,29.79,mean_deg,29.79,none,static_projected,0.0,ideal,zero,6,graph,50.0,50.0,0,1,2666,1.3241288661956787,0.024484872817993164,1,1840.0,1856.0,1860.0,0.0,0.0,,timeout,0.0,2979,29.79,42,27.10285185389841,29.790000000000003,3.552713678800501e-15,0.0,0,0,0.0,False
dense_er_200_p15,0,200,2979,29.79,mean_deg,29.79,none,static_projected,0.0,ideal,zero,7,graph,50.0,50.0,0,1,2750,1.352635145187378,0.034830570220947266,1,1841.0,1853.0,1864.0,0.0,0.0,,timeout,0.0,2979,29.79,42,27.10285185389841,29.790000000000003,3.552713678800501e-15,0.0,0,0,0.0,False
dense_er_200_p15,0,200,2979,29.79,mean_deg,29.79,none,static_projected,0.0,ideal,zero,8,graph,50.0,50.0,0,1,2750,1.3536996841430664,0.03182029724121094,1,1829.0,1844.0,1852.0,0.0,0.0,,timeout,0.0,2979,29.79,42,27.10285185389841,29.790000000000003,3.552713678800501e-15,0.0,0,0,0.0,False
dense_er_200_p15,0,200,2979,29.79,mean_deg,29.79,none,static_projected,0.0,ideal,zero,9,graph,50.0,50.0,0,1,3578,1.760228157043457,0.034216880798339844,1,1836.0,1854.0,1862.0,0.0,0.0,,timeout,0.0,2979,29.79,42,27.10285185389841,29.790000000000003,3.552713678800501e-15,0.0,0,0,0.0,False
dense_er_200_p15,0,200,2979,29.79,mean_deg,29.79,none,static_budgeted,0.0,ideal,zero,0,graph,50.0,50.0,0,1,2714,1.2854108810424805,0.03788638114929199,1,1831.0,1854.0,1866.0,0.0,0.0,,timeout,0.0,2970,29.7,42,27.125334288915155,29.790000000000006,7.105427357601002e-15,0.0,0,0,0.0,False
dense_er_200_p15,0,200,2979,29.79,mean_deg,29.79,none,static_budgeted,0.0,ideal,zero,1,graph,50.0,50.0,0,1,2810,1.4073312282562256,0.027576684951782227,1,1824.0,1857.0,1866.0,0.0,0.0,,timeout,0.0,2970,29.7,42,27.122232919423933,29.790000000000003,3.552713678800501e-15,0.0,0,0,0.0,False
dense_er_200_p15,0,200,2979,29.79,mean_deg,29.79,none,static_budgeted,0.0,ideal,zero,2,graph,50.0,50.0,0,1,3122,1.5025086402893066,0.025138139724731445,1,1821.0,1851.0,1862.0,0.0,0.0,,timeout,0.0,2969,29.69,42,27.132163374606943,29.790000000000003,3.552713678800501e-15,0.0,0,0,0.0,False
dense_er_200_p15,0,200,2979,29.79,mean_deg,29.79,none,static_budgeted,0.0,ideal,zero,3,graph,50.0,50.0,0,1,2654,1.334657907485962,0.0362856388092041,1,1827.0,1855.0,1861.0,0.0,0.0,,timeout,0.0,2964,29.64,42,27.150502654590674,29.790000000000003,3.552713678800501e-15,0.0,0,0,0.0,False
dense_er_200_p15,0,200,2979,29.79,mean_deg,29.79,none,static_budgeted,0.0,ideal,zero,4,graph,50.0,50.0,0,1,2858,1.385291576385498,0.028487205505371094,1,1836.0,1851.0,1857.0,0.0,0.0,,timeout,0.0,2963,29.63,41,27.149242292894385,29.790000000000003,3.552713678800501e-15,0.0,0,0,0.0,False
dense_er_200_p15,0,200,2979,29.79,mean_deg,29.79,none,static_budgeted,0.0,ideal,zero,5,graph,50.0,50.0,0,1,2738,1.3358752727508545,0.033361196517944336,1,1830.0,1846.0,1857.0,0.0,0.0,,timeout,0.0,2970,29.7,42,27.11056067041748,29.790000000000006,7.105427357601002e-15,0.0,0,0,0.0,False
dense_er_200_p15,0,200,2979,29.79,mean_deg,29.79,none,static_budgeted,0.0,ideal,zero,6,graph,50.0,50.0,0,1,2546,1.255242109298706,0.028750181198120117,1,1846.0,1858.0,1860.0,0.0,0.0,,timeout,0.0,2967,29.67,42,27.125327393644785,29.790000000000003,3.552713678800501e-15,0.0,0,0,0.0,False
dense_er_200_p15,0,200,2979,29.79,mean_deg,29.79,none,static_budgeted,0.0,ideal,zero,7,graph,50.0,50.0,0,1,2810,4.387568950653076,0.031298160552978516,1,1841.0,1852.0,1858.0,0.0,0.0,,timeout,0.0,2967,29.67,42,27.13553176531798,29.790000000000006,7.105427357601002e-15,0.0,0,0,0.0,False
dense_er_200_p15,0,200,2979,29.79,mean_deg,29.79,none,static_budgeted,0.0,ideal,zero,8,graph,50.0,50.0,0,1,2630,1.341278314590454,0.030336380004882812,1,1813.0,1844.0,1856.0,0.0,0.0,,timeout,0.0,2974,29.74,42,27.112626093183444,29.790000000000006,7.105427357601002e-15,0.0,0,0,0.0,False
dense_er_200_p15,0,200,2979,29.79,mean_deg,29.79,none,static_budgeted,0.0,ideal,zero,9,graph,50.0,50.0,0,1,2846,1.4933459758758545,0.028666257858276367,1,1838.0,1852.0,1860.0,0.0,0.0,,timeout,0.0,2973,29.73,42,27.12187940255949,29.790000000000006,7.105427357601002e-15,0.0,0,0,0.0,False
dense_er_200_p15,0,200,2979,29.79,mean_deg,29.79,none,random_budgeted,0.0,ideal,zero,0,graph,50.0,50.0,0,1,1946,0.9732286930084229,0.002834796905517578,1,1810.0,1836.0,1852.0,0.0,0.0,,timeout,0.0,2979,29.79,42,14.836432897086608,22.85534369858822,-6.934656301411778,0.0,0,0,0.0,False
dense_er_200_p15,0,200,2979,29.79,mean_deg,29.79,none,random_budgeted,0.0,ideal,zero,1,graph,50.0,50.0,0,1,1958,1.0336475372314453,0.0026276111602783203,1,1821.0,1842.0,1858.0,0.0,0.0,,timeout,0.0,2979,29.79,42,15.063226905092915,21.87557436071431,-7.914425639285689,0.0,0,0,0.0,False
dense_er_200_p15,0,200,2979,29.79,mean_deg,29.79,none,random_budgeted,0.0,ideal,zero,2,graph,50.0,50.0,0,1,2078,0.9921104907989502,0.002956390380859375,1,1798.0,1820.0,1849.0,0.0,0.0,,timeout,0.0,2979,29.79,42,14.73964820516539,22.731795876100858,-7.0582041238991415,0.0,0,0,0.0,False
dense_er_200_p15,0,200,2979,29.79,mean_deg,29.79,none,random_budgeted,0.0,ideal,zero,3,graph,50.0,50.0,0,1,1994,0.9881722927093506,0.0028977394104003906,1,1817.0,1833.0,1853.0,0.0,0.0,,timeout,0.0,2979,29.79,42,14.679861228741562,21.40144480024049,-8.388555199759509,0.0,0,0,0.0,False
dense_er_200_p15,0,200,2979,29.79,mean_deg,29.79,none,random_budgeted,0.0,ideal,zero,4,graph,50.0,50.0,0,1,1874,0.9587497711181641,0.0033822059631347656,1,1814.0,1847.0,1860.0,0.0,0.0,,timeout,0.0,2979,29.79,42,14.853979496133647,23.2844995783377,-6.505500421662298,0.0,0,0,0.0,False
dense_er_200_p15,0,200,2979,29.79,mean_deg,29.79,none,random_budgeted,0.0,ideal,zero,5,graph,50.0,50.0,0,1,2030,0.9891421794891357,0.0036149024963378906,1,1796.0,1820.0,1842.0,0.0,0.0,,timeout,0.0,2979,29.79,42,14.895030607185253,22.43970021126565,-7.35029978873435,0.0,0,0,0.0,False
dense_er_200_p15,0,200,2979,29.79,mean_deg,29.79,none,random_budgeted,0.0,ideal,zero,6,graph,50.0,50.0,0,1,2006,1.00856614112854,0.002621173858642578,1,1796.0,1833.0,1857.0,0.0,0.0,,timeout,0.0,2979,29.79,42,14.865193738984903,21.765801462616793,-8.024198537383207,0.0,0,0,0.0,False
dense_er_200_p15,0,200,2979,29.79,mean_deg,29.79,none,random_budgeted,0.0,ideal,zero,7,graph,50.0,50.0,0,1,1790,0.8616485595703125,0.0028235912322998047,1,1785.0,1829.0,1861.0,0.0,0.0,,timeout,0.0,2979,29.79,42,14.831833442421846,21.145554777140276,-8.644445222859723,0.0,0,0,0.0,False
dense_er_200_p15,0,200,2979,29.79,mean_deg,29.79,none,random_budgeted,0.0,ideal,zero,8,graph,50.0,50.0,0,1,1658,0.7910189628601074,0.0019235610961914062,1,1756.0,1836.0,1847.0,0.0,0.0,,timeout,0.0,2979,29.79,42,14.691401108698791,20.70711273005878,-9.08288726994122,0.0,0,0,0.0,False
dense_er_200_p15,0,200,2979,29.79,mean_deg,29.79,none,random_budgeted,0.0,ideal,zero,9,graph,50.0,50.0,0,1,1970,1.0002079010009766,0.0020613670349121094,1,1817.0,1839.0,1847.0,0.0,0.0,,timeout,0.0,2979,29.79,42,14.778343620306195,23.51843665877505,-6.271563341224947,0.0,0,0,0.0,False
dense_er_200_p15,0,200,2979,29.79,mean_deg,29.79,none,learned_support_random_weights,0.0,ideal,zero,0,hebbian_seed0,50.0,50.0,0,1,1970,0.7352826595306396,0.0019087791442871094,1,1764.0,1764.0,1839.0,0.0,0.0,,timeout,0.0,1764,17.64,28,8.808112439703761,14.665437284452903,-15.124562715547096,0.0,0,0,0.0,False
dense_er_200_p15,0,200,2979,29.79,mean_deg,29.79,none,learned_support_random_weights,0.0,ideal,zero,1,hebbian_seed0,50.0,50.0,0,1,2042,0.7943291664123535,0.0032753944396972656,1,1764.0,1764.0,1839.0,0.0,0.0,,timeout,0.0,1764,17.64,28,8.851467369377401,14.141972597261208,-15.64802740273879,0.0,0,0,0.0,False
dense_er_200_p15,0,200,2979,29.79,mean_deg,29.79,none,learned_support_random_weights,0.0,ideal,zero,2,hebbian_seed0,50.0,50.0,0,1,2042,0.7201037406921387,0.0032868385314941406,1,1764.0,1764.0,1839.0,0.0,0.0,,timeout,0.0,1764,17.64,28,8.766670179067727,15.169903697724083,-14.620096302275916,0.0,0,0,0.0,False
dense_er_200_p15,0,200,2979,29.79,mean_deg,29.79,none,learned_support_random_weights,0.0,ideal,zero,3,hebbian_seed0,50.0,50.0,0,1,2018,0.7254431247711182,0.0018644332885742188,1,1764.0,1764.0,1839.0,0.0,0.0,,timeout,0.0,1764,17.64,28,8.761107677482524,14.93099583382605,-14.85900416617395,0.0,0,0,0.0,False
dense_er_200_p15,0,200,2979,29.79,mean_deg,29.79,none,learned_support_random_weights,0.0,ideal,zero,4,hebbian_seed0,50.0,50.0,0,1,1994,0.7300825119018555,0.0018901824951171875,1,1764.0,1764.0,1839.0,0.0,0.0,,timeout,0.0,1764,17.64,28,8.795407402478526,14.666999832500622,-15.123000167499377,0.0,0,0,0.0,False
dense_er_200_p15,0,200,2979,29.79,mean_deg,29.79,none,learned_support_random_weights,0.0,ideal,zero,5,hebbian_seed0,50.0,50.0,0,1,2018,0.7246782779693604,0.0018537044525146484,1,1764.0,1764.0,1839.0,0.0,0.0,,timeout,0.0,1764,17.64,28,8.875132688058157,15.503786436425578,-14.286213563574421,0.0,0,0,0.0,False
dense_er_200_p15,0,200,2979,29.79,mean_deg,29.79,none,learned_support_random_weights,0.0,ideal,zero,6,hebbian_seed0,50.0,50.0,0,1,1958,0.6858434677124023,0.0028076171875,1,1764.0,1764.0,1839.0,0.0,0.0,,timeout,0.0,1764,17.64,28,8.76463505408249,15.874395112916114,-13.915604887083886,0.0,0,0,0.0,False
dense_er_200_p15,0,200,2979,29.79,mean_deg,29.79,none,learned_support_random_weights,0.0,ideal,zero,7,hebbian_seed0,50.0,50.0,0,1,1982,0.6959192752838135,0.0026459693908691406,1,1764.0,1764.0,1839.0,0.0,0.0,,timeout,0.0,1764,17.64,28,8.84617749695269,14.102997443539042,-15.687002556460957,0.0,0,0,0.0,False
dense_er_200_p15,0,200,2979,29.79,mean_deg,29.79,none,learned_support_random_weights,0.0,ideal,zero,8,hebbian_seed0,50.0,50.0,0,1,2078,0.8252370357513428,0.002123594284057617,1,1764.0,1764.0,1839.0,0.0,0.0,,timeout,0.0,1764,17.64,28,8.804631315806262,15.117855048794429,-14.67214495120557,0.0,0,0,0.0,False
dense_er_200_p15,0,200,2979,29.79,mean_deg,29.79,none,learned_support_random_weights,0.0,ideal,zero,9,hebbian_seed0,50.0,50.0,0,1,2018,0.7366445064544678,0.0021944046020507812,1,1764.0,1764.0,1839.0,0.0,0.0,,timeout,0.0,1764,17.64,28,8.72580772072783,14.897659828823869,-14.89234017117613,0.0,0,0,0.0,False
dense_er_200_p15,0,200,2979,29.79,mean_deg,29.79,none,topology_scrambled,0.0,ideal,zero,0,graph,50.0,50.0,100,101,8816,7.095716953277588,3.634059190750122,101,1550.0,1550.0,1795.0,0.0,0.0,,timeout,0.0,1570,15.7,27,28.8963,29.790000000000006,7.105427357601002e-15,0.0,0,0,-2600.911271203986,False
dense_er_200_p15,0,200,2979,29.79,mean_deg,29.79,none,topology_scrambled,0.0,ideal,zero,1,graph,50.0,50.0,100,101,8732,11.650899648666382,8.095670700073242,101,1592.0,1592.0,1811.0,0.0,0.0,,timeout,0.0,1574,15.74,28,29.194199999999256,29.790000000000006,7.105427357601002e-15,0.0,0,0,-2620.1792807450256,False
dense_er_200_p15,0,200,2979,29.79,mean_deg,29.79,none,topology_scrambled,0.0,ideal,zero,2,graph,50.0,50.0,100,101,8936,22.1214919090271,18.285685062408447,101,1551.0,1551.0,1799.0,0.0,0.0,,timeout,0.0,1647,16.47,26,29.789999999999754,29.790000000000003,3.552713678800501e-15,0.0,0,0,-2683.5373092502464,False
dense_er_200_p15,0,200,2979,29.79,mean_deg,29.79,none,topology_scrambled,0.0,ideal,zero,3,graph,50.0,50.0,100,101,8732,13.395137071609497,9.913601875305176,101,1551.0,1551.0,1816.0,0.0,0.0,,timeout,0.0,1605,16.05,27,29.4921,29.790000000000006,7.105427357601002e-15,0.0,0,0,-2651.160987647573,False
dense_er_200_p15,0,200,2979,29.79,mean_deg,29.79,none,topology_scrambled,0.0,ideal,zero,4,graph,50.0,50.0,100,101,8780,6.950789928436279,3.5152831077575684,101,1569.0,1569.0,1830.0,0.0,0.0,,timeout,0.0,1641,16.41,27,29.194200000000002,29.790000000000006,7.105427357601002e-15,0.0,0,0,-2634.4962967155707,False
dense_er_200_p15,0,200,2979,29.79,mean_deg,29.79,none,topology_scrambled,0.0,ideal,zero,5,graph,50.0,50.0,100,101,8696,9.978715419769287,6.549401044845581,101,1568.0,1568.0,1825.0,0.0,0.0,,timeout,0.0,1588,15.88,26,29.19419999998984,29.790000000000006,7.105427357601002e-15,0.0,0,0,-2628.595984933459,False
dense_er_200_p15,0,200,2979,29.79,mean_deg,29.79,none,topology_scrambled,0.0,ideal,zero,6,graph,50.0,50.0,100,101,8768,11.795764923095703,8.324062585830688,101,1531.0,1531.0,1813.0,0.0,0.0,,timeout,0.0,1601,16.01,25,29.194200000000002,29.790000000000006,7.105427357601002e-15,0.0,0,0,-2627.935909844019,False
dense_er_200_p15,0,200,2979,29.79,mean_deg,29.79,none,topology_scrambled,0.0,ideal,zero,7,graph,50.0,50.0,100,101,8612,9.237372159957886,5.914740324020386,101,1528.0,1528.0,1817.0,0.0,0.0,,timeout,0.0,1636,16.36,27,29.492099999999017,29.790000000000006,7.105427357601002e-15,0.0,0,0,-2656.446845642464,False
dense_er_200_p15,0,200,2979,29.79,mean_deg,29.79,none,topology_scrambled,0.0,ideal,zero,8,graph,50.0,50.0,100,101,8972,6.135818243026733,2.6559698581695557,101,1555.0,1555.0,1840.0,0.0,0.0,,timeout,0.0,1667,16.67,28,28.59840000000003,29.790000000000312,3.126388037344441e-13,0.0,0,0,-2597.2958156408345,False
dense_er_200_p15,0,200,2979,29.79,mean_deg,29.79,none,topology_scrambled,0.0,ideal,zero,9,graph,50.0,50.0,100,101,8744,8.63306999206543,5.089160680770874,101,1565.0,1565.0,1817.0,0.0,0.0,,timeout,0.0,1609,16.09,26,29.194200000000002,29.790000000000006,7.105427357601002e-15,0.0,0,0,-2636.5466638823973,False
dense_er_200_p15,0,200,2979,29.79,mean_deg,29.79,sinkhorn,hebbian_sinkhorn,0.0,ideal,zero,0,graph,50.0,50.0,100,100,8696,6.82225227355957,0.0,0,1764.0,1764.0,1839.0,0.0,0.0,,timeout,0.0,1764,17.64,28,29.18745185642457,29.790000000000006,7.105427357601002e-15,0.0,0,0,-2662.8678454568753,False
dense_er_200_p15,0,200,2979,29.79,mean_deg,29.79,sinkhorn,hebbian_sinkhorn,0.0,ideal,zero,1,graph,50.0,50.0,100,100,9008,3.809708595275879,0.0,0,1774.0,1774.0,1834.0,0.0,0.0,,timeout,0.0,1774,17.74,27,29.085752981109145,29.790000000000003,3.552713678800501e-15,0.0,0,0,-2651.5062994144014,False
dense_er_200_p15,0,200,2979,29.79,mean_deg,29.79,sinkhorn,hebbian_sinkhorn,0.0,ideal,zero,2,graph,50.0,50.0,100,100,8936,3.8795089721679688,0.0,0,1760.0,1760.0,1808.0,0.0,0.0,,timeout,0.0,1760,17.6,26,28.804364720171225,29.790000000000006,7.105427357601002e-15,0.0,0,0,-2629.1394158814883,False
dense_er_200_p15,0,200,2979,29.79,mean_deg,29.79,sinkhorn,hebbian_sinkhorn,0.0,ideal,zero,3,graph,50.0,50.0,100,100,8684,3.7887253761291504,0.0,0,1790.0,1790.0,1816.0,0.0,0.0,,timeout,0.0,1790,17.9,30,28.80785569168097,29.790000000000006,7.105427357601002e-15,0.0,0,0,-2632.5553523976037,False
dense_er_200_p15,0,200,2979,29.79,mean_deg,29.79,sinkhorn,hebbian_sinkhorn,0.0,ideal,zero,4,graph,50.0,50.0,100,100,8864,3.8358850479125977,0.0,0,1776.0,1776.0,1820.0,0.0,0.0,,timeout,0.0,1776,17.76,27,29.130601904156666,29.790000000000006,7.105427357601002e-15,0.0,0,0,-2656.025483502357,False
dense_er_200_p15,0,200,2979,29.79,mean_deg,29.79,sinkhorn,hebbian_sinkhorn,0.0,ideal,zero,5,graph,50.0,50.0,100,100,8888,3.7872395515441895,0.0,0,1769.0,1769.0,1824.0,0.0,0.0,,timeout,0.0,1769,17.69,27,28.811092515804358,29.790000000000006,7.105427357601002e-15,0.0,0,0,-2630.5696297254754,False
dense_er_200_p15,0,200,2979,29.79,mean_deg,29.79,sinkhorn,hebbian_sinkhorn,0.0,ideal,zero,6,graph,50.0,50.0,100,100,8900,3.8481533527374268,0.0,0,1793.0,1793.0,1858.0,0.0,0.0,,timeout,0.0,1793,17.93,28,28.563950757590295,29.790000000000006,7.105427357601002e-15,0.0,0,0,-2611.583597965495,False
dense_er_200_p15,0,200,2979,29.79,mean_deg,29.79,sinkhorn,hebbian_sinkhorn,0.0,ideal,zero,7,graph,50.0,50.0,100,100,8576,3.783155679702759,0.0,0,1776.0,1776.0,1825.0,0.0,0.0,,timeout,0.0,1776,17.76,28,29.135324961284606,29.790000000000006,7.105427357601002e-15,0.0,0,0,-2658.000080941933,False
dense_er_200_p15,0,200,2979,29.79,mean_deg,29.79,sinkhorn,hebbian_sinkhorn,0.0,ideal,zero,8,graph,50.0,50.0,100,100,9020,6.792485237121582,0.0,0,1801.0,1801.0,1847.0,0.0,0.0,,timeout,0.0,1801,18.01,27,29.08164823635001,29.790000000000006,7.105427357601002e-15,0.0,0,0,-2655.6583304657947,False
dense_er_200_p15,0,200,2979,29.79,mean_deg,29.79,sinkhorn,hebbian_sinkhorn,0.0,ideal,zero,9,graph,50.0,50.0,100,100,8576,3.8058178424835205,0.0,0,1768.0,1768.0,1828.0,0.0,0.0,,timeout,0.0,1768,17.68,26,29.18540498069321,29.790000000000003,3.552713678800501e-15,0.0,0,0,-2661.8045486003316,False
dense_er_200_p15,0,200,2979,29.79,mean_deg,29.79,sinkhorn,hybrid_sinkhorn,0.0,ideal,zero,0,graph,50.0,50.0,100,100,14242,5.605788707733154,0.0,0,1764.0,1764.0,1839.0,0.0,0.0,,timeout,0.0,1764,17.64,28,29.18745185642457,29.790000000000006,7.105427357601002e-15,0.0,0,0,-2662.8678454568753,False
dense_er_200_p15,0,200,2979,29.79,mean_deg,29.79,sinkhorn,hybrid_sinkhorn,0.0,ideal,zero,1,graph,50.0,50.0,100,100,14518,5.758857250213623,0.0,0,1774.0,1774.0,1834.0,0.0,0.0,,timeout,0.0,1774,17.74,27,29.085752981109145,29.790000000000003,3.552713678800501e-15,0.0,0,0,-2651.5062994144014,False
dense_er_200_p15,0,200,2979,29.79,mean_deg,29.79,sinkhorn,hybrid_sinkhorn,0.0,ideal,zero,2,graph,50.0,50.0,100,100,14410,5.8634655475616455,0.0,0,1760.0,1760.0,1808.0,0.0,0.0,,timeout,0.0,1760,17.6,26,28.804364720171225,29.790000000000006,7.105427357601002e-15,0.0,0,0,-2629.1394158814883,False
dense_er_200_p15,0,200,2979,29.79,mean_deg,29.79,sinkhorn,hybrid_sinkhorn,0.0,ideal,zero,3,graph,50.0,50.0,100,100,14146,8.774921894073486,0.0,0,1790.0,1790.0,1816.0,0.0,0.0,,timeout,0.0,1790,17.9,30,28.80785569168097,29.790000000000006,7.105427357601002e-15,0.0,0,0,-2632.5553523976037,False
dense_er_200_p15,0,200,2979,29.79,mean_deg,29.79,sinkhorn,hybrid_sinkhorn,0.0,ideal,zero,4,graph,50.0,50.0,100,100,14410,6.126766204833984,0.0,0,1776.0,1776.0,1820.0,0.0,0.0,,timeout,0.0,1776,17.76,27,29.130601904156666,29.790000000000006,7.105427357601002e-15,0.0,0,0,-2656.025483502357,False
dense_er_200_p15,0,200,2979,29.79,mean_deg,29.79,sinkhorn,hybrid_sinkhorn,0.0,ideal,zero,5,graph,50.0,50.0,100,100,14422,5.788729429244995,0.0,0,1769.0,1769.0,1824.0,0.0,0.0,,timeout,0.0,1769,17.69,27,28.811092515804358,29.790000000000006,7.105427357601002e-15,0.0,0,0,-2630.5696297254754,False
dense_er_200_p15,0,200,2979,29.79,mean_deg,29.79,sinkhorn,hybrid_sinkhorn,0.0,ideal,zero,6,graph,50.0,50.0,100,100,14326,5.76013708114624,0.0,0,1793.0,1793.0,1858.0,0.0,0.0,,timeout,0.0,1793,17.93,28,28.563950757590295,29.790000000000006,7.105427357601002e-15,0.0,0,0,-2611.583597965495,False
dense_er_200_p15,0,200,2979,29.79,mean_deg,29.79,sinkhorn,hybrid_sinkhorn,0.0,ideal,zero,7,graph,50.0,50.0,100,100,14098,5.7825891971588135,0.0,0,1776.0,1776.0,1825.0,0.0,0.0,,timeout,0.0,1776,17.76,28,29.135324961284606,29.790000000000006,7.105427357601002e-15,0.0,0,0,-2658.000080941933,False
dense_er_200_p15,0,200,2979,29.79,mean_deg,29.79,sinkhorn,hybrid_sinkhorn,0.0,ideal,zero,8,graph,50.0,50.0,100,100,14566,8.791999340057373,0.0,0,1801.0,1801.0,1847.0,0.0,0.0,,timeout,0.0,1801,18.01,27,29.08164823635001,29.790000000000006,7.105427357601002e-15,0.0,0,0,-2655.6583304657947,False
dense_er_200_p15,0,200,2979,29.79,mean_deg,29.79,sinkhorn,hybrid_sinkhorn,0.0,ideal,zero,9,graph,50.0,50.0,100,100,14098,5.6855995655059814,0.0,0,1768.0,1768.0,1828.0,0.0,0.0,,timeout,0.0,1768,17.68,26,29.18540498069321,29.790000000000003,3.552713678800501e-15,0.0,0,0,-2661.8045486003316,False
dense_er_200_p15,0,200,2979,29.79,mean_deg,29.79,frobenius,hebbian_frobenius,0.0,ideal,zero,0,graph,50.0,50.0,100,101,8996,14.476911544799805,11.14789628982544,101,1764.0,1764.0,1839.0,0.0,0.0,,timeout,0.0,1764,17.64,28,29.492099999987758,29.790000000000006,7.105427357601002e-15,0.0,0,0,-2688.4188763350126,False
dense_er_200_p15,0,200,2979,29.79,mean_deg,29.79,frobenius,hebbian_frobenius,0.0,ideal,zero,1,graph,50.0,50.0,100,101,9164,14.469054222106934,8.148383378982544,101,1774.0,1774.0,1833.0,0.0,0.0,,timeout,0.0,1774,17.74,27,29.789999999998468,29.790000000000088,8.881784197001252e-14,0.0,0,0,-2704.5741797716223,False
dense_er_200_p15,0,200,2979,29.79,mean_deg,29.79,frobenius,hebbian_frobenius,0.0,ideal,zero,2,graph,50.0,50.0,100,101,8924,12.780672788619995,9.444863557815552,101,1761.0,1761.0,1802.0,0.0,0.0,,timeout,0.0,1761,17.61,26,29.4920999999996,29.790000000000003,3.552713678800501e-15,0.0,0,0,-2685.0949240602736,False
dense_er_200_p15,0,200,2979,29.79,mean_deg,29.79,frobenius,hebbian_frobenius,0.0,ideal,zero,3,graph,50.0,50.0,100,101,8816,22.332016944885254,18.85766887664795,101,1786.0,1786.0,1816.0,0.0,0.0,,timeout,0.0,1786,17.86,30,29.49209999999981,29.790000000000006,7.105427357601002e-15,0.0,0,0,-2686.0870577893616,False
dense_er_200_p15,0,200,2979,29.79,mean_deg,29.79,frobenius,hebbian_frobenius,0.0,ideal,zero,4,graph,50.0,50.0,100,101,8996,10.184703588485718,6.871265172958374,101,1779.0,1779.0,1818.0,0.0,0.0,,timeout,0.0,1779,17.79,28,29.4921,29.790000000000006,7.105427357601002e-15,0.0,0,0,-2686.7443459472966,False
dense_er_200_p15,0,200,2979,29.79,mean_deg,29.79,frobenius,hebbian_frobenius,0.0,ideal,zero,5,graph,50.0,50.0,100,101,9128,13.080614566802979,9.72234320640564,101,1767.0,1767.0,1830.0,0.0,0.0,,timeout,0.0,1767,17.67,26,29.789999999999573,29.790000000000006,7.105427357601002e-15,0.0,0,0,-2705.673598206163,False
dense_er_200_p15,0,200,2979,29.79,mean_deg,29.79,frobenius,hebbian_frobenius,0.0,ideal,zero,6,graph,50.0,50.0,100,101,8984,9.962911367416382,6.567373991012573,101,1793.0,1793.0,1858.0,0.0,0.0,,timeout,0.0,1793,17.93,28,28.896299999992497,29.790000000000006,7.105427357601002e-15,0.0,0,0,-2641.939885129277,False
dense_er_200_p15,0,200,2979,29.79,mean_deg,29.79,frobenius,hebbian_frobenius,0.0,ideal,zero,7,graph,50.0,50.0,100,101,9056,12.316661834716797,9.006693124771118,101,1776.0,1776.0,1825.0,0.0,0.0,,timeout,0.0,1776,17.76,28,29.789999999999985,29.790000000000262,2.6290081223123707e-13,0.0,0,0,-2706.7831996916016,False
dense_er_200_p15,0,200,2979,29.79,mean_deg,29.79,frobenius,hebbian_frobenius,0.0,ideal,zero,8,graph,50.0,50.0,100,101,8744,25.480782747268677,22.04499626159668,101,1801.0,1801.0,1847.0,0.0,0.0,,timeout,0.0,1801,18.01,27,29.492099999987193,29.790000000000006,7.105427357601002e-15,0.0,0,0,-2688.202908405449,False
dense_er_200_p15,0,200,2979,29.79,mean_deg,29.79,frobenius,hebbian_frobenius,0.0,ideal,zero,9,graph,50.0,50.0,100,101,8816,8.983630895614624,5.629756212234497,101,1763.0,1763.0,1828.0,0.0,0.0,,timeout,0.0,1763,17.63,26,29.194200000000002,29.790000000000006,7.105427357601002e-15,0.0,0,0,-2663.6971189788874,False
dense_er_200_p15,0,200,2979,29.79,mean_deg,29.79,frobenius,hybrid_frobenius,0.0,ideal,zero,0,graph,50.0,50.0,100,101,14602,20.365838289260864,13.029858350753784,101,1764.0,1764.0,1839.0,0.0,0.0,,timeout,0.0,1764,17.64,28,29.492099999987758,29.790000000000006,7.105427357601002e-15,0.0,0,0,-2688.4188763350126,False
dense_er_200_p15,0,200,2979,29.79,mean_deg,29.79,frobenius,hybrid_frobenius,0.0,ideal,zero,1,graph,50.0,50.0,100,101,14818,13.569658994674683,8.17633581161499,101,1774.0,1774.0,1833.0,0.0,0.0,,timeout,0.0,1774,17.74,27,29.789999999998468,29.790000000000088,8.881784197001252e-14,0.0,0,0,-2704.5741797716223,False
dense_er_200_p15,0,200,2979,29.79,mean_deg,29.79,frobenius,hybrid_frobenius,0.0,ideal,zero,2,graph,50.0,50.0,100,101,14542,17.35670018196106,11.989542484283447,101,1761.0,1761.0,1802.0,0.0,0.0,,timeout,0.0,1761,17.61,26,29.4920999999996,29.790000000000003,3.552713678800501e-15,0.0,0,0,-2685.0949240602736,False
dense_er_200_p15,0,200,2979,29.79,mean_deg,29.79,frobenius,hybrid_frobenius,0.0,ideal,zero,3,graph,50.0,50.0,100,101,14422,21.27099370956421,15.92794132232666,101,1786.0,1786.0,1816.0,0.0,0.0,,timeout,0.0,1786,17.86,30,29.49209999999981,29.790000000000006,7.105427357601002e-15,0.0,0,0,-2686.0870577893616,False
dense_er_200_p15,0,200,2979,29.79,mean_deg,29.79,frobenius,hybrid_frobenius,0.0,ideal,zero,4,graph,50.0,50.0,100,101,14614,15.276610374450684,9.946255683898926,101,1779.0,1779.0,1818.0,0.0,0.0,,timeout,0.0,1779,17.79,28,29.4921,29.790000000000006,7.105427357601002e-15,0.0,0,0,-2686.7443459472966,False
dense_er_200_p15,0,200,2979,29.79,mean_deg,29.79,frobenius,hybrid_frobenius,0.0,ideal,zero,5,graph,50.0,50.0,100,101,14770,14.850363731384277,9.487607717514038,101,1767.0,1767.0,1830.0,0.0,0.0,,timeout,0.0,1767,17.67,26,29.789999999999573,29.790000000000006,7.105427357601002e-15,0.0,0,0,-2705.673598206163,False
dense_er_200_p15,0,200,2979,29.79,mean_deg,29.79,frobenius,hybrid_frobenius,0.0,ideal,zero,6,graph,50.0,50.0,100,101,14518,12.140538454055786,3.7015573978424072,101,1793.0,1793.0,1858.0,0.0,0.0,,timeout,0.0,1793,17.93,28,28.896299999992497,29.790000000000006,7.105427357601002e-15,0.0,0,0,-2641.939885129277,False
dense_er_200_p15,0,200,2979,29.79,mean_deg,29.79,frobenius,hybrid_frobenius,0.0,ideal,zero,7,graph,50.0,50.0,100,101,14734,14.300787448883057,9.01799726486206,101,1776.0,1776.0,1825.0,0.0,0.0,,timeout,0.0,1776,17.76,28,29.789999999999985,29.790000000000262,2.6290081223123707e-13,0.0,0,0,-2706.7831996916016,False
dense_er_200_p15,0,200,2979,29.79,mean_deg,29.79,frobenius,hybrid_frobenius,0.0,ideal,zero,8,graph,50.0,50.0,100,101,14350,27.397467374801636,22.08649253845215,101,1801.0,1801.0,1847.0,0.0,0.0,,timeout,0.0,1801,18.01,27,29.492099999987193,29.790000000000006,7.105427357601002e-15,0.0,0,0,-2688.202908405449,False
dense_er_200_p15,0,200,2979,29.79,mean_deg,29.79,frobenius,hybrid_frobenius,0.0,ideal,zero,9,graph,50.0,50.0,100,101,14398,10.889264345169067,5.698042392730713,101,1763.0,1763.0,1828.0,0.0,0.0,,timeout,0.0,1763,17.63,26,29.194200000000002,29.790000000000006,7.105427357601002e-15,0.0,0,0,-2663.6971189788874,False
dense_er_200_p15,1,200,3016,30.16,half_mean_deg,15.08,none,static,0.0,ideal,zero,0,graph,50.0,50.0,0,0,3230,1.668468952178955,0.0,0,1879.0,1879.0,1886.0,0.0,0.0,,timeout,0.0,3016,30.16,42,30.16,42.0,26.92,0.0,0,0,0.0,False
dense_er_200_p15,1,200,3016,30.16,half_mean_deg,15.08,none,static,0.0,ideal,zero,1,graph,50.0,50.0,0,0,3050,1.564070701599121,0.0,0,1874.0,1881.0,1890.0,0.0,0.0,,timeout,0.0,3016,30.16,42,30.16,42.0,26.92,0.0,0,0,0.0,False
dense_er_200_p15,1,200,3016,30.16,half_mean_deg,15.08,none,static,0.0,ideal,zero,2,graph,50.0,50.0,0,0,2894,1.4254252910614014,0.0,0,1866.0,1873.0,1887.0,0.0,0.0,,timeout,0.0,3016,30.16,42,30.16,42.0,26.92,0.0,0,0,0.0,False
dense_er_200_p15,1,200,3016,30.16,half_mean_deg,15.08,none,static,0.0,ideal,zero,3,graph,50.0,50.0,0,0,3254,1.57405424118042,0.0,0,1867.0,1876.0,1880.0,0.0,0.0,,timeout,0.0,3016,30.16,42,30.16,42.0,26.92,0.0,0,0,0.0,False
dense_er_200_p15,1,200,3016,30.16,half_mean_deg,15.08,none,static,0.0,ideal,zero,4,graph,50.0,50.0,0,0,3458,1.630542516708374,0.0,0,1856.0,1881.0,1888.0,0.0,0.0,,timeout,0.0,3016,30.16,42,30.16,42.0,26.92,0.0,0,0,0.0,False
dense_er_200_p15,1,200,3016,30.16,half_mean_deg,15.08,none,static,0.0,ideal,zero,5,graph,50.0,50.0,0,0,3110,1.5219547748565674,0.0,0,1861.0,1877.0,1888.0,0.0,0.0,,timeout,0.0,3016,30.16,42,30.16,42.0,26.92,0.0,0,0,0.0,False
dense_er_200_p15,1,200,3016,30.16,half_mean_deg,15.08,none,static,0.0,ideal,zero,6,graph,50.0,50.0,0,0,3098,1.5857563018798828,0.0,0,1836.0,1883.0,1892.0,0.0,0.0,,timeout,0.0,3016,30.16,42,30.16,42.0,26.92,0.0,0,0,0.0,False
dense_er_200_p15,1,200,3016,30.16,half_mean_deg,15.08,none,static,0.0,ideal,zero,7,graph,50.0,50.0,0,0,3830,1.9373764991760254,0.0,0,1852.0,1876.0,1886.0,0.0,0.0,,timeout,0.0,3016,30.16,42,30.16,42.0,26.92,0.0,0,0,0.0,False
dense_er_200_p15,1,200,3016,30.16,half_mean_deg,15.08,none,static,0.0,ideal,zero,8,graph,50.0,50.0,0,0,3662,1.7688112258911133,0.0,0,1872.0,1881.0,1888.0,0.0,0.0,,timeout,0.0,3016,30.16,42,30.16,42.0,26.92,0.0,0,0,0.0,False
dense_er_200_p15,1,200,3016,30.16,half_mean_deg,15.08,none,static,0.0,ideal,zero,9,graph,50.0,50.0,0,0,3878,1.9244823455810547,0.0,0,1861.0,1872.0,1877.0,0.0,0.0,,timeout,0.0,3016,30.16,42,30.16,42.0,26.92,0.0,0,0,0.0,False
dense_er_200_p15,1,200,3016,30.16,half_mean_deg,15.08,none,random_rounding,0.0,ideal,zero,0,graph,50.0,50.0,0,0,3230,1.5705821514129639,0.0,0,1879.0,1879.0,1886.0,0.0,0.0,,timeout,0.0,3016,30.16,42,30.16,42.0,26.92,0.0,0,0,0.0,False
dense_er_200_p15,1,200,3016,30.16,half_mean_deg,15.08,none,random_rounding,0.0,ideal,zero,1,graph,50.0,50.0,0,0,3050,1.479598045349121,0.0,0,1874.0,1881.0,1890.0,0.0,0.0,,timeout,0.0,3016,30.16,42,30.16,42.0,26.92,0.0,0,0,0.0,False
dense_er_200_p15,1,200,3016,30.16,half_mean_deg,15.08,none,random_rounding,0.0,ideal,zero,2,graph,50.0,50.0,0,0,2894,1.4207730293273926,0.0,0,1866.0,1873.0,1887.0,0.0,0.0,,timeout,0.0,3016,30.16,42,30.16,42.0,26.92,0.0,0,0,0.0,False
dense_er_200_p15,1,200,3016,30.16,half_mean_deg,15.08,none,random_rounding,0.0,ideal,zero,3,graph,50.0,50.0,0,0,3254,1.6275787353515625,0.0,0,1867.0,1876.0,1880.0,0.0,0.0,,timeout,0.0,3016,30.16,42,30.16,42.0,26.92,0.0,0,0,0.0,False
dense_er_200_p15,1,200,3016,30.16,half_mean_deg,15.08,none,random_rounding,0.0,ideal,zero,4,graph,50.0,50.0,0,0,3458,1.658257007598877,0.0,0,1856.0,1881.0,1888.0,0.0,0.0,,timeout,0.0,3016,30.16,42,30.16,42.0,26.92,0.0,0,0,0.0,False
dense_er_200_p15,1,200,3016,30.16,half_mean_deg,15.08,none,random_rounding,0.0,ideal,zero,5,graph,50.0,50.0,0,0,3110,1.6084661483764648,0.0,0,1861.0,1877.0,1888.0,0.0,0.0,,timeout,0.0,3016,30.16,42,30.16,42.0,26.92,0.0,0,0,0.0,False
dense_er_200_p15,1,200,3016,30.16,half_mean_deg,15.08,none,random_rounding,0.0,ideal,zero,6,graph,50.0,50.0,0,0,3098,1.559269905090332,0.0,0,1836.0,1883.0,1892.0,0.0,0.0,,timeout,0.0,3016,30.16,42,30.16,42.0,26.92,0.0,0,0,0.0,False
dense_er_200_p15,1,200,3016,30.16,half_mean_deg,15.08,none,random_rounding,0.0,ideal,zero,7,graph,50.0,50.0,0,0,3830,1.8845901489257812,0.0,0,1852.0,1876.0,1886.0,0.0,0.0,,timeout,0.0,3016,30.16,42,30.16,42.0,26.92,0.0,0,0,0.0,False
dense_er_200_p15,1,200,3016,30.16,half_mean_deg,15.08,none,random_rounding,0.0,ideal,zero,8,graph,50.0,50.0,0,0,3662,4.6033935546875,0.0,0,1872.0,1881.0,1888.0,0.0,0.0,,timeout,0.0,3016,30.16,42,30.16,42.0,26.92,0.0,0,0,0.0,False
dense_er_200_p15,1,200,3016,30.16,half_mean_deg,15.08,none,random_rounding,0.0,ideal,zero,9,graph,50.0,50.0,0,0,3878,1.8429391384124756,0.0,0,1861.0,1872.0,1877.0,0.0,0.0,,timeout,0.0,3016,30.16,42,30.16,42.0,26.92,0.0,0,0,0.0,False
dense_er_200_p15,1,200,3016,30.16,half_mean_deg,15.08,none,greedy,0.0,ideal,zero,0,graph,50.0,50.0,0,0,0,0.000759124755859375,0.0,0,1841.0,1841.0,1841.0,0.0,0.0,,timeout,0.0,0,0.0,0,0.0,0.0,0.0,0.0,0,0,0.0,False
dense_er_200_p15,1,200,3016,30.16,half_mean_deg,15.08,none,greedy,0.0,ideal,zero,1,graph,50.0,50.0,0,0,0,0.0006725788116455078,0.0,0,1857.0,1857.0,1857.0,0.0,0.0,,timeout,0.0,0,0.0,0,0.0,0.0,0.0,0.0,0,0,0.0,False
dense_er_200_p15,1,200,3016,30.16,half_mean_deg,15.08,none,greedy,0.0,ideal,zero,2,graph,50.0,50.0,0,0,0,0.0006346702575683594,0.0,0,1826.0,1826.0,1826.0,0.0,0.0,,timeout,0.0,0,0.0,0,0.0,0.0,0.0,0.0,0,0,0.0,False
dense_er_200_p15,1,200,3016,30.16,half_mean_deg,15.08,none,greedy,0.0,ideal,zero,3,graph,50.0,50.0,0,0,0,0.0007433891296386719,0.0,0,1811.0,1811.0,1811.0,0.0,0.0,,timeout,0.0,0,0.0,0,0.0,0.0,0.0,0.0,0,0,0.0,False
dense_er_200_p15,1,200,3016,30.16,half_mean_deg,15.08,none,greedy,0.0,ideal,zero,4,graph,50.0,50.0,0,0,0,0.0005104541778564453,0.0,0,1830.0,1830.0,1830.0,0.0,0.0,,timeout,0.0,0,0.0,0,0.0,0.0,0.0,0.0,0,0,0.0,False
dense_er_200_p15,1,200,3016,30.16,half_mean_deg,15.08,none,greedy,0.0,ideal,zero,5,graph,50.0,50.0,0,0,0,0.0004940032958984375,0.0,0,1832.0,1832.0,1832.0,0.0,0.0,,timeout,0.0,0,0.0,0,0.0,0.0,0.0,0.0,0,0,0.0,False
dense_er_200_p15,1,200,3016,30.16,half_mean_deg,15.08,none,greedy,0.0,ideal,zero,6,graph,50.0,50.0,0,0,0,0.0005428791046142578,0.0,0,1838.0,1838.0,1838.0,0.0,0.0,,timeout,0.0,0,0.0,0,0.0,0.0,0.0,0.0,0,0,0.0,False
dense_er_200_p15,1,200,3016,30.16,half_mean_deg,15.08,none,greedy,0.0,ideal,zero,7,graph,50.0,50.0,0,0,0,0.0005514621734619141,0.0,0,1833.0,1833.0,1833.0,0.0,0.0,,timeout,0.0,0,0.0,0,0.0,0.0,0.0,0.0,0,0,0.0,False
dense_er_200_p15,1,200,3016,30.16,half_mean_deg,15.08,none,greedy,0.0,ideal,zero,8,graph,50.0,50.0,0,0,0,0.0006501674652099609,0.0,0,1853.0,1853.0,1853.0,0.0,0.0,,timeout,0.0,0,0.0,0,0.0,0.0,0.0,0.0,0,0,0.0,False
dense_er_200_p15,1,200,3016,30.16,half_mean_deg,15.08,none,greedy,0.0,ideal,zero,9,graph,50.0,50.0,0,0,0,0.0005638599395751953,0.0,0,1844.0,1844.0,1844.0,0.0,0.0,,timeout,0.0,0,0.0,0,0.0,0.0,0.0,0.0,0,0,0.0,False
dense_er_200_p15,1,200,3016,30.16,half_mean_deg,15.08,none,static_projected,0.0,ideal,zero,0,graph,50.0,50.0,0,1,1970,1.1214168071746826,0.08137845993041992,1,1856.0,1866.0,1874.0,0.0,0.0,,timeout,0.0,3016,30.16,42,15.051739536199443,15.080000000000002,1.7763568394002505e-15,0.0,0,0,0.0,False
dense_er_200_p15,1,200,3016,30.16,half_mean_deg,15.08,none,static_projected,0.0,ideal,zero,1,graph,50.0,50.0,0,1,1718,0.9570012092590332,0.07749795913696289,1,1853.0,1874.0,1884.0,0.0,0.0,,timeout,0.0,3016,30.16,42,15.051739536199443,15.080000000000002,1.7763568394002505e-15,0.0,0,0,0.0,False
dense_er_200_p15,1,200,3016,30.16,half_mean_deg,15.08,none,static_projected,0.0,ideal,zero,2,graph,50.0,50.0,0,1,1754,0.9145491123199463,0.05789303779602051,1,1865.0,1873.0,1879.0,0.0,0.0,,timeout,0.0,3016,30.16,42,15.051739536199443,15.080000000000002,1.7763568394002505e-15,0.0,0,0,0.0,False
dense_er_200_p15,1,200,3016,30.16,half_mean_deg,15.08,none,static_projected,0.0,ideal,zero,3,graph,50.0,50.0,0,1,1982,1.0488073825836182,0.08294916152954102,1,1867.0,1878.0,1884.0,0.0,0.0,,timeout,0.0,3016,30.16,42,15.051739536199443,15.080000000000002,1.7763568394002505e-15,0.0,0,0,0.0,False
dense_er_200_p15,1,200,3016,30.16,half_mean_deg,15.08,none,static_projected,0.0,ideal,zero,4,graph,50.0,50.0,0,1,1622,0.8558871746063232,0.07262921333312988,1,1864.0,1874.0,1886.0,0.0,0.0,,timeout,0.0,3016,30.16,42,15.051739536199443,15.080000000000002,1.7763568394002505e-15,0.0,0,0,0.0,False
dense_er_200_p15,1,200,3016,30.16,half_mean_deg,15.08,none,static_projected,0.0,ideal,zero,5,graph,50.0,50.0,0,1,1646,0.8251533508300781,0.0763554573059082,1,1845.0,1876.0,1883.0,0.0,0.0,,timeout,0.0,3016,30.16,42,15.051739536199443,15.080000000000002,1.7763568394002505e-15,0.0,0,0,0.0,False
dense_er_200_p15,1,200,3016,30.16,half_mean_deg,15.08,none,static_projected,0.0,ideal,zero,6,graph,50.0,50.0,0,1,1970,0.9650964736938477,0.06560778617858887,1,1833.0,1878.0,1890.0,0.0,0.0,,timeout,0.0,3016,30.16,42,15.051739536199443,15.080000000000002,1.7763568394002505e-15,0.0,0,0,0.0,False
dense_er_200_p15,1,200,3016,30.16,half_mean_deg,15.08,none,static_projected,0.0,ideal,zero,7,graph,50.0,50.0,0,1,1886,1.0185909271240234,0.07158017158508301,1,1833.0,1876.0,1886.0,0.0,0.0,,timeout,0.0,3016,30.16,42,15.051739536199443,15.080000000000002,1.7763568394002505e-15,0.0,0,0,0.0,False
dense_er_200_p15,1,200,3016,30.16,half_mean_deg,15.08,none,static_projected,0.0,ideal,zero,8,graph,50.0,50.0,0,1,1958,1.0319337844848633,0.06383371353149414,1,1857.0,1865.0,1881.0,0.0,0.0,,timeout,0.0,3016,30.16,42,15.051739536199443,15.080000000000002,1.7763568394002505e-15,0.0,0,0,0.0,False
dense_er_200_p15,1,200,3016,30.16,half_mean_deg,15.08,none,static_projected,0.0,ideal,zero,9,graph,50.0,50.0,0,1,1934,1.0137240886688232,0.06358027458190918,1,1867.0,1867.0,1879.0,0.0,0.0,,timeout,0.0,3016,30.16,42,15.051739536199443,15.080000000000002,1.7763568394002505e-15,0.0,0,0,0.0,False
dense_er_200_p15,1,200,3016,30.16,half_mean_deg,15.08,none,static_budgeted,0.0,ideal,zero,0,graph,50.0,50.0,0,1,2210,1.1242942810058594,0.06124138832092285,1,1813.0,1831.0,1859.0,0.0,0.0,,timeout,0.0,2240,22.4,30,15.017357626999129,15.080000000000672,6.714628852932947e-13,0.0,0,0,0.0,False
dense_er_200_p15,1,200,3016,30.16,half_mean_deg,15.08,none,static_budgeted,0.0,ideal,zero,1,graph,50.0,50.0,0,1,1874,0.9533469676971436,0.06557989120483398,1,1809.0,1836.0,1868.0,0.0,0.0,,timeout,0.0,2248,22.48,32,15.013130563416217,15.080000000000915,9.14823772291129e-13,0.0,0,0,0.0,False
dense_er_200_p15,1,200,3016,30.16,half_mean_deg,15.08,none,static_budgeted,0.0,ideal,zero,2,graph,50.0,50.0,0,1,2054,0.9864401817321777,0.05534815788269043,1,1799.0,1853.0,1889.0,0.0,0.0,,timeout,0.0,2255,22.55,32,14.989098306936494,15.080000000000892,8.917311333789257e-13,0.0,0,0,0.0,False
dense_er_200_p15,1,200,3016,30.16,half_mean_deg,15.08,none,static_budgeted,0.0,ideal,zero,3,graph,50.0,50.0,0,1,1838,0.9619367122650146,0.05814051628112793,1,1778.0,1830.0,1864.0,0.0,0.0,,timeout,0.0,2236,22.36,30,15.011343081320888,15.080000000000002,1.7763568394002505e-15,0.0,0,0,0.0,False
dense_er_200_p15,1,200,3016,30.16,half_mean_deg,15.08,none,static_budgeted,0.0,ideal,zero,4,graph,50.0,50.0,0,1,1958,1.0034613609313965,0.05854606628417969,1,1807.0,1839.0,1874.0,0.0,0.0,,timeout,0.0,2253,22.53,30,15.009284067436253,15.080000000000615,6.146194664324867e-13,0.0,0,0,0.0,False
dense_er_200_p15,1,200,3016,30.16,half_mean_deg,15.08,none,static_budgeted,0.0,ideal,zero,5,graph,50.0,50.0,0,1,1934,0.9716894626617432,0.06889820098876953,1,1790.0,1864.0,1884.0,0.0,0.0,,timeout,0.0,2260,22.6,33,15.003194724389205,15.08000000000057,5.702105454474804e-13,0.0,0,0,0.0,False
dense_er_200_p15,1,200,3016,30.16,half_mean_deg,15.08,none,static_budgeted,0.0,ideal,zero,6,graph,50.0,50.0,0,1,2090,1.0663394927978516,0.06350970268249512,1,1830.0,1830.0,1866.0,0.0,0.0,,timeout,0.0,2277,22.77,34,15.006100884805313,15.080000000000002,1.7763568394002505e-15,0.0,0,0,0.0,False
dense_er_200_p15,1,200,3016,30.16,half_mean_deg,15.08,none,static_budgeted,0.0,ideal,zero,7,graph,50.0,50.0,0,1,1862,0.9781086444854736,0.06626319885253906,1,1778.0,1843.0,1879.0,0.0,0.0,,timeout,0.0,2237,22.37,32,15.031007376548573,15.080000000000808,8.08242361927114e-13,0.0,0,0,0.0,False
dense_er_200_p15,1,200,3016,30.16,half_mean_deg,15.08,none,static_budgeted,0.0,ideal,zero,8,graph,50.0,50.0,0,1,1874,0.9188501834869385,0.061090707778930664,1,1817.0,1817.0,1861.0,0.0,0.0,,timeout,0.0,2249,22.49,35,15.012945435353513,15.080000000000952,9.521272659185342e-13,0.0,0,0,0.0,False
dense_er_200_p15,1,200,3016,30.16,half_mean_deg,15.08,none,static_budgeted,0.0,ideal,zero,9,graph,50.0,50.0,0,1,2030,1.048386812210083,0.07120990753173828,1,1819.0,1819.0,1876.0,0.0,0.0,,timeout,0.0,2253,22.53,35,15.034852566254594,15.080000000000897,8.970602038971265e-13,0.0,0,0,0.0,False
dense_er_200_p15,1,200,3016,30.16,half_mean_deg,15.08,none,random_budgeted,0.0,ideal,zero,0,graph,50.0,50.0,0,1,1850,0.959216833114624,0.026427268981933594,1,1830.0,1845.0,1868.0,0.0,0.0,,timeout,0.0,2991,29.91,40,13.59776167266656,15.080000000000002,1.7763568394002505e-15,0.0,0,0,0.0,False
dense_er_200_p15,1,200,3016,30.16,half_mean_deg,15.08,none,random_budgeted,0.0,ideal,zero,1,graph,50.0,50.0,0,1,1682,0.8712968826293945,0.03567934036254883,1,1820.0,1838.0,1857.0,0.0,0.0,,timeout,0.0,2989,29.89,42,13.487974664773855,15.080000000000002,1.7763568394002505e-15,0.0,0,0,0.0,False
dense_er_200_p15,1,200,3016,30.16,half_mean_deg,15.08,none,random_budgeted,0.0,ideal,zero,2,graph,50.0,50.0,0,1,1682,0.880436897277832,0.02622818946838379,1,1829.0,1838.0,1873.0,0.0,0.0,,timeout,0.0,2994,29.94,42,13.481563008027955,15.080000000000002,1.7763568394002505e-15,0.0,0,0,0.0,False
dense_er_200_p15,1,200,3016,30.16,half_mean_deg,15.08,none,random_budgeted,0.0,ideal,zero,3,graph,50.0,50.0,0,1,1958,1.026564598083496,0.03793191909790039,1,1849.0,1853.0,1876.0,0.0,0.0,,timeout,0.0,2998,29.98,42,13.623856412894133,15.080000000000808,8.08242361927114e-13,0.0,0,0,0.0,False
dense_er_200_p15,1,200,3016,30.16,half_mean_deg,15.08,none,random_budgeted,0.0,ideal,zero,4,graph,50.0,50.0,0,1,1838,0.8805451393127441,0.03409075736999512,1,1826.0,1842.0,1864.0,0.0,0.0,,timeout,0.0,2992,29.92,42,13.526735364847982,15.080000000000002,1.7763568394002505e-15,0.0,0,0,0.0,False
dense_er_200_p15,1,200,3016,30.16,half_mean_deg,15.08,none,random_budgeted,0.0,ideal,zero,5,graph,50.0,50.0,0,1,1802,0.9407937526702881,0.03120899200439453,1,1840.0,1846.0,1870.0,0.0,0.0,,timeout,0.0,2989,29.89,42,13.586042508489772,15.080000000000002,1.7763568394002505e-15,0.0,0,0,0.0,False
dense_er_200_p15,1,200,3016,30.16,half_mean_deg,15.08,none,random_budgeted,0.0,ideal,zero,6,graph,50.0,50.0,0,1,1718,0.8685052394866943,0.02974843978881836,1,1849.0,1860.0,1876.0,0.0,0.0,,timeout,0.0,2997,29.97,41,13.504304351853394,15.08,0.0,0.0,0,0,0.0,False
dense_er_200_p15,1,200,3016,30.16,half_mean_deg,15.08,none,random_budgeted,0.0,ideal,zero,7,graph,50.0,50.0,0,1,1838,3.823856830596924,0.02765655517578125,1,1811.0,1842.0,1876.0,0.0,0.0,,timeout,0.0,2982,29.82,41,13.580920840658491,15.080000000000002,1.7763568394002505e-15,0.0,0,0,0.0,False
dense_er_200_p15,1,200,3016,30.16,half_mean_deg,15.08,none,random_budgeted,0.0,ideal,zero,8,graph,50.0,50.0,0,1,1946,0.9674551486968994,0.03960680961608887,1,1838.0,1849.0,1876.0,0.0,0.0,,timeout,0.0,2984,29.84,41,13.672229980765383,15.080000000000002,1.7763568394002505e-15,0.0,0,0,0.0,False
dense_er_200_p15,1,200,3016,30.16,half_mean_deg,15.08,none,random_budgeted,0.0,ideal,zero,9,graph,50.0,50.0,0,1,1778,0.8816349506378174,0.026389360427856445,1,1828.0,1844.0,1881.0,0.0,0.0,,timeout,0.0,3001,30.01,42,13.596084771710453,15.080000000000977,9.769962616701378e-13,0.0,0,0,0.0,False
dense_er_200_p15,1,200,3016,30.16,half_mean_deg,15.08,none,learned_support_random_weights,0.0,ideal,zero,0,hebbian_seed0,50.0,50.0,0,1,2018,0.8116309642791748,0.004955291748046875,1,1775.0,1775.0,1837.0,0.0,0.0,,timeout,0.0,1775,17.75,26,8.976957370987993,15.08,0.0,0.0,0,0,0.0,False
dense_er_200_p15,1,200,3016,30.16,half_mean_deg,15.08,none,learned_support_random_weights,0.0,ideal,zero,1,hebbian_seed0,50.0,50.0,0,1,2006,0.7187747955322266,0.0035333633422851562,1,1775.0,1775.0,1837.0,0.0,0.0,,timeout,0.0,1775,17.75,26,8.783045021130942,14.750654218418607,-0.3293457815813934,0.0,0,0,0.0,False
dense_er_200_p15,1,200,3016,30.16,half_mean_deg,15.08,none,learned_support_random_weights,0.0,ideal,zero,2,hebbian_seed0,50.0,50.0,0,1,2018,0.7230331897735596,0.0030574798583984375,1,1775.0,1775.0,1837.0,0.0,0.0,,timeout,0.0,1775,17.75,26,8.823038918026398,14.517649091126707,-0.5623509088732934,0.0,0,0,0.0,False
dense_er_200_p15,1,200,3016,30.16,half_mean_deg,15.08,none,learned_support_random_weights,0.0,ideal,zero,3,hebbian_seed0,50.0,50.0,0,1,2102,0.7650923728942871,0.0026488304138183594,1,1775.0,1775.0,1837.0,0.0,0.0,,timeout,0.0,1775,17.75,26,8.89226094280591,13.973059384524033,-1.106940615475967,0.0,0,0,0.0,False
dense_er_200_p15,1,200,3016,30.16,half_mean_deg,15.08,none,learned_support_random_weights,0.0,ideal,zero,4,hebbian_seed0,50.0,50.0,0,1,2054,0.8051049709320068,0.0029506683349609375,1,1775.0,1775.0,1837.0,0.0,0.0,,timeout,0.0,1775,17.75,26,8.947084252632093,14.880110668156114,-0.19988933184388635,0.0,0,0,0.0,False
dense_er_200_p15,1,200,3016,30.16,half_mean_deg,15.08,none,learned_support_random_weights,0.0,ideal,zero,5,hebbian_seed0,50.0,50.0,0,1,2078,0.8045034408569336,0.0017445087432861328,1,1775.0,1775.0,1837.0,0.0,0.0,,timeout,0.0,1775,17.75,26,8.82085120331143,14.176332464971415,-0.9036675350285854,0.0,0,0,0.0,False
dense_er_200_p15,1,200,3016,30.16,half_mean_deg,15.08,none,learned_support_random_weights,0.0,ideal,zero,6,hebbian_seed0,50.0,50.0,0,1,1994,0.7395470142364502,0.0031824111938476562,1,1775.0,1775.0,1837.0,0.0,0.0,,timeout,0.0,1775,17.75,26,8.831426019783418,14.60527881465583,-0.47472118534417085,0.0,0,0,0.0,False
dense_er_200_p15,1,200,3016,30.16,half_mean_deg,15.08,none,learned_support_random_weights,0.0,ideal,zero,7,hebbian_seed0,50.0,50.0,0,1,2054,0.7772061824798584,0.0026006698608398438,1,1775.0,1775.0,1837.0,0.0,0.0,,timeout,0.0,1775,17.75,26,8.914616201046112,14.634568066932665,-0.44543193306733464,0.0,0,0,0.0,False
dense_er_200_p15,1,200,3016,30.16,half_mean_deg,15.08,none,learned_support_random_weights,0.0,ideal,zero,8,hebbian_seed0,50.0,50.0,0,1,1982,0.7190251350402832,0.002562999725341797,1,1775.0,1775.0,1837.0,0.0,0.0,,timeout,0.0,1775,17.75,26,8.85498005207313,13.406985447791303,-1.6730145522086968,0.0,0,0,0.0,False
dense_er_200_p15,1,200,3016,30.16,half_mean_deg,15.08,none,learned_support_random_weights,0.0,ideal,zero,9,hebbian_seed0,50.0,50.0,0,1,1970,0.7237718105316162,0.0017693042755126953,1,1775.0,1775.0,1837.0,0.0,0.0,,timeout,0.0,1775,17.75,26,8.734191921581052,14.393542000443945,-0.6864579995560547,0.0,0,0,0.0,False
dense_er_200_p15,1,200,3016,30.16,half_mean_deg,15.08,none,topology_scrambled,0.0,ideal,zero,0,graph,50.0,50.0,100,101,4724,14.56083345413208,12.544115543365479,101,1597.0,1597.0,1828.0,0.0,0.0,,timeout,0.0,1629,16.29,27,14.929200000000002,15.080000000000004,3.552713678800501e-15,0.0,0,0,-1418.5929899571895,False
dense_er_200_p15,1,200,3016,30.16,half_mean_deg,15.08,none,topology_scrambled,0.0,ideal,zero,1,graph,50.0,50.0,100,101,4832,21.623975038528442,19.440540313720703,101,1615.0,1615.0,1831.0,0.0,0.0,,timeout,0.0,1601,16.01,26,14.929199999999495,15.080000000000002,1.7763568394002505e-15,0.0,0,0,-1415.502217989084,False
dense_er_200_p15,1,200,3016,30.16,half_mean_deg,15.08,none,topology_scrambled,0.0,ideal,zero,2,graph,50.0,50.0,100,101,4712,25.137444734573364,22.99537229537964,101,1605.0,1605.0,1826.0,0.0,0.0,,timeout,0.0,1585,15.85,26,15.079999999999984,15.080000000000398,3.979039320256561e-13,0.0,0,0,-1427.5242837276296,False
dense_er_200_p15,1,200,3016,30.16,half_mean_deg,15.08,none,topology_scrambled,0.0,ideal,zero,3,graph,50.0,50.0,100,101,4616,10.672759056091309,8.68467402458191,101,1554.0,1554.0,1851.0,0.0,0.0,,timeout,0.0,1658,16.58,27,15.079999999999636,15.080000000000002,1.7763568394002505e-15,0.0,0,0,-1430.748735537691,False
dense_er_200_p15,1,200,3016,30.16,half_mean_deg,15.08,none,topology_scrambled,0.0,ideal,zero,4,graph,50.0,50.0,100,101,4712,22.031165838241577,18.161879062652588,101,1595.0,1595.0,1808.0,0.0,0.0,,timeout,0.0,1625,16.25,28,14.929199999998637,15.080000000000002,1.7763568394002505e-15,0.0,0,0,-1417.5572444717247,False
dense_er_200_p15,1,200,3016,30.16,half_mean_deg,15.08,none,topology_scrambled,0.0,ideal,zero,5,graph,50.0,50.0,100,101,5000,22.739864587783813,20.38923406600952,101,1597.0,1597.0,1819.0,0.0,0.0,,timeout,0.0,1579,15.79,24,15.07999999999979,15.080000000000002,1.7763568394002505e-15,0.0,0,0,-1427.3391937541924,False
dense_er_200_p15,1,200,3016,30.16,half_mean_deg,15.08,none,topology_scrambled,0.0,ideal,zero,6,graph,50.0,50.0,100,101,4724,11.851991891860962,9.798375606536865,101,1577.0,1577.0,1816.0,0.0,0.0,,timeout,0.0,1641,16.41,29,15.07999999999953,15.080000000000002,1.7763568394002505e-15,0.0,0,0,-1429.4492869871597,False
dense_er_200_p15,1,200,3016,30.16,half_mean_deg,15.08,none,topology_scrambled,0.0,ideal,zero,7,graph,50.0,50.0,100,101,4664,11.401328086853027,9.36699104309082,101,1612.0,1612.0,1838.0,0.0,0.0,,timeout,0.0,1636,16.36,29,15.080000000000005,15.080000000000531,5.311306949806749e-13,0.0,0,0,-1429.1664697484753,False
dense_er_200_p15,1,200,3016,30.16,half_mean_deg,15.08,none,topology_scrambled,0.0,ideal,zero,8,graph,50.0,50.0,100,101,4844,17.296369075775146,12.264041423797607,101,1564.0,1564.0,1837.0,0.0,0.0,,timeout,0.0,1620,16.2,26,15.079999999999677,15.080000000000002,1.7763568394002505e-15,0.0,0,0,-1431.1534051330402,False
dense_er_200_p15,1,200,3016,30.16,half_mean_deg,15.08,none,topology_scrambled,0.0,ideal,zero,9,graph,50.0,50.0,100,101,4604,12.579305171966553,10.501785516738892,101,1603.0,1603.0,1807.0,0.0,0.0,,timeout,0.0,1665,16.65,26,15.080000000000162,15.080000000000826,8.260059303211165e-13,0.0,0,0,-1431.8936892912664,False
dense_er_200_p15,1,200,3016,30.16,half_mean_deg,15.08,sinkhorn,hebbian_sinkhorn,0.0,ideal,zero,0,graph,50.0,50.0,100,100,4688,2.2234439849853516,0.0,0,1732.0,1732.0,1832.0,0.0,0.0,,timeout,0.0,1732,17.32,27,14.644258476796294,15.080000000000002,1.7763568394002505e-15,0.0,0,5,-1398.7295956469688,False
dense_er_200_p15,1,200,3016,30.16,half_mean_deg,15.08,sinkhorn,hebbian_sinkhorn,0.0,ideal,zero,1,graph,50.0,50.0,100,100,4772,2.304656744003296,0.0,0,1758.0,1758.0,1850.0,0.0,0.0,,timeout,0.0,1758,17.58,26,14.603838888787745,15.080000000000002,1.7763568394002505e-15,0.0,0,0,-1395.942835180094,False
dense_er_200_p15,1,200,3016,30.16,half_mean_deg,15.08,sinkhorn,hebbian_sinkhorn,0.0,ideal,zero,2,graph,50.0,50.0,100,100,4652,2.3657848834991455,0.0,0,1724.0,1724.0,1822.0,0.0,0.0,,timeout,0.0,1724,17.24,27,14.677425492534148,15.080000000000002,1.7763568394002505e-15,0.0,0,0,-1401.9725738642992,False
dense_er_200_p15,1,200,3016,30.16,half_mean_deg,15.08,sinkhorn,hebbian_sinkhorn,0.0,ideal,zero,3,graph,50.0,50.0,100,100,4640,2.5097641944885254,0.0,0,1751.0,1751.0,1816.0,0.0,0.0,,timeout,0.0,1751,17.51,26,14.576348052075973,15.080000000000002,1.7763568394002505e-15,0.0,0,0,-1393.7011523089957,False
dense_er_200_p15,1,200,3016,30.16,half_mean_deg,15.08,sinkhorn,hebbian_sinkhorn,0.0,ideal,zero,4,graph,50.0,50.0,100,100,4652,2.430149793624878,0.0,0,1721.0,1721.0,1828.0,0.0,0.0,,timeout,0.0,1721,17.21,27,14.631938557417156,15.080000000000002,1.7763568394002505e-15,0.0,0,0,-1396.8416017858306,False
dense_er_200_p15,1,200,3016,30.16,half_mean_deg,15.08,sinkhorn,hebbian_sinkhorn,0.0,ideal,zero,5,graph,50.0,50.0,100,100,4580,2.3978075981140137,0.0,0,1744.0,1744.0,1831.0,0.0,0.0,,timeout,0.0,1744,17.44,26,14.571004276842045,15.080000000000005,5.329070518200751e-15,0.0,0,0,-1392.3882952514664,False
dense_er_200_p15,1,200,3016,30.16,half_mean_deg,15.08,sinkhorn,hebbian_sinkhorn,0.0,ideal,zero,6,graph,50.0,50.0,100,100,4628,5.266999959945679,0.0,0,1761.0,1761.0,1827.0,0.0,0.0,,timeout,0.0,1761,17.61,28,14.644262338406389,15.080000000000002,1.7763568394002505e-15,0.0,0,0,-1400.4751019415644,False
dense_er_200_p15,1,200,3016,30.16,half_mean_deg,15.08,sinkhorn,hebbian_sinkhorn,0.0,ideal,zero,7,graph,50.0,50.0,100,100,4616,2.390378713607788,0.0,0,1753.0,1753.0,1833.0,0.0,0.0,,timeout,0.0,1753,17.53,27,14.501117796784202,15.080000000000004,3.552713678800501e-15,0.0,0,0,-1386.8292731927188,False
dense_er_200_p15,1,200,3016,30.16,half_mean_deg,15.08,sinkhorn,hebbian_sinkhorn,0.0,ideal,zero,8,graph,50.0,50.0,100,100,4556,2.4279532432556152,0.0,0,1767.0,1767.0,1835.0,0.0,0.0,,timeout,0.0,1767,17.67,28,14.630449458971079,15.080000000000004,3.552713678800501e-15,0.0,0,0,-1398.9850882247688,False
dense_er_200_p15,1,200,3016,30.16,half_mean_deg,15.08,sinkhorn,hebbian_sinkhorn,0.0,ideal,zero,9,graph,50.0,50.0,100,100,4640,2.295928955078125,0.0,0,1759.0,1759.0,1824.0,0.0,0.0,,timeout,0.0,1759,17.59,27,14.66288134001368,15.080000000000004,3.552713678800501e-15,0.0,0,0,-1401.8802302385348,False
dense_er_200_p15,1,200,3016,30.16,half_mean_deg,15.08,sinkhorn,hybrid_sinkhorn,0.0,ideal,zero,0,graph,50.0,50.0,100,100,7486,3.175816535949707,0.0,0,1732.0,1732.0,1832.0,0.0,0.0,,timeout,0.0,1732,17.32,27,14.644258476796294,15.080000000000002,1.7763568394002505e-15,0.0,0,5,-1398.7295956469688,False
dense_er_200_p15,1,200,3016,30.16,half_mean_deg,15.08,sinkhorn,hybrid_sinkhorn,0.0,ideal,zero,1,graph,50.0,50.0,100,100,7558,3.271601915359497,0.0,0,1758.0,1758.0,1850.0,0.0,0.0,,timeout,0.0,1758,17.58,26,14.603838888787745,15.080000000000002,1.7763568394002505e-15,0.0,0,0,-1395.942835180094,False
dense_er_200_p15,1,200,3016,30.16,half_mean_deg,15.08,sinkhorn,hybrid_sinkhorn,0.0,ideal,zero,2,graph,50.0,50.0,100,100,7438,3.2145066261291504,0.0,0,1724.0,1724.0,1822.0,0.0,0.0,,timeout,0.0,1724,17.24,27,14.677425492534148,15.080000000000002,1.7763568394002505e-15,0.0,0,0,-1401.9725738642992,False
dense_er_200_p15,1,200,3016,30.16,half_mean_deg,15.08,sinkhorn,hybrid_sinkhorn,0.0,ideal,zero,3,graph,50.0,50.0,100,100,7426,3.2919366359710693,0.0,0,1751.0,1751.0,1816.0,0.0,0.0,,timeout,0.0,1751,17.51,26,14.576348052075973,15.080000000000002,1.7763568394002505e-15,0.0,0,0,-1393.7011523089957,False
dense_er_200_p15,1,200,3016,30.16,half_mean_deg,15.08,sinkhorn,hybrid_sinkhorn,0.0,ideal,zero,4,graph,50.0,50.0,100,100,7510,3.3638522624969482,0.0,0,1721.0,1721.0,1828.0,0.0,0.0,,timeout,0.0,1721,17.21,27,14.631938557417156,15.080000000000002,1.7763568394002505e-15,0.0,0,0,-1396.8416017858306,False
dense_er_200_p15,1,200,3016,30.16,half_mean_deg,15.08,sinkhorn,hybrid_sinkhorn,0.0,ideal,zero,5,graph,50.0,50.0,100,100,7390,3.3866171836853027,0.0,0,1744.0,1744.0,1831.0,0.0,0.0,,timeout,0.0,1744,17.44,26,14.571004276842045,15.080000000000005,5.329070518200751e-15,0.0,0,0,-1392.3882952514664,False
dense_er_200_p15,1,200,3016,30.16,half_mean_deg,15.08,sinkhorn,hybrid_sinkhorn,0.0,ideal,zero,6,graph,50.0,50.0,100,100,7414,6.355159759521484,0.0,0,1761.0,1761.0,1827.0,0.0,0.0,,timeout,0.0,1761,17.61,28,14.644262338406389,15.080000000000002,1.7763568394002505e-15,0.0,0,0,-1400.4751019415644,False
dense_er_200_p15,1,200,3016,30.16,half_mean_deg,15.08,sinkhorn,hybrid_sinkhorn,0.0,ideal,zero,7,graph,50.0,50.0,100,100,7390,3.423506736755371,0.0,0,1753.0,1753.0,1833.0,0.0,0.0,,timeout,0.0,1753,17.53,27,14.501117796784202,15.080000000000004,3.552713678800501e-15,0.0,0,0,-1386.8292731927188,False
dense_er_200_p15,1,200,3016,30.16,half_mean_deg,15.08,sinkhorn,hybrid_sinkhorn,0.0,ideal,zero,8,graph,50.0,50.0,100,100,7354,3.3655202388763428,0.0,0,1767.0,1767.0,1835.0,0.0,0.0,,timeout,0.0,1767,17.67,28,14.630449458971079,15.080000000000004,3.552713678800501e-15,0.0,0,0,-1398.9850882247688,False
dense_er_200_p15,1,200,3016,30.16,half_mean_deg,15.08,sinkhorn,hybrid_sinkhorn,0.0,ideal,zero,9,graph,50.0,50.0,100,100,7426,3.338813304901123,0.0,0,1759.0,1759.0,1824.0,0.0,0.0,,timeout,0.0,1759,17.59,27,14.66288134001368,15.080000000000004,3.552713678800501e-15,0.0,0,0,-1401.8802302385348,False
dense_er_200_p15,1,200,3016,30.16,half_mean_deg,15.08,frobenius,hebbian_frobenius,0.0,ideal,zero,0,graph,50.0,50.0,100,101,5000,30.419859886169434,28.566810846328735,101,1745.0,1745.0,1836.0,0.0,0.0,,timeout,0.0,1745,17.45,26,15.079999999999872,15.080000000000002,1.7763568394002505e-15,0.0,0,0,-1437.6421316920134,True
dense_er_200_p15,1,200,3016,30.16,half_mean_deg,15.08,frobenius,hebbian_frobenius,0.0,ideal,zero,1,graph,50.0,50.0,100,101,4916,14.764723062515259,12.89496111869812,101,1768.0,1768.0,1855.0,0.0,0.0,,timeout,0.0,1768,17.68,26,15.079999999999698,15.080000000000002,1.7763568394002505e-15,0.0,0,0,-1438.3734514442515,True
dense_er_200_p15,1,200,3016,30.16,half_mean_deg,15.08,frobenius,hebbian_frobenius,0.0,ideal,zero,2,graph,50.0,50.0,100,101,4724,15.442786931991577,13.600348949432373,101,1731.0,1731.0,1838.0,0.0,0.0,,timeout,0.0,1731,17.31,27,15.079999999999373,15.080000000000004,3.552713678800501e-15,0.0,0,0,-1437.450000903185,True
dense_er_200_p15,1,200,3016,30.16,half_mean_deg,15.08,frobenius,hebbian_frobenius,0.0,ideal,zero,3,graph,50.0,50.0,100,101,4628,18.89767074584961,17.047547101974487,101,1730.0,1730.0,1846.0,0.0,0.0,,timeout,0.0,1730,17.3,26,15.079999999999853,15.080000000000002,1.7763568394002505e-15,0.0,0,0,-1436.7007484018275,True
dense_er_200_p15,1,200,3016,30.16,half_mean_deg,15.08,frobenius,hebbian_frobenius,0.0,ideal,zero,4,graph,50.0,50.0,100,101,4580,22.3467698097229,20.568127393722534,101,1723.0,1723.0,1830.0,0.0,0.0,,timeout,0.0,1723,17.23,27,14.929199999999073,15.080000000000004,3.552713678800501e-15,0.0,0,0,-1424.1316511744003,True
dense_er_200_p15,1,200,3016,30.16,half_mean_deg,15.08,frobenius,hebbian_frobenius,0.0,ideal,zero,5,graph,50.0,50.0,100,101,4748,21.36441731452942,19.43785834312439,101,1741.0,1741.0,1822.0,0.0,0.0,,timeout,0.0,1741,17.41,26,15.079999999999751,15.080000000000002,1.7763568394002505e-15,0.0,0,0,-1437.5077434836041,True
dense_er_200_p15,1,200,3016,30.16,half_mean_deg,15.08,frobenius,hebbian_frobenius,0.0,ideal,zero,6,graph,50.0,50.0,100,101,4724,22.439401149749756,20.550933599472046,101,1732.0,1732.0,1836.0,0.0,0.0,,timeout,0.0,1732,17.32,25,15.079999999999432,15.080000000000002,1.7763568394002505e-15,0.0,0,0,-1437.6633970205287,True
dense_er_200_p15,1,200,3016,30.16,half_mean_deg,15.08,frobenius,hebbian_frobenius,0.0,ideal,zero,7,graph,50.0,50.0,100,101,4592,14.65721082687378,12.866984128952026,101,1767.0,1767.0,1833.0,0.0,0.0,,timeout,0.0,1767,17.67,27,14.92919999999381,15.080000000000004,3.552713678800501e-15,0.0,0,0,-1425.994991979562,True
dense_er_200_p15,1,200,3016,30.16,half_mean_deg,15.08,frobenius,hebbian_frobenius,0.0,ideal,zero,8,graph,50.0,50.0,100,101,4604,11.249196529388428,9.494701385498047,101,1771.0,1771.0,1843.0,0.0,0.0,,timeout,0.0,1771,17.71,27,14.929199999988914,15.080000000000002,1.7763568394002505e-15,0.0,0,0,-1426.3426455300464,True
dense_er_200_p15,1,200,3016,30.16,half_mean_deg,15.08,frobenius,hebbian_frobenius,0.0,ideal,zero,9,graph,50.0,50.0,100,101,4868,19.450309991836548,17.495187997817993,101,1740.0,1740.0,1812.0,0.0,0.0,,timeout,0.0,1740,17.4,26,14.929199999998655,15.080000000000002,1.7763568394002505e-15,0.0,0,0,-1425.3019750496067,True
dense_er_200_p15,1,200,3016,30.16,half_mean_deg,15.08,frobenius,hybrid_frobenius,0.0,ideal,zero,0,graph,50.0,50.0,100,101,7882,31.75341820716858,27.75024390220642,101,1745.0,1745.0,1836.0,0.0,0.0,,timeout,0.0,1745,17.45,26,15.079999999999872,15.080000000000002,1.7763568394002505e-15,0.0,0,0,-1437.6421316920134,True
dense_er_200_p15,1,200,3016,30.16,half_mean_deg,15.08,frobenius,hybrid_frobenius,0.0,ideal,zero,1,graph,50.0,50.0,100,101,7786,16.20320725440979,13.218745470046997,101,1768.0,1768.0,1855.0,0.0,0.0,,timeout,0.0,1768,17.68,26,15.079999999999698,15.080000000000002,1.7763568394002505e-15,0.0,0,0,-1438.3734514442515,True
dense_er_200_p15,1,200,3016,30.16,half_mean_deg,15.08,frobenius,hybrid_frobenius,0.0,ideal,zero,2,graph,50.0,50.0,100,101,7618,15.951619863510132,13.033774375915527,101,1731.0,1731.0,1838.0,0.0,0.0,,timeout,0.0,1731,17.31,27,15.079999999999373,15.080000000000004,3.552713678800501e-15,0.0,0,0,-1437.450000903185,True
dense_er_200_p15,1,200,3016,30.16,half_mean_deg,15.08,frobenius,hybrid_frobenius,0.0,ideal,zero,3,graph,50.0,50.0,100,101,7510,20.42065715789795,17.53158187866211,101,1730.0,1730.0,1846.0,0.0,0.0,,timeout,0.0,1730,17.3,26,15.079999999999853,15.080000000000002,1.7763568394002505e-15,0.0,0,0,-1436.7007484018275,True
dense_er_200_p15,1,200,3016,30.16,half_mean_deg,15.08,frobenius,hybrid_frobenius,0.0,ideal,zero,4,graph,50.0,50.0,100,101,7438,22.992451429367065,20.241392612457275,101,1723.0,1723.0,1830.0,0.0,0.0,,timeout,0.0,1723,17.23,27,14.929199999999073,15.080000000000004,3.552713678800501e-15,0.0,0,0,-1424.1316511744003,True
dense_er_200_p15,1,200,3016,30.16,half_mean_deg,15.08,frobenius,hybrid_frobenius,0.0,ideal,zero,5,graph,50.0,50.0,100,101,7630,22.381908178329468,19.585901021957397,101,1741.0,1741.0,1822.0,0.0,0.0,,timeout,0.0,1741,17.41,26,15.079999999999751,15.080000000000002,1.7763568394002505e-15,0.0,0,0,-1437.5077434836041,True
dense_er_200_p15,1,200,3016,30.16,half_mean_deg,15.08,frobenius,hybrid_frobenius,0.0,ideal,zero,6,graph,50.0,50.0,100,101,7606,24.11615252494812,21.114206075668335,101,1732.0,1732.0,1836.0,0.0,0.0,,timeout,0.0,1732,17.32,25,15.079999999999432,15.080000000000002,1.7763568394002505e-15,0.0,0,0,-1437.6633970205287,True
dense_er_200_p15,1,200,3016,30.16,half_mean_deg,15.08,frobenius,hybrid_frobenius,0.0,ideal,zero,7,graph,50.0,50.0,100,101,7450,16.02877426147461,13.162941455841064,101,1767.0,1767.0,1833.0,0.0,0.0,,timeout,0.0,1767,17.67,27,14.92919999999381,15.080000000000004,3.552713678800501e-15,0.0,0,0,-1425.994991979562,True
dense_er_200_p15,1,200,3016,30.16,half_mean_deg,15.08,frobenius,hybrid_frobenius,0.0,ideal,zero,8,graph,50.0,50.0,100,101,7462,12.18845820426941,9.394763231277466,101,1771.0,1771.0,1843.0,0.0,0.0,,timeout,0.0,1771,17.71,27,14.929199999988914,15.080000000000002,1.7763568394002505e-15,0.0,0,0,-1426.3426455300464,True
dense_er_200_p15,1,200,3016,30.16,half_mean_deg,15.08,frobenius,hybrid_frobenius,0.0,ideal,zero,9,graph,50.0,50.0,100,101,7726,20.579888582229614,17.639935731887817,101,1740.0,1740.0,1812.0,0.0,0.0,,timeout,0.0,1740,17.4,26,14.929199999998655,15.080000000000002,1.7763568394002505e-15,0.0,0,0,-1425.3019750496067,True
dense_er_200_p15,1,200,3016,30.16,mean_deg,30.16,none,static,0.0,ideal,zero,0,graph,50.0,50.0,0,0,3230,1.8161392211914062,0.0,0,1879.0,1879.0,1886.0,0.0,0.0,,timeout,0.0,3016,30.16,42,30.16,42.0,11.84,0.0,0,0,0.0,False
dense_er_200_p15,1,200,3016,30.16,mean_deg,30.16,none,static,0.0,ideal,zero,1,graph,50.0,50.0,0,0,3050,1.6178150177001953,0.0,0,1874.0,1881.0,1890.0,0.0,0.0,,timeout,0.0,3016,30.16,42,30.16,42.0,11.84,0.0,0,0,0.0,False
dense_er_200_p15,1,200,3016,30.16,mean_deg,30.16,none,static,0.0,ideal,zero,2,graph,50.0,50.0,0,0,2894,4.369199991226196,0.0,0,1866.0,1873.0,1887.0,0.0,0.0,,timeout,0.0,3016,30.16,42,30.16,42.0,11.84,0.0,0,0,0.0,False
dense_er_200_p15,1,200,3016,30.16,mean_deg,30.16,none,static,0.0,ideal,zero,3,graph,50.0,50.0,0,0,3254,1.6399831771850586,0.0,0,1867.0,1876.0,1880.0,0.0,0.0,,timeout,0.0,3016,30.16,42,30.16,42.0,11.84,0.0,0,0,0.0,False
dense_er_200_p15,1,200,3016,30.16,mean_deg,30.16,none,static,0.0,ideal,zero,4,graph,50.0,50.0,0,0,3458,1.7181084156036377,0.0,0,1856.0,1881.0,1888.0,0.0,0.0,,timeout,0.0,3016,30.16,42,30.16,42.0,11.84,0.0,0,0,0.0,False
dense_er_200_p15,1,200,3016,30.16,mean_deg,30.16,none,static,0.0,ideal,zero,5,graph,50.0,50.0,0,0,3110,1.5710268020629883,0.0,0,1861.0,1877.0,1888.0,0.0,0.0,,timeout,0.0,3016,30.16,42,30.16,42.0,11.84,0.0,0,0,0.0,False
dense_er_200_p15,1,200,3016,30.16,mean_deg,30.16,none,static,0.0,ideal,zero,6,graph,50.0,50.0,0,0,3098,1.5160799026489258,0.0,0,1836.0,1883.0,1892.0,0.0,0.0,,timeout,0.0,3016,30.16,42,30.16,42.0,11.84,0.0,0,0,0.0,False
dense_er_200_p15,1,200,3016,30.16,mean_deg,30.16,none,static,0.0,ideal,zero,7,graph,50.0,50.0,0,0,3830,1.8910861015319824,0.0,0,1852.0,1876.0,1886.0,0.0,0.0,,timeout,0.0,3016,30.16,42,30.16,42.0,11.84,0.0,0,0,0.0,False
dense_er_200_p15,1,200,3016,30.16,mean_deg,30.16,none,static,0.0,ideal,zero,8,graph,50.0,50.0,0,0,3662,1.808469295501709,0.0,0,1872.0,1881.0,1888.0,0.0,0.0,,timeout,0.0,3016,30.16,42,30.16,42.0,11.84,0.0,0,0,0.0,False
dense_er_200_p15,1,200,3016,30.16,mean_deg,30.16,none,static,0.0,ideal,zero,9,graph,50.0,50.0,0,0,3878,1.96474027633667,0.0,0,1861.0,1872.0,1877.0,0.0,0.0,,timeout,0.0,3016,30.16,42,30.16,42.0,11.84,0.0,0,0,0.0,False
dense_er_200_p15,1,200,3016,30.16,mean_deg,30.16,none,random_rounding,0.0,ideal,zero,0,graph,50.0,50.0,0,0,3230,1.6085355281829834,0.0,0,1879.0,1879.0,1886.0,0.0,0.0,,timeout,0.0,3016,30.16,42,30.16,42.0,11.84,0.0,0,0,0.0,False
dense_er_200_p15,1,200,3016,30.16,mean_deg,30.16,none,random_rounding,0.0,ideal,zero,1,graph,50.0,50.0,0,0,3050,1.520939588546753,0.0,0,1874.0,1881.0,1890.0,0.0,0.0,,timeout,0.0,3016,30.16,42,30.16,42.0,11.84,0.0,0,0,0.0,False
dense_er_200_p15,1,200,3016,30.16,mean_deg,30.16,none,random_rounding,0.0,ideal,zero,2,graph,50.0,50.0,0,0,2894,1.5277550220489502,0.0,0,1866.0,1873.0,1887.0,0.0,0.0,,timeout,0.0,3016,30.16,42,30.16,42.0,11.84,0.0,0,0,0.0,False
dense_er_200_p15,1,200,3016,30.16,mean_deg,30.16,none,random_rounding,0.0,ideal,zero,3,graph,50.0,50.0,0,0,3254,1.568314552307129,0.0,0,1867.0,1876.0,1880.0,0.0,0.0,,timeout,0.0,3016,30.16,42,30.16,42.0,11.84,0.0,0,0,0.0,False
dense_er_200_p15,1,200,3016,30.16,mean_deg,30.16,none,random_rounding,0.0,ideal,zero,4,graph,50.0,50.0,0,0,3458,1.7406301498413086,0.0,0,1856.0,1881.0,1888.0,0.0,0.0,,timeout,0.0,3016,30.16,42,30.16,42.0,11.84,0.0,0,0,0.0,False
dense_er_200_p15,1,200,3016,30.16,mean_deg,30.16,none,random_rounding,0.0,ideal,zero,5,graph,50.0,50.0,0,0,3110,1.5007269382476807,0.0,0,1861.0,1877.0,1888.0,0.0,0.0,,timeout,0.0,3016,30.16,42,30.16,42.0,11.84,0.0,0,0,0.0,False
dense_er_200_p15,1,200,3016,30.16,mean_deg,30.16,none,random_rounding,0.0,ideal,zero,6,graph,50.0,50.0,0,0,3098,1.5274875164031982,0.0,0,1836.0,1883.0,1892.0,0.0,0.0,,timeout,0.0,3016,30.16,42,30.16,42.0,11.84,0.0,0,0,0.0,False
dense_er_200_p15,1,200,3016,30.16,mean_deg,30.16,none,random_rounding,0.0,ideal,zero,7,graph,50.0,50.0,0,0,3830,1.872694969177246,0.0,0,1852.0,1876.0,1886.0,0.0,0.0,,timeout,0.0,3016,30.16,42,30.16,42.0,11.84,0.0,0,0,0.0,False
dense_er_200_p15,1,200,3016,30.16,mean_deg,30.16,none,random_rounding,0.0,ideal,zero,8,graph,50.0,50.0,0,0,3662,1.771150827407837,0.0,0,1872.0,1881.0,1888.0,0.0,0.0,,timeout,0.0,3016,30.16,42,30.16,42.0,11.84,0.0,0,0,0.0,False
dense_er_200_p15,1,200,3016,30.16,mean_deg,30.16,none,random_rounding,0.0,ideal,zero,9,graph,50.0,50.0,0,0,3878,1.9573044776916504,0.0,0,1861.0,1872.0,1877.0,0.0,0.0,,timeout,0.0,3016,30.16,42,30.16,42.0,11.84,0.0,0,0,0.0,False
dense_er_200_p15,1,200,3016,30.16,mean_deg,30.16,none,greedy,0.0,ideal,zero,0,graph,50.0,50.0,0,0,0,0.0007889270782470703,0.0,0,1841.0,1841.0,1841.0,0.0,0.0,,timeout,0.0,0,0.0,0,0.0,0.0,0.0,0.0,0,0,0.0,False
dense_er_200_p15,1,200,3016,30.16,mean_deg,30.16,none,greedy,0.0,ideal,zero,1,graph,50.0,50.0,0,0,0,0.0009732246398925781,0.0,0,1857.0,1857.0,1857.0,0.0,0.0,,timeout,0.0,0,0.0,0,0.0,0.0,0.0,0.0,0,0,0.0,False
dense_er_200_p15,1,200,3016,30.16,mean_deg,30.16,none,greedy,0.0,ideal,zero,2,graph,50.0,50.0,0,0,0,0.0009353160858154297,0.0,0,1826.0,1826.0,1826.0,0.0,0.0,,timeout,0.0,0,0.0,0,0.0,0.0,0.0,0.0,0,0,0.0,False
dense_er_200_p15,1,200,3016,30.16,mean_deg,30.16,none,greedy,0.0,ideal,zero,3,graph,50.0,50.0,0,0,0,0.0007708072662353516,0.0,0,1811.0,1811.0,1811.0,0.0,0.0,,timeout,0.0,0,0.0,0,0.0,0.0,0.0,0.0,0,0,0.0,False
dense_er_200_p15,1,200,3016,30.16,mean_deg,30.16,none,greedy,0.0,ideal,zero,4,graph,50.0,50.0,0,0,0,0.0007007122039794922,0.0,0,1830.0,1830.0,1830.0,0.0,0.0,,timeout,0.0,0,0.0,0,0.0,0.0,0.0,0.0,0,0,0.0,False
dense_er_200_p15,1,200,3016,30.16,mean_deg,30.16,none,greedy,0.0,ideal,zero,5,graph,50.0,50.0,0,0,0,0.0007472038269042969,0.0,0,1832.0,1832.0,1832.0,0.0,0.0,,timeout,0.0,0,0.0,0,0.0,0.0,0.0,0.0,0,0,0.0,False
dense_er_200_p15,1,200,3016,30.16,mean_deg,30.16,none,greedy,0.0,ideal,zero,6,graph,50.0,50.0,0,0,0,0.0009222030639648438,0.0,0,1838.0,1838.0,1838.0,0.0,0.0,,timeout,0.0,0,0.0,0,0.0,0.0,0.0,0.0,0,0,0.0,False
dense_er_200_p15,1,200,3016,30.16,mean_deg,30.16,none,greedy,0.0,ideal,zero,7,graph,50.0,50.0,0,0,0,0.0008490085601806641,0.0,0,1833.0,1833.0,1833.0,0.0,0.0,,timeout,0.0,0,0.0,0,0.0,0.0,0.0,0.0,0,0,0.0,False
dense_er_200_p15,1,200,3016,30.16,mean_deg,30.16,none,greedy,0.0,ideal,zero,8,graph,50.0,50.0,0,0,0,0.0008792877197265625,0.0,0,1853.0,1853.0,1853.0,0.0,0.0,,timeout,0.0,0,0.0,0,0.0,0.0,0.0,0.0,0,0,0.0,False
dense_er_200_p15,1,200,3016,30.16,mean_deg,30.16,none,greedy,0.0,ideal,zero,9,graph,50.0,50.0,0,0,0,0.0009150505065917969,0.0,0,1844.0,1844.0,1844.0,0.0,0.0,,timeout,0.0,0,0.0,0,0.0,0.0,0.0,0.0,0,0,0.0,False
dense_er_200_p15,1,200,3016,30.16,mean_deg,30.16,none,static_projected,0.0,ideal,zero,0,graph,50.0,50.0,0,1,2966,4.279067516326904,0.038869380950927734,1,1871.0,1875.0,1886.0,0.0,0.0,,timeout,0.0,3016,30.16,42,27.368858132485713,30.160000000000434,4.334310688136611e-13,0.0,0,0,0.0,False
dense_er_200_p15,1,200,3016,30.16,mean_deg,30.16,none,static_projected,0.0,ideal,zero,1,graph,50.0,50.0,0,1,2846,1.333629846572876,0.028232574462890625,1,1854.0,1861.0,1874.0,0.0,0.0,,timeout,0.0,3016,30.16,42,27.368858132485713,30.160000000000434,4.334310688136611e-13,0.0,0,0,0.0,False
dense_er_200_p15,1,200,3016,30.16,mean_deg,30.16,none,static_projected,0.0,ideal,zero,2,graph,50.0,50.0,0,1,3110,1.4962196350097656,0.028844594955444336,1,1862.0,1871.0,1882.0,0.0,0.0,,timeout,0.0,3016,30.16,42,27.368858132485713,30.160000000000434,4.334310688136611e-13,0.0,0,0,0.0,False
dense_er_200_p15,1,200,3016,30.16,mean_deg,30.16,none,static_projected,0.0,ideal,zero,3,graph,50.0,50.0,0,1,2678,1.3588306903839111,0.04014444351196289,1,1857.0,1868.0,1886.0,0.0,0.0,,timeout,0.0,3016,30.16,42,27.368858132485713,30.160000000000434,4.334310688136611e-13,0.0,0,0,0.0,False
dense_er_200_p15,1,200,3016,30.16,mean_deg,30.16,none,static_projected,0.0,ideal,zero,4,graph,50.0,50.0,0,1,2774,1.5568046569824219,0.0371246337890625,1,1868.0,1873.0,1889.0,0.0,0.0,,timeout,0.0,3016,30.16,42,27.368858132485713,30.160000000000434,4.334310688136611e-13,0.0,0,0,0.0,False
dense_er_200_p15,1,200,3016,30.16,mean_deg,30.16,none,static_projected,0.0,ideal,zero,5,graph,50.0,50.0,0,1,2726,1.4600510597229004,0.04033517837524414,1,1860.0,1872.0,1884.0,0.0,0.0,,timeout,0.0,3016,30.16,42,27.368858132485713,30.160000000000434,4.334310688136611e-13,0.0,0,0,0.0,False
dense_er_200_p15,1,200,3016,30.16,mean_deg,30.16,none,static_projected,0.0,ideal,zero,6,graph,50.0,50.0,0,1,3278,1.6559474468231201,0.04026675224304199,1,1823.0,1879.0,1884.0,0.0,0.0,,timeout,0.0,3016,30.16,42,27.368858132485713,30.160000000000434,4.334310688136611e-13,0.0,0,0,0.0,False
dense_er_200_p15,1,200,3016,30.16,mean_deg,30.16,none,static_projected,0.0,ideal,zero,7,graph,50.0,50.0,0,1,2954,1.519197940826416,0.035280704498291016,1,1845.0,1873.0,1886.0,0.0,0.0,,timeout,0.0,3016,30.16,42,27.368858132485713,30.160000000000434,4.334310688136611e-13,0.0,0,0,0.0,False
dense_er_200_p15,1,200,3016,30.16,mean_deg,30.16,none,static_projected,0.0,ideal,zero,8,graph,50.0,50.0,0,1,3134,1.585087537765503,0.03926444053649902,1,1876.0,1876.0,1887.0,0.0,0.0,,timeout,0.0,3016,30.16,42,27.368858132485713,30.160000000000434,4.334310688136611e-13,0.0,0,0,0.0,False
dense_er_200_p15,1,200,3016,30.16,mean_deg,30.16,none,static_projected,0.0,ideal,zero,9,graph,50.0,50.0,0,1,3242,1.6845874786376953,0.03074789047241211,1,1836.0,1883.0,1890.0,0.0,0.0,,timeout,0.0,3016,30.16,42,27.368858132485713,30.160000000000434,4.334310688136611e-13,0.0,0,0,0.0,False
dense_er_200_p15,1,200,3016,30.16,mean_deg,30.16,none,static_budgeted,0.0,ideal,zero,0,graph,50.0,50.0,0,1,2786,1.4287974834442139,0.03080296516418457,1,1858.0,1877.0,1888.0,0.0,0.0,,timeout,0.0,3001,30.01,42,27.397096645155827,30.160000000000004,3.552713678800501e-15,0.0,0,0,0.0,False
dense_er_200_p15,1,200,3016,30.16,mean_deg,30.16,none,static_budgeted,0.0,ideal,zero,1,graph,50.0,50.0,0,1,2954,1.488584041595459,0.041997671127319336,1,1833.0,1875.0,1886.0,0.0,0.0,,timeout,0.0,3002,30.02,42,27.38771159788099,30.16,0.0,0.0,0,0,0.0,False
dense_er_200_p15,1,200,3016,30.16,mean_deg,30.16,none,static_budgeted,0.0,ideal,zero,2,graph,50.0,50.0,0,1,2894,1.5089199542999268,0.040294647216796875,1,1853.0,1878.0,1884.0,0.0,0.0,,timeout,0.0,2996,29.96,42,27.425396306107082,30.160000000000252,2.5224267119483557e-13,0.0,0,0,0.0,False
dense_er_200_p15,1,200,3016,30.16,mean_deg,30.16,none,static_budgeted,0.0,ideal,zero,3,graph,50.0,50.0,0,1,2570,1.300971508026123,0.03801107406616211,1,1880.0,1880.0,1890.0,0.0,0.0,,timeout,0.0,2998,29.98,42,27.39590678073117,30.160000000000004,3.552713678800501e-15,0.0,0,0,0.0,False
dense_er_200_p15,1,200,3016,30.16,mean_deg,30.16,none,static_budgeted,0.0,ideal,zero,4,graph,50.0,50.0,0,1,2810,1.4264342784881592,0.027962923049926758,1,1872.0,1876.0,1883.0,0.0,0.0,,timeout,0.0,3005,30.05,41,27.400048901226874,30.16000000000045,4.511946372076636e-13,0.0,0,0,0.0,False
dense_er_200_p15,1,200,3016,30.16,mean_deg,30.16,none,static_budgeted,0.0,ideal,zero,5,graph,50.0,50.0,0,1,2762,1.3705852031707764,0.039504051208496094,1,1854.0,1869.0,1887.0,0.0,0.0,,timeout,0.0,3007,30.07,42,27.38679964360692,30.16000000000026,2.5934809855243657e-13,0.0,0,0,0.0,False
dense_er_200_p15,1,200,3016,30.16,mean_deg,30.16,none,static_budgeted,0.0,ideal,zero,6,graph,50.0,50.0,0,1,3146,1.690742015838623,0.027016401290893555,1,1866.0,1878.0,1884.0,0.0,0.0,,timeout,0.0,3004,30.04,42,27.39438838955587,30.160000000000426,4.263256414560601e-13,0.0,0,0,0.0,False
dense_er_200_p15,1,200,3016,30.16,mean_deg,30.16,none,static_budgeted,0.0,ideal,zero,7,graph,50.0,50.0,0,1,3350,1.6865041255950928,0.0310666561126709,1,1864.0,1870.0,1878.0,0.0,0.0,,timeout,0.0,2999,29.99,41,27.39209267641336,30.160000000000004,3.552713678800501e-15,0.0,0,0,0.0,False
dense_er_200_p15,1,200,3016,30.16,mean_deg,30.16,none,static_budgeted,0.0,ideal,zero,8,graph,50.0,50.0,0,1,3050,1.4939723014831543,0.034848690032958984,1,1874.0,1874.0,1883.0,0.0,0.0,,timeout,0.0,3004,30.04,42,27.394807935771816,30.160000000000345,3.446132268436486e-13,0.0,0,0,0.0,False
dense_er_200_p15,1,200,3016,30.16,mean_deg,30.16,none,static_budgeted,0.0,ideal,zero,9,graph,50.0,50.0,0,1,2810,1.444361686706543,0.03474569320678711,1,1851.0,1882.0,1888.0,0.0,0.0,,timeout,0.0,3002,30.02,42,27.410888126792262,30.16000000000043,4.298783551348606e-13,0.0,0,0,0.0,False
dense_er_200_p15,1,200,3016,30.16,mean_deg,30.16,none,random_budgeted,0.0,ideal,zero,0,graph,50.0,50.0,0,1,1934,3.7481529712677,0.00274658203125,1,1843.0,1856.0,1878.0,0.0,0.0,,timeout,0.0,3016,30.16,42,15.100861905228035,21.986847903907215,-8.173152096092785,0.0,0,0,0.0,False
dense_er_200_p15,1,200,3016,30.16,mean_deg,30.16,none,random_budgeted,0.0,ideal,zero,1,graph,50.0,50.0,0,1,2102,0.9881887435913086,0.0031871795654296875,1,1812.0,1850.0,1876.0,0.0,0.0,,timeout,0.0,3016,30.16,42,14.90847751905631,22.280308204292567,-7.8796917957074335,0.0,0,0,0.0,False
dense_er_200_p15,1,200,3016,30.16,mean_deg,30.16,none,random_budgeted,0.0,ideal,zero,2,graph,50.0,50.0,0,1,1946,0.9560689926147461,0.003795146942138672,1,1794.0,1872.0,1879.0,0.0,0.0,,timeout,0.0,3016,30.16,42,14.973975900878695,21.91354305659288,-8.246456943407122,0.0,0,0,0.0,False
dense_er_200_p15,1,200,3016,30.16,mean_deg,30.16,none,random_budgeted,0.0,ideal,zero,3,graph,50.0,50.0,0,1,1922,0.9306628704071045,0.0019338130950927734,1,1824.0,1847.0,1878.0,0.0,0.0,,timeout,0.0,3016,30.16,42,15.093947981018882,22.225786142845116,-7.934213857154884,0.0,0,0,0.0,False
dense_er_200_p15,1,200,3016,30.16,mean_deg,30.16,none,random_budgeted,0.0,ideal,zero,4,graph,50.0,50.0,0,1,1970,0.9818809032440186,0.002624988555908203,1,1832.0,1854.0,1871.0,0.0,0.0,,timeout,0.0,3016,30.16,42,15.031836971911286,23.206348831369638,-6.953651168630362,0.0,0,0,0.0,False
dense_er_200_p15,1,200,3016,30.16,mean_deg,30.16,none,random_budgeted,0.0,ideal,zero,5,graph,50.0,50.0,0,1,1862,0.899369478225708,0.0031011104583740234,1,1829.0,1846.0,1867.0,0.0,0.0,,timeout,0.0,3016,30.16,42,15.046901941829546,21.724764833811484,-8.435235166188516,0.0,0,0,0.0,False
dense_er_200_p15,1,200,3016,30.16,mean_deg,30.16,none,random_budgeted,0.0,ideal,zero,6,graph,50.0,50.0,0,1,2150,1.0666487216949463,0.002763986587524414,1,1849.0,1862.0,1876.0,0.0,0.0,,timeout,0.0,3016,30.16,42,15.002150066929522,24.631224015157606,-5.528775984842394,0.0,0,0,0.0,False
dense_er_200_p15,1,200,3016,30.16,mean_deg,30.16,none,random_budgeted,0.0,ideal,zero,7,graph,50.0,50.0,0,1,2030,0.9806137084960938,0.0025730133056640625,1,1827.0,1828.0,1845.0,0.0,0.0,,timeout,0.0,3016,30.16,42,15.217824597111044,24.78349169409558,-5.376508305904419,0.0,0,0,0.0,False
dense_er_200_p15,1,200,3016,30.16,mean_deg,30.16,none,random_budgeted,0.0,ideal,zero,8,graph,50.0,50.0,0,1,1898,0.9568226337432861,0.0018842220306396484,1,1825.0,1835.0,1878.0,0.0,0.0,,timeout,0.0,3016,30.16,42,15.21464066053419,22.491499015641537,-7.668500984358463,0.0,0,0,0.0,False
dense_er_200_p15,1,200,3016,30.16,mean_deg,30.16,none,random_budgeted,0.0,ideal,zero,9,graph,50.0,50.0,0,1,1946,0.9883050918579102,0.002015352249145508,1,1826.0,1846.0,1876.0,0.0,0.0,,timeout,0.0,3016,30.16,42,15.007228114221402,22.72982368284777,-7.430176317152231,0.0,0,0,0.0,False
dense_er_200_p15,1,200,3016,30.16,mean_deg,30.16,none,learned_support_random_weights,0.0,ideal,zero,0,hebbian_seed0,50.0,50.0,0,1,2078,0.7502310276031494,0.0019893646240234375,1,1805.0,1805.0,1845.0,0.0,0.0,,timeout,0.0,1805,18.05,28,9.121178668112599,14.528647100859745,-15.631352899140255,0.0,0,0,0.0,False
dense_er_200_p15,1,200,3016,30.16,mean_deg,30.16,none,learned_support_random_weights,0.0,ideal,zero,1,hebbian_seed0,50.0,50.0,0,1,2030,0.7716643810272217,0.0024404525756835938,1,1805.0,1805.0,1845.0,0.0,0.0,,timeout,0.0,1805,18.05,28,8.947302660225324,14.508360907500915,-15.651639092499085,0.0,0,0,0.0,False
dense_er_200_p15,1,200,3016,30.16,mean_deg,30.16,none,learned_support_random_weights,0.0,ideal,zero,2,hebbian_seed0,50.0,50.0,0,1,2066,0.8085758686065674,0.0023789405822753906,1,1805.0,1805.0,1845.0,0.0,0.0,,timeout,0.0,1805,18.05,28,8.948450557407119,14.779394008259214,-15.380605991740786,0.0,0,0,0.0,False
dense_er_200_p15,1,200,3016,30.16,mean_deg,30.16,none,learned_support_random_weights,0.0,ideal,zero,3,hebbian_seed0,50.0,50.0,0,1,2138,0.8680975437164307,0.003013134002685547,1,1805.0,1805.0,1845.0,0.0,0.0,,timeout,0.0,1805,18.05,28,9.033071395221882,14.524906295700669,-15.635093704299331,0.0,0,0,0.0,False
dense_er_200_p15,1,200,3016,30.16,mean_deg,30.16,none,learned_support_random_weights,0.0,ideal,zero,4,hebbian_seed0,50.0,50.0,0,1,2162,0.8122406005859375,0.0023508071899414062,1,1805.0,1805.0,1845.0,0.0,0.0,,timeout,0.0,1805,18.05,28,9.094849229723815,15.695447133892387,-14.464552866107613,0.0,0,0,0.0,False
dense_er_200_p15,1,200,3016,30.16,mean_deg,30.16,none,learned_support_random_weights,0.0,ideal,zero,5,hebbian_seed0,50.0,50.0,0,1,2042,0.8112545013427734,0.002284526824951172,1,1805.0,1805.0,1845.0,0.0,0.0,,timeout,0.0,1805,18.05,28,8.962976523990955,14.07981684720733,-16.08018315279267,0.0,0,0,0.0,False
dense_er_200_p15,1,200,3016,30.16,mean_deg,30.16,none,learned_support_random_weights,0.0,ideal,zero,6,hebbian_seed0,50.0,50.0,0,1,2054,0.753692626953125,0.0032753944396972656,1,1805.0,1805.0,1845.0,0.0,0.0,,timeout,0.0,1805,18.05,28,9.025723254718033,14.60527881465583,-15.554721185344171,0.0,0,0,0.0,False
dense_er_200_p15,1,200,3016,30.16,mean_deg,30.16,none,learned_support_random_weights,0.0,ideal,zero,7,hebbian_seed0,50.0,50.0,0,1,2054,0.8201525211334229,0.0032281875610351562,1,1805.0,1805.0,1845.0,0.0,0.0,,timeout,0.0,1805,18.05,28,9.076013324028121,15.846014299196616,-14.313985700803384,0.0,0,0,0.0,False
dense_er_200_p15,1,200,3016,30.16,mean_deg,30.16,none,learned_support_random_weights,0.0,ideal,zero,8,hebbian_seed0,50.0,50.0,0,1,2066,0.7822816371917725,0.0030176639556884766,1,1805.0,1805.0,1845.0,0.0,0.0,,timeout,0.0,1805,18.05,28,9.01262104458494,14.690544227241404,-15.469455772758597,0.0,0,0,0.0,False
dense_er_200_p15,1,200,3016,30.16,mean_deg,30.16,none,learned_support_random_weights,0.0,ideal,zero,9,hebbian_seed0,50.0,50.0,0,1,2018,0.7116448879241943,0.002042055130004883,1,1805.0,1805.0,1845.0,0.0,0.0,,timeout,0.0,1805,18.05,28,8.945762439268321,14.344208795303638,-15.815791204696362,0.0,0,0,0.0,False
dense_er_200_p15,1,200,3016,30.16,mean_deg,30.16,none,topology_scrambled,0.0,ideal,zero,0,graph,50.0,50.0,100,101,9224,10.858359813690186,7.149517297744751,101,1623.0,1623.0,1840.0,0.0,0.0,,timeout,0.0,1677,16.77,25,29.858399999999918,30.160000000000007,7.105427357601002e-15,0.0,0,0,-2695.8998015525976,False
dense_er_200_p15,1,200,3016,30.16,mean_deg,30.16,none,topology_scrambled,0.0,ideal,zero,1,graph,50.0,50.0,100,101,9068,10.75056529045105,7.047351121902466,101,1625.0,1625.0,1861.0,0.0,0.0,,timeout,0.0,1641,16.41,25,29.556800000000003,30.160000000000007,7.105427357601002e-15,0.0,0,0,-2667.8370323153863,False
dense_er_200_p15,1,200,3016,30.16,mean_deg,30.16,none,topology_scrambled,0.0,ideal,zero,2,graph,50.0,50.0,100,101,8960,5.438149452209473,1.8092405796051025,101,1638.0,1638.0,1850.0,0.0,0.0,,timeout,0.0,1618,16.18,28,28.350400000000203,30.16000000000073,7.283063041541027e-13,0.0,0,0,-2567.865253541359,False
dense_er_200_p15,1,200,3016,30.16,mean_deg,30.16,none,topology_scrambled,0.0,ideal,zero,3,graph,50.0,50.0,100,101,8948,9.287364482879639,5.4643120765686035,101,1550.0,1550.0,1815.0,0.0,0.0,,timeout,0.0,1658,16.58,28,29.556799999991746,30.160000000000004,3.552713678800501e-15,0.0,0,0,-2667.4219264285357,False
dense_er_200_p15,1,200,3016,30.16,mean_deg,30.16,none,topology_scrambled,0.0,ideal,zero,4,graph,50.0,50.0,100,101,9284,14.619044780731201,7.969057083129883,101,1606.0,1606.0,1877.0,0.0,0.0,,timeout,0.0,1626,16.26,25,29.858399999999996,30.160000000000007,7.105427357601002e-15,0.0,0,0,-2683.646373036173,False
dense_er_200_p15,1,200,3016,30.16,mean_deg,30.16,none,topology_scrambled,0.0,ideal,zero,5,graph,50.0,50.0,100,101,8972,7.547834873199463,3.960153818130493,101,1602.0,1602.0,1837.0,0.0,0.0,,timeout,0.0,1626,16.26,24,29.556800000000003,30.160000000000007,7.105427357601002e-15,0.0,0,0,-2666.789580637781,False
dense_er_200_p15,1,200,3016,30.16,mean_deg,30.16,none,topology_scrambled,0.0,ideal,zero,6,graph,50.0,50.0,100,101,9056,12.233606576919556,8.564910888671875,101,1593.0,1593.0,1824.0,0.0,0.0,,timeout,0.0,1589,15.89,28,30.159999999999528,30.16,0.0,0.0,0,0,-2697.329973066653,False
dense_er_200_p15,1,200,3016,30.16,mean_deg,30.16,none,topology_scrambled,0.0,ideal,zero,7,graph,50.0,50.0,100,101,8972,18.646780729293823,15.073954582214355,101,1575.0,1575.0,1835.0,0.0,0.0,,timeout,0.0,1649,16.49,28,30.159999999999783,30.160000000000217,2.1671553440683056e-13,0.0,0,0,-2710.074174366735,False
dense_er_200_p15,1,200,3016,30.16,mean_deg,30.16,none,topology_scrambled,0.0,ideal,zero,8,graph,50.0,50.0,100,101,8936,7.273750305175781,3.649472236633301,101,1561.0,1561.0,1850.0,0.0,0.0,,timeout,0.0,1649,16.49,25,29.2552,30.160000000000004,3.552713678800501e-15,0.0,0,0,-2645.873828477842,False
dense_er_200_p15,1,200,3016,30.16,mean_deg,30.16,none,topology_scrambled,0.0,ideal,zero,9,graph,50.0,50.0,100,101,9008,18.354541063308716,11.886012315750122,101,1575.0,1575.0,1825.0,0.0,0.0,,timeout,0.0,1661,16.61,25,30.16000000000005,30.160000000000164,1.6342482922482304e-13,0.0,0,0,-2710.7217227078145,False
dense_er_200_p15,1,200,3016,30.16,mean_deg,30.16,sinkhorn,hebbian_sinkhorn,0.0,ideal,zero,0,graph,50.0,50.0,100,100,9032,4.047470808029175,0.0,0,1793.0,1793.0,1838.0,0.0,0.0,,timeout,0.0,1793,17.93,28,28.918978514124955,30.160000000000004,3.552713678800501e-15,0.0,0,0,-2644.1126959732946,False
dense_er_200_p15,1,200,3016,30.16,mean_deg,30.16,sinkhorn,hebbian_sinkhorn,0.0,ideal,zero,1,graph,50.0,50.0,100,100,9260,4.103909730911255,0.0,0,1801.0,1801.0,1851.0,0.0,0.0,,timeout,0.0,1801,18.01,27,29.61849748525398,30.160000000000004,3.552713678800501e-15,0.0,0,0,-2703.655310434239,False
dense_er_200_p15,1,200,3016,30.16,mean_deg,30.16,sinkhorn,hebbian_sinkhorn,0.0,ideal,zero,2,graph,50.0,50.0,100,100,8960,4.245650291442871,0.0,0,1807.0,1807.0,1848.0,0.0,0.0,,timeout,0.0,1807,18.07,26,29.14695212698683,30.160000000000007,7.105427357601002e-15,0.0,0,0,-2663.3643230980756,False
dense_er_200_p15,1,200,3016,30.16,mean_deg,30.16,sinkhorn,hebbian_sinkhorn,0.0,ideal,zero,3,graph,50.0,50.0,100,100,8924,3.9650988578796387,0.0,0,1782.0,1782.0,1801.0,0.0,0.0,,timeout,0.0,1782,17.82,28,29.366592288095998,30.160000000000007,7.105427357601002e-15,0.0,0,0,-2679.243874574973,False
dense_er_200_p15,1,200,3016,30.16,mean_deg,30.16,sinkhorn,hebbian_sinkhorn,0.0,ideal,zero,4,graph,50.0,50.0,100,100,8744,4.2243335247039795,0.0,0,1786.0,1786.0,1814.0,0.0,0.0,,timeout,0.0,1786,17.86,27,29.514814198972793,30.160000000000007,7.105427357601002e-15,0.0,0,0,-2690.5739649994166,False
dense_er_200_p15,1,200,3016,30.16,mean_deg,30.16,sinkhorn,hebbian_sinkhorn,0.0,ideal,zero,5,graph,50.0,50.0,100,100,9020,3.910494565963745,0.0,0,1773.0,1773.0,1862.0,0.0,0.0,,timeout,0.0,1773,17.73,26,29.550764665622363,30.160000000000004,3.552713678800501e-15,0.0,0,0,-2691.7352218901847,False
dense_er_200_p15,1,200,3016,30.16,mean_deg,30.16,sinkhorn,hebbian_sinkhorn,0.0,ideal,zero,6,graph,50.0,50.0,100,100,8600,3.9265801906585693,0.0,0,1792.0,1792.0,1840.0,0.0,0.0,,timeout,0.0,1792,17.92,29,29.530240177432084,30.160000000000004,3.552713678800501e-15,0.0,0,0,-2695.4899360746454,False
dense_er_200_p15,1,200,3016,30.16,mean_deg,30.16,sinkhorn,hebbian_sinkhorn,0.0,ideal,zero,7,graph,50.0,50.0,100,100,8900,7.106465578079224,0.0,0,1794.0,1794.0,1836.0,0.0,0.0,,timeout,0.0,1794,17.94,26,29.544087630018172,30.160000000000004,3.552713678800501e-15,0.0,0,0,-2695.9071497498026,False
dense_er_200_p15,1,200,3016,30.16,mean_deg,30.16,sinkhorn,hebbian_sinkhorn,0.0,ideal,zero,8,graph,50.0,50.0,100,100,8504,4.059676170349121,0.0,0,1795.0,1795.0,1827.0,0.0,0.0,,timeout,0.0,1795,17.95,27,29.496213712924558,30.160000000000004,3.552713678800501e-15,0.0,0,0,-2690.714139642152,False
dense_er_200_p15,1,200,3016,30.16,mean_deg,30.16,sinkhorn,hebbian_sinkhorn,0.0,ideal,zero,9,graph,50.0,50.0,100,100,8900,3.979074716567993,0.0,0,1780.0,1780.0,1816.0,0.0,0.0,,timeout,0.0,1780,17.8,27,29.37337419929493,30.160000000000007,7.105427357601002e-15,0.0,0,0,-2680.3292180741164,False
dense_er_200_p15,1,200,3016,30.16,mean_deg,30.16,sinkhorn,hybrid_sinkhorn,0.0,ideal,zero,0,graph,50.0,50.0,100,100,14530,6.063201904296875,0.0,0,1793.0,1793.0,1838.0,0.0,0.0,,timeout,0.0,1793,17.93,28,28.918978514124955,30.160000000000004,3.552713678800501e-15,0.0,0,0,-2644.1126959732946,False
dense_er_200_p15,1,200,3016,30.16,mean_deg,30.16,sinkhorn,hybrid_sinkhorn,0.0,ideal,zero,1,graph,50.0,50.0,100,100,14866,6.17094874382019,0.0,0,1801.0,1801.0,1851.0,0.0,0.0,,timeout,0.0,1801,18.01,27,29.61849748525398,30.160000000000004,3.552713678800501e-15,0.0,0,0,-2703.655310434239,False
dense_er_200_p15,1,200,3016,30.16,mean_deg,30.16,sinkhorn,hybrid_sinkhorn,0.0,ideal,zero,2,graph,50.0,50.0,100,100,14494,10.912642478942871,0.0,0,1807.0,1807.0,1848.0,0.0,0.0,,timeout,0.0,1807,18.07,26,29.14695212698683,30.160000000000007,7.105427357601002e-15,0.0,0,0,-2663.3643230980756,False
dense_er_200_p15,1,200,3016,30.16,mean_deg,30.16,sinkhorn,hybrid_sinkhorn,0.0,ideal,zero,3,graph,50.0,50.0,100,100,14494,7.34350061416626,0.0,0,1782.0,1782.0,1801.0,0.0,0.0,,timeout,0.0,1782,17.82,28,29.366592288095998,30.160000000000007,7.105427357601002e-15,0.0,0,0,-2679.243874574973,False
dense_er_200_p15,1,200,3016,30.16,mean_deg,30.16,sinkhorn,hybrid_sinkhorn,0.0,ideal,zero,4,graph,50.0,50.0,100,100,14338,6.0654308795928955,0.0,0,1786.0,1786.0,1814.0,0.0,0.0,,timeout,0.0,1786,17.86,27,29.514814198972793,30.160000000000007,7.105427357601002e-15,0.0,0,0,-2690.5739649994166,False
dense_er_200_p15,1,200,3016,30.16,mean_deg,30.16,sinkhorn,hybrid_sinkhorn,0.0,ideal,zero,5,graph,50.0,50.0,100,100,14650,6.045701503753662,0.0,0,1773.0,1773.0,1862.0,0.0,0.0,,timeout,0.0,1773,17.73,26,29.550764665622363,30.160000000000004,3.552713678800501e-15,0.0,0,0,-2691.7352218901847,False
dense_er_200_p15,1,200,3016,30.16,mean_deg,30.16,sinkhorn,hybrid_sinkhorn,0.0,ideal,zero,6,graph,50.0,50.0,100,100,14194,5.62165641784668,0.0,0,1792.0,1792.0,1840.0,0.0,0.0,,timeout,0.0,1792,17.92,29,29.530240177432084,30.160000000000004,3.552713678800501e-15,0.0,0,0,-2695.4899360746454,False
dense_er_200_p15,1,200,3016,30.16,mean_deg,30.16,sinkhorn,hybrid_sinkhorn,0.0,ideal,zero,7,graph,50.0,50.0,100,100,14494,8.773260354995728,0.0,0,1794.0,1794.0,1836.0,0.0,0.0,,timeout,0.0,1794,17.94,26,29.544087630018172,30.160000000000004,3.552713678800501e-15,0.0,0,0,-2695.9071497498026,False
dense_er_200_p15,1,200,3016,30.16,mean_deg,30.16,sinkhorn,hybrid_sinkhorn,0.0,ideal,zero,8,graph,50.0,50.0,100,100,14098,5.735080242156982,0.0,0,1795.0,1795.0,1827.0,0.0,0.0,,timeout,0.0,1795,17.95,27,29.496213712924558,30.160000000000004,3.552713678800501e-15,0.0,0,0,-2690.714139642152,False
dense_er_200_p15,1,200,3016,30.16,mean_deg,30.16,sinkhorn,hybrid_sinkhorn,0.0,ideal,zero,9,graph,50.0,50.0,100,100,14494,5.8040807247161865,0.0,0,1780.0,1780.0,1816.0,0.0,0.0,,timeout,0.0,1780,17.8,27,29.37337419929493,30.160000000000007,7.105427357601002e-15,0.0,0,0,-2680.3292180741164,False
dense_er_200_p15,1,200,3016,30.16,mean_deg,30.16,frobenius,hebbian_frobenius,0.0,ideal,zero,0,graph,50.0,50.0,100,101,9332,5.9839699268341064,2.6450252532958984,101,1793.0,1793.0,1843.0,0.0,0.0,,timeout,0.0,1793,17.93,27,29.255200000000006,30.160000000000025,2.4868995751603507e-14,0.0,0,0,-2674.6225976842984,False
dense_er_200_p15,1,200,3016,30.16,mean_deg,30.16,frobenius,hebbian_frobenius,0.0,ideal,zero,1,graph,50.0,50.0,100,101,9080,8.564172267913818,5.262683153152466,101,1801.0,1801.0,1851.0,0.0,0.0,,timeout,0.0,1801,18.01,27,30.1599999999995,30.160000000000004,3.552713678800501e-15,0.0,0,0,-2744.534187295574,False
dense_er_200_p15,1,200,3016,30.16,mean_deg,30.16,frobenius,hebbian_frobenius,0.0,ideal,zero,2,graph,50.0,50.0,100,101,9128,11.130425930023193,4.733346462249756,101,1806.0,1806.0,1848.0,0.0,0.0,,timeout,0.0,1806,18.06,26,29.556800000000003,30.160000000000007,7.105427357601002e-15,0.0,0,0,-2698.2877763731717,False
dense_er_200_p15,1,200,3016,30.16,mean_deg,30.16,frobenius,hebbian_frobenius,0.0,ideal,zero,3,graph,50.0,50.0,100,101,9236,12.60338544845581,9.110175371170044,101,1780.0,1780.0,1836.0,0.0,0.0,,timeout,0.0,1780,17.8,28,29.85840000000009,30.160000000000284,2.8421709430404007e-13,0.0,0,0,-2718.6546411253794,False
dense_er_200_p15,1,200,3016,30.16,mean_deg,30.16,frobenius,hebbian_frobenius,0.0,ideal,zero,4,graph,50.0,50.0,100,101,9308,14.77148175239563,8.346543312072754,101,1790.0,1790.0,1806.0,0.0,0.0,,timeout,0.0,1790,17.9,27,29.858400000000003,30.160000000000025,2.4868995751603507e-14,0.0,0,0,-2720.4009229196563,False
dense_er_200_p15,1,200,3016,30.16,mean_deg,30.16,frobenius,hebbian_frobenius,0.0,ideal,zero,5,graph,50.0,50.0,100,101,9116,18.396977424621582,14.997084379196167,101,1780.0,1780.0,1853.0,0.0,0.0,,timeout,0.0,1780,17.8,26,30.159999999999656,30.160000000000007,7.105427357601002e-15,0.0,0,0,-2737.3798870619594,False
dense_er_200_p15,1,200,3016,30.16,mean_deg,30.16,frobenius,hebbian_frobenius,0.0,ideal,zero,6,graph,50.0,50.0,100,101,9284,12.382761716842651,7.192963123321533,101,1792.0,1792.0,1840.0,0.0,0.0,,timeout,0.0,1792,17.92,29,29.858399999997992,30.160000000000007,7.105427357601002e-15,0.0,0,0,-2722.0043062492027,False
dense_er_200_p15,1,200,3016,30.16,mean_deg,30.16,frobenius,hebbian_frobenius,0.0,ideal,zero,7,graph,50.0,50.0,100,101,9248,10.83213472366333,7.430969476699829,101,1796.0,1796.0,1836.0,0.0,0.0,,timeout,0.0,1796,17.96,25,29.85839999999674,30.160000000000004,3.552713678800501e-15,0.0,0,0,-2721.6758296830712,False
dense_er_200_p15,1,200,3016,30.16,mean_deg,30.16,frobenius,hebbian_frobenius,0.0,ideal,zero,8,graph,50.0,50.0,100,101,9152,12.330397367477417,8.787158012390137,101,1795.0,1795.0,1827.0,0.0,0.0,,timeout,0.0,1795,17.95,27,29.858399999987363,30.160000000000007,7.105427357601002e-15,0.0,0,0,-2719.8792706644876,False
dense_er_200_p15,1,200,3016,30.16,mean_deg,30.16,frobenius,hebbian_frobenius,0.0,ideal,zero,9,graph,50.0,50.0,100,101,9092,19.965211391448975,16.66001033782959,101,1785.0,1785.0,1817.0,0.0,0.0,,timeout,0.0,1785,17.85,26,30.159999999999826,30.16000000000009,8.881784197001252e-14,0.0,0,0,-2739.5732846721958,False
dense_er_200_p15,1,200,3016,30.16,mean_deg,30.16,frobenius,hybrid_frobenius,0.0,ideal,zero,0,graph,50.0,50.0,100,101,14938,8.096296072006226,2.671973943710327,101,1793.0,1793.0,1843.0,0.0,0.0,,timeout,0.0,1793,17.93,27,29.255200000000006,30.160000000000025,2.4868995751603507e-14,0.0,0,0,-2674.6225976842984,False
dense_er_200_p15,1,200,3016,30.16,mean_deg,30.16,frobenius,hybrid_frobenius,0.0,ideal,zero,1,graph,50.0,50.0,100,101,14818,10.453685283660889,5.082421064376831,101,1801.0,1801.0,1851.0,0.0,0.0,,timeout,0.0,1801,18.01,27,30.1599999999995,30.160000000000004,3.552713678800501e-15,0.0,0,0,-2744.534187295574,False
dense_er_200_p15,1,200,3016,30.16,mean_deg,30.16,frobenius,hybrid_frobenius,0.0,ideal,zero,2,graph,50.0,50.0,100,101,14746,13.192496538162231,7.735095500946045,101,1806.0,1806.0,1848.0,0.0,0.0,,timeout,0.0,1806,18.06,26,29.556800000000003,30.160000000000007,7.105427357601002e-15,0.0,0,0,-2698.2877763731717,False
dense_er_200_p15,1,200,3016,30.16,mean_deg,30.16,frobenius,hybrid_frobenius,0.0,ideal,zero,3,graph,50.0,50.0,100,101,14902,15.076178312301636,9.465596199035645,101,1780.0,1780.0,1836.0,0.0,0.0,,timeout,0.0,1780,17.8,28,29.85840000000009,30.160000000000284,2.8421709430404007e-13,0.0,0,0,-2718.6546411253794,False
dense_er_200_p15,1,200,3016,30.16,mean_deg,30.16,frobenius,hybrid_frobenius,0.0,ideal,zero,4,graph,50.0,50.0,100,101,14962,16.647188901901245,11.116666316986084,101,1790.0,1790.0,1806.0,0.0,0.0,,timeout,0.0,1790,17.9,27,29.858400000000003,30.160000000000025,2.4868995751603507e-14,0.0,0,0,-2720.4009229196563,False
dense_er_200_p15,1,200,3016,30.16,mean_deg,30.16,frobenius,hybrid_frobenius,0.0,ideal,zero,5,graph,50.0,50.0,100,101,14830,20.17920708656311,14.839732646942139,101,1780.0,1780.0,1853.0,0.0,0.0,,timeout,0.0,1780,17.8,26,30.159999999999656,30.160000000000007,7.105427357601002e-15,0.0,0,0,-2737.3798870619594,False
dense_er_200_p15,1,200,3016,30.16,mean_deg,30.16,frobenius,hybrid_frobenius,0.0,ideal,zero,6,graph,50.0,50.0,100,101,14938,14.757094621658325,9.183114767074585,101,1792.0,1792.0,1840.0,0.0,0.0,,timeout,0.0,1792,17.92,29,29.858399999997992,30.160000000000007,7.105427357601002e-15,0.0,0,0,-2722.0043062492027,False
dense_er_200_p15,1,200,3016,30.16,mean_deg,30.16,frobenius,hybrid_frobenius,0.0,ideal,zero,7,graph,50.0,50.0,100,101,14938,13.216802597045898,7.54313588142395,101,1796.0,1796.0,1836.0,0.0,0.0,,timeout,0.0,1796,17.96,25,29.85839999999674,30.160000000000004,3.552713678800501e-15,0.0,0,0,-2721.6758296830712,False
dense_er_200_p15,1,200,3016,30.16,mean_deg,30.16,frobenius,hybrid_frobenius,0.0,ideal,zero,8,graph,50.0,50.0,100,101,14830,16.43855333328247,11.164382219314575,101,1795.0,1795.0,1827.0,0.0,0.0,,timeout,0.0,1795,17.95,27,29.858399999987363,30.160000000000007,7.105427357601002e-15,0.0,0,0,-2719.8792706644876,False
dense_er_200_p15,1,200,3016,30.16,mean_deg,30.16,frobenius,hybrid_frobenius,0.0,ideal,zero,9,graph,50.0,50.0,100,101,14794,19.07420063018799,13.588139772415161,101,1785.0,1785.0,1817.0,0.0,0.0,,timeout,0.0,1785,17.85,26,30.159999999999826,30.16000000000009,8.881784197001252e-14,0.0,0,0,-2739.5732846721958,False
dense_er_200_p15,2,200,2967,29.67,half_mean_deg,14.835,none,static,0.0,ideal,zero,0,graph,50.0,50.0,0,0,3362,1.7059924602508545,0.0,0,1831.0,1845.0,1847.0,0.0,0.0,,timeout,0.0,2967,29.67,43,29.67,43.0,28.165,0.0,0,0,0.0,False
dense_er_200_p15,2,200,2967,29.67,half_mean_deg,14.835,none,static,0.0,ideal,zero,1,graph,50.0,50.0,0,0,3278,1.6914148330688477,0.0,0,1830.0,1846.0,1850.0,0.0,0.0,,timeout,0.0,2967,29.67,43,29.67,43.0,28.165,0.0,0,0,0.0,False
dense_er_200_p15,2,200,2967,29.67,half_mean_deg,14.835,none,static,0.0,ideal,zero,2,graph,50.0,50.0,0,0,2882,1.435593605041504,0.0,0,1824.0,1837.0,1844.0,0.0,0.0,,timeout,0.0,2967,29.67,43,29.67,43.0,28.165,0.0,0,0,0.0,False
dense_er_200_p15,2,200,2967,29.67,half_mean_deg,14.835,none,static,0.0,ideal,zero,3,graph,50.0,50.0,0,0,3194,1.6035244464874268,0.0,0,1839.0,1846.0,1850.0,0.0,0.0,,timeout,0.0,2967,29.67,43,29.67,43.0,28.165,0.0,0,0,0.0,False
dense_er_200_p15,2,200,2967,29.67,half_mean_deg,14.835,none,static,0.0,ideal,zero,4,graph,50.0,50.0,0,0,3230,1.545297622680664,0.0,0,1833.0,1842.0,1847.0,0.0,0.0,,timeout,0.0,2967,29.67,43,29.67,43.0,28.165,0.0,0,0,0.0,False
dense_er_200_p15,2,200,2967,29.67,half_mean_deg,14.835,none,static,0.0,ideal,zero,5,graph,50.0,50.0,0,0,3638,1.766197681427002,0.0,0,1806.0,1836.0,1846.0,0.0,0.0,,timeout,0.0,2967,29.67,43,29.67,43.0,28.165,0.0,0,0,0.0,False
dense_er_200_p15,2,200,2967,29.67,half_mean_deg,14.835,none,static,0.0,ideal,zero,6,graph,50.0,50.0,0,0,2894,1.4433484077453613,0.0,0,1816.0,1836.0,1845.0,0.0,0.0,,timeout,0.0,2967,29.67,43,29.67,43.0,28.165,0.0,0,0,0.0,False
dense_er_200_p15,2,200,2967,29.67,half_mean_deg,14.835,none,static,0.0,ideal,zero,7,graph,50.0,50.0,0,0,2978,1.4613263607025146,0.0,0,1817.0,1833.0,1839.0,0.0,0.0,,timeout,0.0,2967,29.67,43,29.67,43.0,28.165,0.0,0,0,0.0,False
dense_er_200_p15,2,200,2967,29.67,half_mean_deg,14.835,none,static,0.0,ideal,zero,8,graph,50.0,50.0,0,0,3218,1.5647828578948975,0.0,0,1825.0,1844.0,1848.0,0.0,0.0,,timeout,0.0,2967,29.67,43,29.67,43.0,28.165,0.0,0,0,0.0,False
dense_er_200_p15,2,200,2967,29.67,half_mean_deg,14.835,none,static,0.0,ideal,zero,9,graph,50.0,50.0,0,0,3050,1.466303825378418,0.0,0,1819.0,1845.0,1846.0,0.0,0.0,,timeout,0.0,2967,29.67,43,29.67,43.0,28.165,0.0,0,0,0.0,False
dense_er_200_p15,2,200,2967,29.67,half_mean_deg,14.835,none,random_rounding,0.0,ideal,zero,0,graph,50.0,50.0,0,0,3362,1.6771750450134277,0.0,0,1831.0,1845.0,1847.0,0.0,0.0,,timeout,0.0,2967,29.67,43,29.67,43.0,28.165,0.0,0,0,0.0,False
dense_er_200_p15,2,200,2967,29.67,half_mean_deg,14.835,none,random_rounding,0.0,ideal,zero,1,graph,50.0,50.0,0,0,3278,1.6328916549682617,0.0,0,1830.0,1846.0,1850.0,0.0,0.0,,timeout,0.0,2967,29.67,43,29.67,43.0,28.165,0.0,0,0,0.0,False
dense_er_200_p15,2,200,2967,29.67,half_mean_deg,14.835,none,random_rounding,0.0,ideal,zero,2,graph,50.0,50.0,0,0,2882,1.4961683750152588,0.0,0,1824.0,1837.0,1844.0,0.0,0.0,,timeout,0.0,2967,29.67,43,29.67,43.0,28.165,0.0,0,0,0.0,False
dense_er_200_p15,2,200,2967,29.67,half_mean_deg,14.835,none,random_rounding,0.0,ideal,zero,3,graph,50.0,50.0,0,0,3194,4.412058115005493,0.0,0,1839.0,1846.0,1850.0,0.0,0.0,,timeout,0.0,2967,29.67,43,29.67,43.0,28.165,0.0,0,0,0.0,False
dense_er_200_p15,2,200,2967,29.67,half_mean_deg,14.835,none,random_rounding,0.0,ideal,zero,4,graph,50.0,50.0,0,0,3230,1.5162630081176758,0.0,0,1833.0,1842.0,1847.0,0.0,0.0,,timeout,0.0,2967,29.67,43,29.67,43.0,28.165,0.0,0,0,0.0,False
dense_er_200_p15,2,200,2967,29.67,half_mean_deg,14.835,none,random_rounding,0.0,ideal,zero,5,graph,50.0,50.0,0,0,3638,1.7640235424041748,0.0,0,1806.0,1836.0,1846.0,0.0,0.0,,timeout,0.0,2967,29.67,43,29.67,43.0,28.165,0.0,0,0,0.0,False
dense_er_200_p15,2,200,2967,29.67,half_mean_deg,14.835,none,random_rounding,0.0,ideal,zero,6,graph,50.0,50.0,0,0,2894,1.408144235610962,0.0,0,1816.0,1836.0,1845.0,0.0,0.0,,timeout,0.0,2967,29.67,43,29.67,43.0,28.165,0.0,0,0,0.0,False
dense_er_200_p15,2,200,2967,29.67,half_mean_deg,14.835,none,random_rounding,0.0,ideal,zero,7,graph,50.0,50.0,0,0,2978,1.4706032276153564,0.0,0,1817.0,1833.0,1839.0,0.0,0.0,,timeout,0.0,2967,29.67,43,29.67,43.0,28.165,0.0,0,0,0.0,False
dense_er_200_p15,2,200,2967,29.67,half_mean_deg,14.835,none,random_rounding,0.0,ideal,zero,8,graph,50.0,50.0,0,0,3218,1.5469889640808105,0.0,0,1825.0,1844.0,1848.0,0.0,0.0,,timeout,0.0,2967,29.67,43,29.67,43.0,28.165,0.0,0,0,0.0,False
dense_er_200_p15,2,200,2967,29.67,half_mean_deg,14.835,none,random_rounding,0.0,ideal,zero,9,graph,50.0,50.0,0,0,3050,1.5875797271728516,0.0,0,1819.0,1845.0,1846.0,0.0,0.0,,timeout,0.0,2967,29.67,43,29.67,43.0,28.165,0.0,0,0,0.0,False
dense_er_200_p15,2,200,2967,29.67,half_mean_deg,14.835,none,greedy,0.0,ideal,zero,0,graph,50.0,50.0,0,0,0,0.0008234977722167969,0.0,0,1796.0,1796.0,1796.0,0.0,0.0,,timeout,0.0,0,0.0,0,0.0,0.0,0.0,0.0,0,0,0.0,False
dense_er_200_p15,2,200,2967,29.67,half_mean_deg,14.835,none,greedy,0.0,ideal,zero,1,graph,50.0,50.0,0,0,0,0.0009100437164306641,0.0,0,1815.0,1815.0,1815.0,0.0,0.0,,timeout,0.0,0,0.0,0,0.0,0.0,0.0,0.0,0,0,0.0,False
dense_er_200_p15,2,200,2967,29.67,half_mean_deg,14.835,none,greedy,0.0,ideal,zero,2,graph,50.0,50.0,0,0,0,0.0009331703186035156,0.0,0,1814.0,1814.0,1814.0,0.0,0.0,,timeout,0.0,0,0.0,0,0.0,0.0,0.0,0.0,0,0,0.0,False
dense_er_200_p15,2,200,2967,29.67,half_mean_deg,14.835,none,greedy,0.0,ideal,zero,3,graph,50.0,50.0,0,0,0,0.0008509159088134766,0.0,0,1827.0,1827.0,1827.0,0.0,0.0,,timeout,0.0,0,0.0,0,0.0,0.0,0.0,0.0,0,0,0.0,False
dense_er_200_p15,2,200,2967,29.67,half_mean_deg,14.835,none,greedy,0.0,ideal,zero,4,graph,50.0,50.0,0,0,0,0.0007684230804443359,0.0,0,1807.0,1807.0,1807.0,0.0,0.0,,timeout,0.0,0,0.0,0,0.0,0.0,0.0,0.0,0,0,0.0,False
dense_er_200_p15,2,200,2967,29.67,half_mean_deg,14.835,none,greedy,0.0,ideal,zero,5,graph,50.0,50.0,0,0,0,0.00081634521484375,0.0,0,1813.0,1813.0,1813.0,0.0,0.0,,timeout,0.0,0,0.0,0,0.0,0.0,0.0,0.0,0,0,0.0,False
dense_er_200_p15,2,200,2967,29.67,half_mean_deg,14.835,none,greedy,0.0,ideal,zero,6,graph,50.0,50.0,0,0,0,0.0009045600891113281,0.0,0,1816.0,1816.0,1816.0,0.0,0.0,,timeout,0.0,0,0.0,0,0.0,0.0,0.0,0.0,0,0,0.0,False
dense_er_200_p15,2,200,2967,29.67,half_mean_deg,14.835,none,greedy,0.0,ideal,zero,7,graph,50.0,50.0,0,0,0,0.0006628036499023438,0.0,0,1771.0,1771.0,1771.0,0.0,0.0,,timeout,0.0,0,0.0,0,0.0,0.0,0.0,0.0,0,0,0.0,False
dense_er_200_p15,2,200,2967,29.67,half_mean_deg,14.835,none,greedy,0.0,ideal,zero,8,graph,50.0,50.0,0,0,0,0.0009100437164306641,0.0,0,1809.0,1809.0,1809.0,0.0,0.0,,timeout,0.0,0,0.0,0,0.0,0.0,0.0,0.0,0,0,0.0,False
dense_er_200_p15,2,200,2967,29.67,half_mean_deg,14.835,none,greedy,0.0,ideal,zero,9,graph,50.0,50.0,0,0,0,0.0008616447448730469,0.0,0,1826.0,1826.0,1826.0,0.0,0.0,,timeout,0.0,0,0.0,0,0.0,0.0,0.0,0.0,0,0,0.0,False
dense_er_200_p15,2,200,2967,29.67,half_mean_deg,14.835,none,static_projected,0.0,ideal,zero,0,graph,50.0,50.0,0,1,1730,0.8955748081207275,0.0629570484161377,1,1824.0,1835.0,1844.0,0.0,0.0,,timeout,0.0,2967,29.67,43,14.777875679424888,14.835000000000003,1.7763568394002505e-15,0.0,0,0,0.0,False
dense_er_200_p15,2,200,2967,29.67,half_mean_deg,14.835,none,static_projected,0.0,ideal,zero,1,graph,50.0,50.0,0,1,1874,0.9950182437896729,0.07195496559143066,1,1818.0,1827.0,1830.0,0.0,0.0,,timeout,0.0,2967,29.67,43,14.777875679424888,14.835000000000003,1.7763568394002505e-15,0.0,0,0,0.0,False
dense_er_200_p15,2,200,2967,29.67,half_mean_deg,14.835,none,static_projected,0.0,ideal,zero,2,graph,50.0,50.0,0,1,1778,0.9558496475219727,0.05863785743713379,1,1815.0,1832.0,1843.0,0.0,0.0,,timeout,0.0,2967,29.67,43,14.777875679424888,14.835000000000003,1.7763568394002505e-15,0.0,0,0,0.0,False
dense_er_200_p15,2,200,2967,29.67,half_mean_deg,14.835,none,static_projected,0.0,ideal,zero,3,graph,50.0,50.0,0,1,1826,0.9174745082855225,0.060111045837402344,1,1798.0,1826.0,1831.0,0.0,0.0,,timeout,0.0,2967,29.67,43,14.777875679424888,14.835000000000003,1.7763568394002505e-15,0.0,0,0,0.0,False
dense_er_200_p15,2,200,2967,29.67,half_mean_deg,14.835,none,static_projected,0.0,ideal,zero,4,graph,50.0,50.0,0,1,1742,0.962519645690918,0.07710051536560059,1,1813.0,1835.0,1839.0,0.0,0.0,,timeout,0.0,2967,29.67,43,14.777875679424888,14.835000000000003,1.7763568394002505e-15,0.0,0,0,0.0,False
dense_er_200_p15,2,200,2967,29.67,half_mean_deg,14.835,none,static_projected,0.0,ideal,zero,5,graph,50.0,50.0,0,1,1814,0.9131262302398682,0.06247854232788086,1,1817.0,1836.0,1846.0,0.0,0.0,,timeout,0.0,2967,29.67,43,14.777875679424888,14.835000000000003,1.7763568394002505e-15,0.0,0,0,0.0,False
dense_er_200_p15,2,200,2967,29.67,half_mean_deg,14.835,none,static_projected,0.0,ideal,zero,6,graph,50.0,50.0,0,1,1874,0.9801647663116455,0.06719398498535156,1,1816.0,1830.0,1839.0,0.0,0.0,,timeout,0.0,2967,29.67,43,14.777875679424888,14.835000000000003,1.7763568394002505e-15,0.0,0,0,0.0,False
dense_er_200_p15,2,200,2967,29.67,half_mean_deg,14.835,none,static_projected,0.0,ideal,zero,7,graph,50.0,50.0,0,1,1646,0.8993687629699707,0.0624392032623291,1,1825.0,1844.0,1849.0,0.0,0.0,,timeout,0.0,2967,29.67,43,14.777875679424888,14.835000000000003,1.7763568394002505e-15,0.0,0,0,0.0,False
dense_er_200_p15,2,200,2967,29.67,half_mean_deg,14.835,none,static_projected,0.0,ideal,zero,8,graph,50.0,50.0,0,1,1682,0.8809731006622314,0.07304739952087402,1,1832.0,1834.0,1848.0,0.0,0.0,,timeout,0.0,2967,29.67,43,14.777875679424888,14.835000000000003,1.7763568394002505e-15,0.0,0,0,0.0,False
dense_er_200_p15,2,200,2967,29.67,half_mean_deg,14.835,none,static_projected,0.0,ideal,zero,9,graph,50.0,50.0,0,1,1778,0.9381978511810303,0.06895899772644043,1,1807.0,1835.0,1841.0,0.0,0.0,,timeout,0.0,2967,29.67,43,14.777875679424888,14.835000000000003,1.7763568394002505e-15,0.0,0,0,0.0,False
dense_er_200_p15,2,200,2967,29.67,half_mean_deg,14.835,none,static_budgeted,0.0,ideal,zero,0,graph,50.0,50.0,0,1,1778,0.8971199989318848,0.05140113830566406,1,1762.0,1791.0,1834.0,0.0,0.0,,timeout,0.0,2247,22.47,34,14.770966182535453,14.835,0.0,0.0,0,0,0.0,False
dense_er_200_p15,2,200,2967,29.67,half_mean_deg,14.835,none,static_budgeted,0.0,ideal,zero,1,graph,50.0,50.0,0,1,2054,1.0732202529907227,0.06262493133544922,1,1791.0,1793.0,1839.0,0.0,0.0,,timeout,0.0,2221,22.21,30,14.76079390482562,14.835000000000631,6.306066779870889e-13,0.0,0,0,0.0,False
dense_er_200_p15,2,200,2967,29.67,half_mean_deg,14.835,none,static_budgeted,0.0,ideal,zero,2,graph,50.0,50.0,0,1,2102,1.0334398746490479,0.04772329330444336,1,1791.0,1791.0,1817.0,0.0,0.0,,timeout,0.0,2244,22.44,31,14.749749060777184,14.835000000000003,1.7763568394002505e-15,0.0,0,0,0.0,False
dense_er_200_p15,2,200,2967,29.67,half_mean_deg,14.835,none,static_budgeted,0.0,ideal,zero,3,graph,50.0,50.0,0,1,1922,0.9813406467437744,0.0656895637512207,1,1784.0,1809.0,1844.0,0.0,0.0,,timeout,0.0,2268,22.68,32,14.757395928349283,14.835000000000667,6.661338147750939e-13,0.0,0,0,0.0,False
dense_er_200_p15,2,200,2967,29.67,half_mean_deg,14.835,none,static_budgeted,0.0,ideal,zero,4,graph,50.0,50.0,0,1,2102,1.2253081798553467,0.051831960678100586,1,1784.0,1792.0,1827.0,0.0,0.0,,timeout,0.0,2251,22.51,31,14.76655656311068,14.83500000000085,8.490985692333197e-13,0.0,0,0,0.0,False
dense_er_200_p15,2,200,2967,29.67,half_mean_deg,14.835,none,static_budgeted,0.0,ideal,zero,5,graph,50.0,50.0,0,1,1814,0.97955322265625,0.05651283264160156,1,1731.0,1784.0,1823.0,0.0,0.0,,timeout,0.0,2243,22.43,32,14.768246318859317,14.835000000000004,3.552713678800501e-15,0.0,0,0,0.0,False
dense_er_200_p15,2,200,2967,29.67,half_mean_deg,14.835,none,static_budgeted,0.0,ideal,zero,6,graph,50.0,50.0,0,1,1910,1.0299370288848877,0.062255859375,1,1782.0,1798.0,1840.0,0.0,0.0,,timeout,0.0,2243,22.43,36,14.771036346336905,14.835000000000003,1.7763568394002505e-15,0.0,0,0,0.0,False
dense_er_200_p15,2,200,2967,29.67,half_mean_deg,14.835,none,static_budgeted,0.0,ideal,zero,7,graph,50.0,50.0,0,1,1838,1.0294208526611328,0.07256340980529785,1,1751.0,1801.0,1831.0,0.0,0.0,,timeout,0.0,2227,22.27,34,14.771693797052299,14.835000000000111,1.1013412404281553e-13,0.0,0,0,0.0,False
dense_er_200_p15,2,200,2967,29.67,half_mean_deg,14.835,none,static_budgeted,0.0,ideal,zero,8,graph,50.0,50.0,0,1,1802,0.9626035690307617,0.06945657730102539,1,1781.0,1789.0,1832.0,0.0,0.0,,timeout,0.0,2246,22.46,32,14.734179785678535,14.835000000000003,1.7763568394002505e-15,0.0,0,0,0.0,False
dense_er_200_p15,2,200,2967,29.67,half_mean_deg,14.835,none,static_budgeted,0.0,ideal,zero,9,graph,50.0,50.0,0,1,2162,3.994187831878662,0.06488037109375,1,1789.0,1793.0,1831.0,0.0,0.0,,timeout,0.0,2241,22.41,30,14.767441831860786,14.835000000000004,3.552713678800501e-15,0.0,0,0,0.0,False
dense_er_200_p15,2,200,2967,29.67,half_mean_deg,14.835,none,random_budgeted,0.0,ideal,zero,0,graph,50.0,50.0,0,1,1874,1.0061254501342773,0.033823251724243164,1,1772.0,1809.0,1832.0,0.0,0.0,,timeout,0.0,2931,29.31,40,13.421174186037128,14.835000000000516,5.151434834260726e-13,0.0,0,0,0.0,False
dense_er_200_p15,2,200,2967,29.67,half_mean_deg,14.835,none,random_budgeted,0.0,ideal,zero,1,graph,50.0,50.0,0,1,1754,0.9272527694702148,0.03616952896118164,1,1788.0,1810.0,1822.0,0.0,0.0,,timeout,0.0,2930,29.3,39,13.298123728769978,14.83500000000011,1.0835776720341528e-13,0.0,0,0,0.0,False
dense_er_200_p15,2,200,2967,29.67,half_mean_deg,14.835,none,random_budgeted,0.0,ideal,zero,2,graph,50.0,50.0,0,1,1706,0.8116703033447266,0.02879190444946289,1,1813.0,1820.0,1835.0,0.0,0.0,,timeout,0.0,2948,29.48,42,13.209459738432265,14.835000000000575,5.737632591262809e-13,0.0,0,0,0.0,False
dense_er_200_p15,2,200,2967,29.67,half_mean_deg,14.835,none,random_budgeted,0.0,ideal,zero,3,graph,50.0,50.0,0,1,1850,0.9887433052062988,0.0427243709564209,1,1770.0,1817.0,1830.0,0.0,0.0,,timeout,0.0,2936,29.36,40,13.303845162522162,14.835000000000436,4.3520742565306136e-13,0.0,0,0,0.0,False
dense_er_200_p15,2,200,2967,29.67,half_mean_deg,14.835,none,random_budgeted,0.0,ideal,zero,4,graph,50.0,50.0,0,1,1718,0.9341747760772705,0.03931999206542969,1,1784.0,1827.0,1843.0,0.0,0.0,,timeout,0.0,2942,29.42,41,13.387494379299802,14.835000000000932,9.308109838457312e-13,0.0,0,0,0.0,False
dense_er_200_p15,2,200,2967,29.67,half_mean_deg,14.835,none,random_budgeted,0.0,ideal,zero,5,graph,50.0,50.0,0,1,1502,0.7435979843139648,0.035918474197387695,1,1791.0,1792.0,1815.0,0.0,0.0,,timeout,0.0,2941,29.41,42,13.344763742697946,14.835000000000003,1.7763568394002505e-15,0.0,0,0,0.0,False
dense_er_200_p15,2,200,2967,29.67,half_mean_deg,14.835,none,random_budgeted,0.0,ideal,zero,6,graph,50.0,50.0,0,1,1562,0.8462920188903809,0.03782844543457031,1,1783.0,1806.0,1824.0,0.0,0.0,,timeout,0.0,2947,29.47,41,13.464066420312257,14.835000000000003,1.7763568394002505e-15,0.0,0,0,0.0,False
dense_er_200_p15,2,200,2967,29.67,half_mean_deg,14.835,none,random_budgeted,0.0,ideal,zero,7,graph,50.0,50.0,0,1,1838,0.8982715606689453,0.03290700912475586,1,1806.0,1814.0,1841.0,0.0,0.0,,timeout,0.0,2944,29.44,41,13.259150993432126,14.835000000000125,1.2434497875801753e-13,0.0,0,0,0.0,False
dense_er_200_p15,2,200,2967,29.67,half_mean_deg,14.835,none,random_budgeted,0.0,ideal,zero,8,graph,50.0,50.0,0,1,1706,0.8258645534515381,0.03133702278137207,1,1792.0,1804.0,1820.0,0.0,0.0,,timeout,0.0,2937,29.37,41,13.481989888766124,14.835000000000003,1.7763568394002505e-15,0.0,0,0,0.0,False
dense_er_200_p15,2,200,2967,29.67,half_mean_deg,14.835,none,random_budgeted,0.0,ideal,zero,9,graph,50.0,50.0,0,1,1694,0.854914665222168,0.03608250617980957,1,1789.0,1823.0,1834.0,0.0,0.0,,timeout,0.0,2935,29.35,41,13.266248779623373,14.835000000000003,1.7763568394002505e-15,0.0,0,0,0.0,False
dense_er_200_p15,2,200,2967,29.67,half_mean_deg,14.835,none,learned_support_random_weights,0.0,ideal,zero,0,hebbian_seed0,50.0,50.0,0,1,1982,0.73549485206604,0.00529170036315918,1,1716.0,1716.0,1809.0,0.0,0.0,,timeout,0.0,1716,17.16,28,8.625476678956813,14.835,0.0,0.0,0,0,0.0,False
dense_er_200_p15,2,200,2967,29.67,half_mean_deg,14.835,none,learned_support_random_weights,0.0,ideal,zero,1,hebbian_seed0,50.0,50.0,0,1,1982,0.7290892601013184,0.005417585372924805,1,1716.0,1716.0,1809.0,0.0,0.0,,timeout,0.0,1716,17.16,28,8.559492082967944,14.835,0.0,0.0,0,0,0.0,False
dense_er_200_p15,2,200,2967,29.67,half_mean_deg,14.835,none,learned_support_random_weights,0.0,ideal,zero,2,hebbian_seed0,50.0,50.0,0,1,1982,0.7633311748504639,0.0027222633361816406,1,1716.0,1716.0,1809.0,0.0,0.0,,timeout,0.0,1716,17.16,28,8.565236707838293,13.740833325484102,-1.0941666745158987,0.0,0,0,0.0,False
dense_er_200_p15,2,200,2967,29.67,half_mean_deg,14.835,none,learned_support_random_weights,0.0,ideal,zero,3,hebbian_seed0,50.0,50.0,0,1,1970,0.7328634262084961,0.004839181900024414,1,1716.0,1716.0,1809.0,0.0,0.0,,timeout,0.0,1716,17.16,28,8.471813830096387,14.835000000000003,1.7763568394002505e-15,0.0,0,0,0.0,False
dense_er_200_p15,2,200,2967,29.67,half_mean_deg,14.835,none,learned_support_random_weights,0.0,ideal,zero,4,hebbian_seed0,50.0,50.0,0,1,2018,0.7618298530578613,0.0029060840606689453,1,1716.0,1716.0,1809.0,0.0,0.0,,timeout,0.0,1716,17.16,28,8.59495519154698,13.527421384195993,-1.3075786158040081,0.0,0,0,0.0,False
dense_er_200_p15,2,200,2967,29.67,half_mean_deg,14.835,none,learned_support_random_weights,0.0,ideal,zero,5,hebbian_seed0,50.0,50.0,0,1,1982,0.762078046798706,0.004878997802734375,1,1716.0,1716.0,1809.0,0.0,0.0,,timeout,0.0,1716,17.16,28,8.546859967086396,14.834999999999999,-1.7763568394002505e-15,0.0,0,0,0.0,False
dense_er_200_p15,2,200,2967,29.67,half_mean_deg,14.835,none,learned_support_random_weights,0.0,ideal,zero,6,hebbian_seed0,50.0,50.0,0,1,1970,0.7425374984741211,0.0028603076934814453,1,1716.0,1716.0,1809.0,0.0,0.0,,timeout,0.0,1716,17.16,28,8.517099504031357,14.510244694031263,-0.32475530596873803,0.0,0,0,0.0,False
dense_er_200_p15,2,200,2967,29.67,half_mean_deg,14.835,none,learned_support_random_weights,0.0,ideal,zero,7,hebbian_seed0,50.0,50.0,0,1,1946,0.7259423732757568,0.0019745826721191406,1,1716.0,1716.0,1809.0,0.0,0.0,,timeout,0.0,1716,17.16,28,8.38049414905344,13.165674949480135,-1.6693250505198662,0.0,0,0,0.0,False
dense_er_200_p15,2,200,2967,29.67,half_mean_deg,14.835,none,learned_support_random_weights,0.0,ideal,zero,8,hebbian_seed0,50.0,50.0,0,1,1982,0.7757248878479004,0.0028409957885742188,1,1716.0,1716.0,1809.0,0.0,0.0,,timeout,0.0,1716,17.16,28,8.696193049517419,13.663324451416237,-1.1716755485837638,0.0,0,0,0.0,False
dense_er_200_p15,2,200,2967,29.67,half_mean_deg,14.835,none,learned_support_random_weights,0.0,ideal,zero,9,hebbian_seed0,50.0,50.0,0,1,1946,0.7757723331451416,0.0029778480529785156,1,1716.0,1716.0,1809.0,0.0,0.0,,timeout,0.0,1716,17.16,28,8.545102715302871,14.08491756324123,-0.7500824367587704,0.0,0,0,0.0,False
dense_er_200_p15,2,200,2967,29.67,half_mean_deg,14.835,none,topology_scrambled,0.0,ideal,zero,0,graph,50.0,50.0,100,101,4712,11.109959363937378,9.04478120803833,101,1571.0,1571.0,1806.0,0.0,0.0,,timeout,0.0,1625,16.25,26,14.686650000000004,14.835000000000004,3.552713678800501e-15,0.0,0,0,-1395.318495012367,False
dense_er_200_p15,2,200,2967,29.67,half_mean_deg,14.835,none,topology_scrambled,0.0,ideal,zero,1,graph,50.0,50.0,100,101,4628,19.061790943145752,16.961146593093872,101,1528.0,1528.0,1820.0,0.0,0.0,,timeout,0.0,1596,15.96,26,14.686649999999435,14.83500000000003,2.842170943040401e-14,0.0,0,0,-1393.6857467859986,False
dense_er_200_p15,2,200,2967,29.67,half_mean_deg,14.835,none,topology_scrambled,0.0,ideal,zero,2,graph,50.0,50.0,100,101,4664,28.181835889816284,26.123696327209473,101,1562.0,1562.0,1784.0,0.0,0.0,,timeout,0.0,1546,15.46,24,14.835000000000027,14.835000000000207,2.0605739337042905e-13,0.0,0,0,-1403.5913033900358,False
dense_er_200_p15,2,200,2967,29.67,half_mean_deg,14.835,none,topology_scrambled,0.0,ideal,zero,3,graph,50.0,50.0,100,101,4616,13.335087537765503,11.239950895309448,101,1563.0,1563.0,1814.0,0.0,0.0,,timeout,0.0,1545,15.45,27,14.686649999999423,14.835000000000518,5.169198402654729e-13,0.0,0,0,-1390.4632620938646,False
dense_er_200_p15,2,200,2967,29.67,half_mean_deg,14.835,none,topology_scrambled,0.0,ideal,zero,4,graph,50.0,50.0,100,101,4628,18.054492473602295,15.98112440109253,101,1565.0,1565.0,1788.0,0.0,0.0,,timeout,0.0,1581,15.81,24,14.686650000000002,14.835000000000004,3.552713678800501e-15,0.0,0,0,-1394.2327648947116,False
dense_er_200_p15,2,200,2967,29.67,half_mean_deg,14.835,none,topology_scrambled,0.0,ideal,zero,5,graph,50.0,50.0,100,101,4676,12.836673498153687,10.678861856460571,101,1594.0,1594.0,1808.0,0.0,0.0,,timeout,0.0,1598,15.98,26,14.686650000000004,14.835000000000004,3.552713678800501e-15,0.0,0,0,-1393.3909608640975,False
dense_er_200_p15,2,200,2967,29.67,half_mean_deg,14.835,none,topology_scrambled,0.0,ideal,zero,6,graph,50.0,50.0,100,101,4868,36.96954965591431,34.649802446365356,101,1556.0,1556.0,1820.0,0.0,0.0,,timeout,0.0,1590,15.9,26,14.834999999999859,14.835000000000004,3.552713678800501e-15,0.0,0,0,-1405.2480184549195,False
dense_er_200_p15,2,200,2967,29.67,half_mean_deg,14.835,none,topology_scrambled,0.0,ideal,zero,7,graph,50.0,50.0,100,101,4652,14.427003383636475,12.34668779373169,101,1565.0,1565.0,1797.0,0.0,0.0,,timeout,0.0,1575,15.75,25,14.83500000000002,14.835000000000687,6.856737400084967e-13,0.0,0,0,-1403.894804500599,False
dense_er_200_p15,2,200,2967,29.67,half_mean_deg,14.835,none,topology_scrambled,0.0,ideal,zero,8,graph,50.0,50.0,100,101,4664,29.46444082260132,27.27405548095703,101,1559.0,1559.0,1774.0,0.0,0.0,,timeout,0.0,1617,16.17,29,14.686649999989886,14.835000000000004,3.552713678800501e-15,0.0,0,0,-1394.2133368812486,False
dense_er_200_p15,2,200,2967,29.67,half_mean_deg,14.835,none,topology_scrambled,0.0,ideal,zero,9,graph,50.0,50.0,100,101,4640,10.06697940826416,8.036974668502808,101,1590.0,1590.0,1791.0,0.0,0.0,,timeout,0.0,1576,15.76,25,14.834999999999779,14.835000000000003,1.7763568394002505e-15,0.0,0,0,-1404.877807512293,False
dense_er_200_p15,2,200,2967,29.67,half_mean_deg,14.835,sinkhorn,hebbian_sinkhorn,0.0,ideal,zero,0,graph,50.0,50.0,100,100,4604,2.3327174186706543,0.0,0,1717.0,1717.0,1779.0,0.0,0.0,,timeout,0.0,1717,17.17,28,14.22412987981606,14.835000000000004,3.552713678800501e-15,0.0,0,0,-1359.6040311254092,False
dense_er_200_p15,2,200,2967,29.67,half_mean_deg,14.835,sinkhorn,hebbian_sinkhorn,0.0,ideal,zero,1,graph,50.0,50.0,100,100,4688,2.3666999340057373,0.0,0,1692.0,1692.0,1796.0,0.0,0.0,,timeout,0.0,1692,16.92,25,14.400627614392775,14.835000000000003,1.7763568394002505e-15,0.0,0,0,-1375.1254993381933,False
dense_er_200_p15,2,200,2967,29.67,half_mean_deg,14.835,sinkhorn,hebbian_sinkhorn,0.0,ideal,zero,2,graph,50.0,50.0,100,100,4688,2.3557510375976562,0.0,0,1700.0,1700.0,1812.0,0.0,0.0,,timeout,0.0,1700,17.0,28,14.371896413576819,14.835000000000004,3.552713678800501e-15,0.0,0,0,-1372.4145613671683,False
dense_er_200_p15,2,200,2967,29.67,half_mean_deg,14.835,sinkhorn,hebbian_sinkhorn,0.0,ideal,zero,3,graph,50.0,50.0,100,100,4640,2.3558542728424072,0.0,0,1678.0,1678.0,1795.0,0.0,0.0,,timeout,0.0,1678,16.78,26,14.43035751548235,14.835000000000003,1.7763568394002505e-15,0.0,0,0,-1377.471185614862,False
dense_er_200_p15,2,200,2967,29.67,half_mean_deg,14.835,sinkhorn,hebbian_sinkhorn,0.0,ideal,zero,4,graph,50.0,50.0,100,100,4688,2.3117480278015137,0.0,0,1704.0,1704.0,1807.0,0.0,0.0,,timeout,0.0,1704,17.04,28,14.385448783929451,14.835000000000003,1.7763568394002505e-15,0.0,0,1,-1374.0171592890272,False
dense_er_200_p15,2,200,2967,29.67,half_mean_deg,14.835,sinkhorn,hebbian_sinkhorn,0.0,ideal,zero,5,graph,50.0,50.0,100,100,4616,2.352735996246338,0.0,0,1725.0,1725.0,1794.0,0.0,0.0,,timeout,0.0,1725,17.25,26,14.357347244710354,14.835000000000003,1.7763568394002505e-15,0.0,0,0,-1372.2410327449722,False
dense_er_200_p15,2,200,2967,29.67,half_mean_deg,14.835,sinkhorn,hebbian_sinkhorn,0.0,ideal,zero,6,graph,50.0,50.0,100,100,4688,2.3438472747802734,0.0,0,1697.0,1697.0,1799.0,0.0,0.0,,timeout,0.0,1697,16.97,27,14.386532757483355,14.835000000000003,1.7763568394002505e-15,0.0,0,0,-1374.2494174106891,False
dense_er_200_p15,2,200,2967,29.67,half_mean_deg,14.835,sinkhorn,hebbian_sinkhorn,0.0,ideal,zero,7,graph,50.0,50.0,100,100,4628,5.191563844680786,0.0,0,1732.0,1732.0,1798.0,0.0,0.0,,timeout,0.0,1732,17.32,27,14.367956460834641,14.835000000000004,3.552713678800501e-15,0.0,0,0,-1373.2409086618402,False
dense_er_200_p15,2,200,2967,29.67,half_mean_deg,14.835,sinkhorn,hebbian_sinkhorn,0.0,ideal,zero,8,graph,50.0,50.0,100,100,4604,2.241304874420166,0.0,0,1709.0,1709.0,1785.0,0.0,0.0,,timeout,0.0,1709,17.09,27,14.343557854333103,14.835000000000004,3.552713678800501e-15,0.0,0,0,-1370.622379455693,False
dense_er_200_p15,2,200,2967,29.67,half_mean_deg,14.835,sinkhorn,hebbian_sinkhorn,0.0,ideal,zero,9,graph,50.0,50.0,100,100,4664,2.2643344402313232,0.0,0,1709.0,1709.0,1795.0,0.0,0.0,,timeout,0.0,1709,17.09,25,14.378775174177022,14.835000000000003,1.7763568394002505e-15,0.0,0,0,-1373.6359392715187,False
dense_er_200_p15,2,200,2967,29.67,half_mean_deg,14.835,sinkhorn,hybrid_sinkhorn,0.0,ideal,zero,0,graph,50.0,50.0,100,100,7330,3.2348885536193848,0.0,0,1717.0,1717.0,1779.0,0.0,0.0,,timeout,0.0,1717,17.17,28,14.22412987981606,14.835000000000004,3.552713678800501e-15,0.0,0,0,-1359.6040311254092,False
dense_er_200_p15,2,200,2967,29.67,half_mean_deg,14.835,sinkhorn,hybrid_sinkhorn,0.0,ideal,zero,1,graph,50.0,50.0,100,100,7438,3.3272762298583984,0.0,0,1692.0,1692.0,1796.0,0.0,0.0,,timeout,0.0,1692,16.92,25,14.400627614392775,14.835000000000003,1.7763568394002505e-15,0.0,0,0,-1375.1254993381933,False
dense_er_200_p15,2,200,2967,29.67,half_mean_deg,14.835,sinkhorn,hybrid_sinkhorn,0.0,ideal,zero,2,graph,50.0,50.0,100,100,7438,3.3654627799987793,0.0,0,1700.0,1700.0,1812.0,0.0,0.0,,timeout,0.0,1700,17.0,28,14.371896413576819,14.835000000000004,3.552713678800501e-15,0.0,0,0,-1372.4145613671683,False
dense_er_200_p15,2,200,2967,29.67,half_mean_deg,14.835,sinkhorn,hybrid_sinkhorn,0.0,ideal,zero,3,graph,50.0,50.0,100,100,7390,3.375340700149536,0.0,0,1678.0,1678.0,1795.0,0.0,0.0,,timeout,0.0,1678,16.78,26,14.43035751548235,14.835000000000003,1.7763568394002505e-15,0.0,0,0,-1377.471185614862,False
dense_er_200_p15,2,200,2967,29.67,half_mean_deg,14.835,sinkhorn,hybrid_sinkhorn,0.0,ideal,zero,4,graph,50.0,50.0,100,100,7450,3.4242193698883057,0.0,0,1704.0,1704.0,1807.0,0.0,0.0,,timeout,0.0,1704,17.04,28,14.385448783929451,14.835000000000003,1.7763568394002505e-15,0.0,0,1,-1374.0171592890272,False
dense_er_200_p15,2,200,2967,29.67,half_mean_deg,14.835,sinkhorn,hybrid_sinkhorn,0.0,ideal,zero,5,graph,50.0,50.0,100,100,7354,3.206543207168579,0.0,0,1725.0,1725.0,1794.0,0.0,0.0,,timeout,0.0,1725,17.25,26,14.357347244710354,14.835000000000003,1.7763568394002505e-15,0.0,0,0,-1372.2410327449722,False
dense_er_200_p15,2,200,2967,29.67,half_mean_deg,14.835,sinkhorn,hybrid_sinkhorn,0.0,ideal,zero,6,graph,50.0,50.0,100,100,7438,3.300132989883423,0.0,0,1697.0,1697.0,1799.0,0.0,0.0,,timeout,0.0,1697,16.97,27,14.386532757483355,14.835000000000003,1.7763568394002505e-15,0.0,0,0,-1374.2494174106891,False
dense_er_200_p15,2,200,2967,29.67,half_mean_deg,14.835,sinkhorn,hybrid_sinkhorn,0.0,ideal,zero,7,graph,50.0,50.0,100,100,7342,6.04311728477478,0.0,0,1732.0,1732.0,1798.0,0.0,0.0,,timeout,0.0,1732,17.32,27,14.367956460834641,14.835000000000004,3.552713678800501e-15,0.0,0,0,-1373.2409086618402,False
dense_er_200_p15,2,200,2967,29.67,half_mean_deg,14.835,sinkhorn,hybrid_sinkhorn,0.0,ideal,zero,8,graph,50.0,50.0,100,100,7354,3.4133095741271973,0.0,0,1709.0,1709.0,1785.0,0.0,0.0,,timeout,0.0,1709,17.09,27,14.343557854333103,14.835000000000004,3.552713678800501e-15,0.0,0,0,-1370.622379455693,False
dense_er_200_p15,2,200,2967,29.67,half_mean_deg,14.835,sinkhorn,hybrid_sinkhorn,0.0,ideal,zero,9,graph,50.0,50.0,100,100,7438,3.5662190914154053,0.0,0,1709.0,1709.0,1795.0,0.0,0.0,,timeout,0.0,1709,17.09,25,14.378775174177022,14.835000000000003,1.7763568394002505e-15,0.0,0,0,-1373.6359392715187,False
dense_er_200_p15,2,200,2967,29.67,half_mean_deg,14.835,frobenius,hebbian_frobenius,0.0,ideal,zero,0,graph,50.0,50.0,100,101,4952,15.439679384231567,13.534115552902222,101,1718.0,1718.0,1795.0,0.0,0.0,,timeout,0.0,1718,17.18,27,14.834999999999608,14.835000000000017,1.5987211554602254e-14,0.0,0,0,-1413.7273301076966,True
dense_er_200_p15,2,200,2967,29.67,half_mean_deg,14.835,frobenius,hebbian_frobenius,0.0,ideal,zero,1,graph,50.0,50.0,100,101,4700,21.82048201560974,19.997392892837524,101,1692.0,1692.0,1796.0,0.0,0.0,,timeout,0.0,1692,16.92,25,14.686649999993037,14.835000000000004,3.552713678800501e-15,0.0,0,0,-1400.556830068316,True
dense_er_200_p15,2,200,2967,29.67,half_mean_deg,14.835,frobenius,hebbian_frobenius,0.0,ideal,zero,2,graph,50.0,50.0,100,101,4568,42.19830870628357,40.35924458503723,101,1707.0,1707.0,1786.0,0.0,0.0,,timeout,0.0,1707,17.07,29,14.834999999999711,14.835000000000004,3.552713678800501e-15,0.0,0,0,-1413.019981412018,True
dense_er_200_p15,2,200,2967,29.67,half_mean_deg,14.835,frobenius,hebbian_frobenius,0.0,ideal,zero,3,graph,50.0,50.0,100,101,4688,14.192010879516602,12.2391836643219,101,1677.0,1677.0,1813.0,0.0,0.0,,timeout,0.0,1677,16.77,26,14.835000000000155,14.835000000000809,8.08242361927114e-13,0.0,0,0,-1412.926413485017,True
dense_er_200_p15,2,200,2967,29.67,half_mean_deg,14.835,frobenius,hebbian_frobenius,0.0,ideal,zero,4,graph,50.0,50.0,100,101,4664,12.990819454193115,11.191587209701538,101,1701.0,1701.0,1821.0,0.0,0.0,,timeout,0.0,1701,17.01,28,14.686650000000002,14.835000000000004,3.552713678800501e-15,0.0,0,0,-1400.7000700801339,True
dense_er_200_p15,2,200,2967,29.67,half_mean_deg,14.835,frobenius,hebbian_frobenius,0.0,ideal,zero,5,graph,50.0,50.0,100,101,4664,11.047943115234375,9.26581072807312,101,1726.0,1726.0,1794.0,0.0,0.0,,timeout,0.0,1726,17.26,27,14.834999999999573,14.835000000000003,1.7763568394002505e-15,0.0,0,0,-1413.9069289867732,True
dense_er_200_p15,2,200,2967,29.67,half_mean_deg,14.835,frobenius,hebbian_frobenius,0.0,ideal,zero,6,graph,50.0,50.0,100,101,4760,25.647382497787476,23.734044313430786,101,1704.0,1704.0,1804.0,0.0,0.0,,timeout,0.0,1704,17.04,28,14.835000000000063,14.835000000000768,7.673861546209082e-13,0.0,0,0,-1413.1928252967448,True
dense_er_200_p15,2,200,2967,29.67,half_mean_deg,14.835,frobenius,hebbian_frobenius,0.0,ideal,zero,7,graph,50.0,50.0,100,101,4784,16.049399614334106,14.226634740829468,101,1733.0,1733.0,1792.0,0.0,0.0,,timeout,0.0,1733,17.33,26,14.834999999999795,14.83500000000014,1.3855583347321954e-13,0.0,0,0,-1414.989391035579,True
dense_er_200_p15,2,200,2967,29.67,half_mean_deg,14.835,frobenius,hebbian_frobenius,0.0,ideal,zero,8,graph,50.0,50.0,100,101,4688,13.935141801834106,12.107922554016113,101,1704.0,1704.0,1794.0,0.0,0.0,,timeout,0.0,1704,17.04,27,14.686649999994797,14.835000000000004,3.552713678800501e-15,0.0,0,0,-1401.411878680645,True
dense_er_200_p15,2,200,2967,29.67,half_mean_deg,14.835,frobenius,hebbian_frobenius,0.0,ideal,zero,9,graph,50.0,50.0,100,101,4652,7.774301290512085,5.978070020675659,101,1707.0,1707.0,1783.0,0.0,0.0,,timeout,0.0,1707,17.07,26,14.83499999999981,14.835000000000003,1.7763568394002505e-15,0.0,0,0,-1413.442624249661,True
dense_er_200_p15,2,200,2967,29.67,half_mean_deg,14.835,frobenius,hybrid_frobenius,0.0,ideal,zero,0,graph,50.0,50.0,100,101,7762,19.379178524017334,16.511046409606934,101,1718.0,1718.0,1795.0,0.0,0.0,,timeout,0.0,1718,17.18,27,14.834999999999608,14.835000000000017,1.5987211554602254e-14,0.0,0,0,-1413.7273301076966,True
dense_er_200_p15,2,200,2967,29.67,half_mean_deg,14.835,frobenius,hybrid_frobenius,0.0,ideal,zero,1,graph,50.0,50.0,100,101,7498,23.27172040939331,20.38111448287964,101,1692.0,1692.0,1796.0,0.0,0.0,,timeout,0.0,1692,16.92,25,14.686649999993037,14.835000000000004,3.552713678800501e-15,0.0,0,0,-1400.556830068316,True
dense_er_200_p15,2,200,2967,29.67,half_mean_deg,14.835,frobenius,hybrid_frobenius,0.0,ideal,zero,2,graph,50.0,50.0,100,101,7390,43.09089016914368,40.3194215297699,101,1707.0,1707.0,1786.0,0.0,0.0,,timeout,0.0,1707,17.07,29,14.834999999999711,14.835000000000004,3.552713678800501e-15,0.0,0,0,-1413.019981412018,True
dense_er_200_p15,2,200,2967,29.67,half_mean_deg,14.835,frobenius,hybrid_frobenius,0.0,ideal,zero,3,graph,50.0,50.0,100,101,7522,11.76596713066101,8.998412609100342,101,1677.0,1677.0,1813.0,0.0,0.0,,timeout,0.0,1677,16.77,26,14.835000000000155,14.835000000000809,8.08242361927114e-13,0.0,0,0,-1412.926413485017,True
dense_er_200_p15,2,200,2967,29.67,half_mean_deg,14.835,frobenius,hybrid_frobenius,0.0,ideal,zero,4,graph,50.0,50.0,100,101,7498,17.12570858001709,14.334933042526245,101,1701.0,1701.0,1821.0,0.0,0.0,,timeout,0.0,1701,17.01,28,14.686650000000002,14.835000000000004,3.552713678800501e-15,0.0,0,0,-1400.7000700801339,True
dense_er_200_p15,2,200,2967,29.67,half_mean_deg,14.835,frobenius,hybrid_frobenius,0.0,ideal,zero,5,graph,50.0,50.0,100,101,7498,12.309723138809204,9.454644441604614,101,1726.0,1726.0,1794.0,0.0,0.0,,timeout,0.0,1726,17.26,27,14.834999999999573,14.835000000000003,1.7763568394002505e-15,0.0,0,0,-1413.9069289867732,True
dense_er_200_p15,2,200,2967,29.67,half_mean_deg,14.835,frobenius,hybrid_frobenius,0.0,ideal,zero,6,graph,50.0,50.0,100,101,7570,26.20720887184143,23.39675545692444,101,1704.0,1704.0,1804.0,0.0,0.0,,timeout,0.0,1704,17.04,28,14.835000000000063,14.835000000000768,7.673861546209082e-13,0.0,0,0,-1413.1928252967448,True
dense_er_200_p15,2,200,2967,29.67,half_mean_deg,14.835,frobenius,hybrid_frobenius,0.0,ideal,zero,7,graph,50.0,50.0,100,101,7618,14.423369407653809,11.494714260101318,101,1733.0,1733.0,1792.0,0.0,0.0,,timeout,0.0,1733,17.33,26,14.834999999999795,14.83500000000014,1.3855583347321954e-13,0.0,0,0,-1414.989391035579,True
dense_er_200_p15,2,200,2967,29.67,half_mean_deg,14.835,frobenius,hybrid_frobenius,0.0,ideal,zero,8,graph,50.0,50.0,100,101,7522,17.840689420700073,15.009917736053467,101,1704.0,1704.0,1794.0,0.0,0.0,,timeout,0.0,1704,17.04,27,14.686649999994797,14.835000000000004,3.552713678800501e-15,0.0,0,0,-1401.411878680645,True
dense_er_200_p15,2,200,2967,29.67,half_mean_deg,14.835,frobenius,hybrid_frobenius,0.0,ideal,zero,9,graph,50.0,50.0,100,101,7486,8.62891149520874,5.903488636016846,101,1707.0,1707.0,1783.0,0.0,0.0,,timeout,0.0,1707,17.07,26,14.83499999999981,14.835000000000003,1.7763568394002505e-15,0.0,0,0,-1413.442624249661,True
dense_er_200_p15,2,200,2967,29.67,mean_deg,29.67,none,static,0.0,ideal,zero,0,graph,50.0,50.0,0,0,3362,1.7603492736816406,0.0,0,1831.0,1845.0,1847.0,0.0,0.0,,timeout,0.0,2967,29.67,43,29.67,43.0,13.329999999999998,0.0,0,0,0.0,False
dense_er_200_p15,2,200,2967,29.67,mean_deg,29.67,none,static,0.0,ideal,zero,1,graph,50.0,50.0,0,0,3278,1.6698923110961914,0.0,0,1830.0,1846.0,1850.0,0.0,0.0,,timeout,0.0,2967,29.67,43,29.67,43.0,13.329999999999998,0.0,0,0,0.0,False
dense_er_200_p15,2,200,2967,29.67,mean_deg,29.67,none,static,0.0,ideal,zero,2,graph,50.0,50.0,0,0,2882,1.397540807723999,0.0,0,1824.0,1837.0,1844.0,0.0,0.0,,timeout,0.0,2967,29.67,43,29.67,43.0,13.329999999999998,0.0,0,0,0.0,False
dense_er_200_p15,2,200,2967,29.67,mean_deg,29.67,none,static,0.0,ideal,zero,3,graph,50.0,50.0,0,0,3194,1.522031307220459,0.0,0,1839.0,1846.0,1850.0,0.0,0.0,,timeout,0.0,2967,29.67,43,29.67,43.0,13.329999999999998,0.0,0,0,0.0,False
dense_er_200_p15,2,200,2967,29.67,mean_deg,29.67,none,static,0.0,ideal,zero,4,graph,50.0,50.0,0,0,3230,1.4817259311676025,0.0,0,1833.0,1842.0,1847.0,0.0,0.0,,timeout,0.0,2967,29.67,43,29.67,43.0,13.329999999999998,0.0,0,0,0.0,False
dense_er_200_p15,2,200,2967,29.67,mean_deg,29.67,none,static,0.0,ideal,zero,5,graph,50.0,50.0,0,0,3638,1.676750659942627,0.0,0,1806.0,1836.0,1846.0,0.0,0.0,,timeout,0.0,2967,29.67,43,29.67,43.0,13.329999999999998,0.0,0,0,0.0,False
dense_er_200_p15,2,200,2967,29.67,mean_deg,29.67,none,static,0.0,ideal,zero,6,graph,50.0,50.0,0,0,2894,1.3996026515960693,0.0,0,1816.0,1836.0,1845.0,0.0,0.0,,timeout,0.0,2967,29.67,43,29.67,43.0,13.329999999999998,0.0,0,0,0.0,False
dense_er_200_p15,2,200,2967,29.67,mean_deg,29.67,none,static,0.0,ideal,zero,7,graph,50.0,50.0,0,0,2978,1.3963751792907715,0.0,0,1817.0,1833.0,1839.0,0.0,0.0,,timeout,0.0,2967,29.67,43,29.67,43.0,13.329999999999998,0.0,0,0,0.0,False
dense_er_200_p15,2,200,2967,29.67,mean_deg,29.67,none,static,0.0,ideal,zero,8,graph,50.0,50.0,0,0,3218,1.466961145401001,0.0,0,1825.0,1844.0,1848.0,0.0,0.0,,timeout,0.0,2967,29.67,43,29.67,43.0,13.329999999999998,0.0,0,0,0.0,False
dense_er_200_p15,2,200,2967,29.67,mean_deg,29.67,none,static,0.0,ideal,zero,9,graph,50.0,50.0,0,0,3050,1.4690935611724854,0.0,0,1819.0,1845.0,1846.0,0.0,0.0,,timeout,0.0,2967,29.67,43,29.67,43.0,13.329999999999998,0.0,0,0,0.0,False
dense_er_200_p15,2,200,2967,29.67,mean_deg,29.67,none,random_rounding,0.0,ideal,zero,0,graph,50.0,50.0,0,0,3362,1.5622940063476562,0.0,0,1831.0,1845.0,1847.0,0.0,0.0,,timeout,0.0,2967,29.67,43,29.67,43.0,13.329999999999998,0.0,0,0,0.0,False
dense_er_200_p15,2,200,2967,29.67,mean_deg,29.67,none,random_rounding,0.0,ideal,zero,1,graph,50.0,50.0,0,0,3278,1.6843547821044922,0.0,0,1830.0,1846.0,1850.0,0.0,0.0,,timeout,0.0,2967,29.67,43,29.67,43.0,13.329999999999998,0.0,0,0,0.0,False
dense_er_200_p15,2,200,2967,29.67,mean_deg,29.67,none,random_rounding,0.0,ideal,zero,2,graph,50.0,50.0,0,0,2882,1.4416284561157227,0.0,0,1824.0,1837.0,1844.0,0.0,0.0,,timeout,0.0,2967,29.67,43,29.67,43.0,13.329999999999998,0.0,0,0,0.0,False
dense_er_200_p15,2,200,2967,29.67,mean_deg,29.67,none,random_rounding,0.0,ideal,zero,3,graph,50.0,50.0,0,0,3194,1.6156606674194336,0.0,0,1839.0,1846.0,1850.0,0.0,0.0,,timeout,0.0,2967,29.67,43,29.67,43.0,13.329999999999998,0.0,0,0,0.0,False
dense_er_200_p15,2,200,2967,29.67,mean_deg,29.67,none,random_rounding,0.0,ideal,zero,4,graph,50.0,50.0,0,0,3230,1.4944710731506348,0.0,0,1833.0,1842.0,1847.0,0.0,0.0,,timeout,0.0,2967,29.67,43,29.67,43.0,13.329999999999998,0.0,0,0,0.0,False
dense_er_200_p15,2,200,2967,29.67,mean_deg,29.67,none,random_rounding,0.0,ideal,zero,5,graph,50.0,50.0,0,0,3638,4.670517683029175,0.0,0,1806.0,1836.0,1846.0,0.0,0.0,,timeout,0.0,2967,29.67,43,29.67,43.0,13.329999999999998,0.0,0,0,0.0,False
dense_er_200_p15,2,200,2967,29.67,mean_deg,29.67,none,random_rounding,0.0,ideal,zero,6,graph,50.0,50.0,0,0,2894,1.3814194202423096,0.0,0,1816.0,1836.0,1845.0,0.0,0.0,,timeout,0.0,2967,29.67,43,29.67,43.0,13.329999999999998,0.0,0,0,0.0,False
dense_er_200_p15,2,200,2967,29.67,mean_deg,29.67,none,random_rounding,0.0,ideal,zero,7,graph,50.0,50.0,0,0,2978,1.4713106155395508,0.0,0,1817.0,1833.0,1839.0,0.0,0.0,,timeout,0.0,2967,29.67,43,29.67,43.0,13.329999999999998,0.0,0,0,0.0,False
dense_er_200_p15,2,200,2967,29.67,mean_deg,29.67,none,random_rounding,0.0,ideal,zero,8,graph,50.0,50.0,0,0,3218,1.557931661605835,0.0,0,1825.0,1844.0,1848.0,0.0,0.0,,timeout,0.0,2967,29.67,43,29.67,43.0,13.329999999999998,0.0,0,0,0.0,False
dense_er_200_p15,2,200,2967,29.67,mean_deg,29.67,none,random_rounding,0.0,ideal,zero,9,graph,50.0,50.0,0,0,3050,1.5444655418395996,0.0,0,1819.0,1845.0,1846.0,0.0,0.0,,timeout,0.0,2967,29.67,43,29.67,43.0,13.329999999999998,0.0,0,0,0.0,False
dense_er_200_p15,2,200,2967,29.67,mean_deg,29.67,none,greedy,0.0,ideal,zero,0,graph,50.0,50.0,0,0,0,0.0008020401000976562,0.0,0,1796.0,1796.0,1796.0,0.0,0.0,,timeout,0.0,0,0.0,0,0.0,0.0,0.0,0.0,0,0,0.0,False
dense_er_200_p15,2,200,2967,29.67,mean_deg,29.67,none,greedy,0.0,ideal,zero,1,graph,50.0,50.0,0,0,0,0.0009815692901611328,0.0,0,1815.0,1815.0,1815.0,0.0,0.0,,timeout,0.0,0,0.0,0,0.0,0.0,0.0,0.0,0,0,0.0,False
dense_er_200_p15,2,200,2967,29.67,mean_deg,29.67,none,greedy,0.0,ideal,zero,2,graph,50.0,50.0,0,0,0,0.0010790824890136719,0.0,0,1814.0,1814.0,1814.0,0.0,0.0,,timeout,0.0,0,0.0,0,0.0,0.0,0.0,0.0,0,0,0.0,False
dense_er_200_p15,2,200,2967,29.67,mean_deg,29.67,none,greedy,0.0,ideal,zero,3,graph,50.0,50.0,0,0,0,0.0007846355438232422,0.0,0,1827.0,1827.0,1827.0,0.0,0.0,,timeout,0.0,0,0.0,0,0.0,0.0,0.0,0.0,0,0,0.0,False
dense_er_200_p15,2,200,2967,29.67,mean_deg,29.67,none,greedy,0.0,ideal,zero,4,graph,50.0,50.0,0,0,0,0.0009367465972900391,0.0,0,1807.0,1807.0,1807.0,0.0,0.0,,timeout,0.0,0,0.0,0,0.0,0.0,0.0,0.0,0,0,0.0,False
dense_er_200_p15,2,200,2967,29.67,mean_deg,29.67,none,greedy,0.0,ideal,zero,5,graph,50.0,50.0,0,0,0,0.0008118152618408203,0.0,0,1813.0,1813.0,1813.0,0.0,0.0,,timeout,0.0,0,0.0,0,0.0,0.0,0.0,0.0,0,0,0.0,False
dense_er_200_p15,2,200,2967,29.67,mean_deg,29.67,none,greedy,0.0,ideal,zero,6,graph,50.0,50.0,0,0,0,0.0009400844573974609,0.0,0,1816.0,1816.0,1816.0,0.0,0.0,,timeout,0.0,0,0.0,0,0.0,0.0,0.0,0.0,0,0,0.0,False
dense_er_200_p15,2,200,2967,29.67,mean_deg,29.67,none,greedy,0.0,ideal,zero,7,graph,50.0,50.0,0,0,0,0.0006945133209228516,0.0,0,1771.0,1771.0,1771.0,0.0,0.0,,timeout,0.0,0,0.0,0,0.0,0.0,0.0,0.0,0,0,0.0,False
dense_er_200_p15,2,200,2967,29.67,mean_deg,29.67,none,greedy,0.0,ideal,zero,8,graph,50.0,50.0,0,0,0,0.0011682510375976562,0.0,0,1809.0,1809.0,1809.0,0.0,0.0,,timeout,0.0,0,0.0,0,0.0,0.0,0.0,0.0,0,0,0.0,False
dense_er_200_p15,2,200,2967,29.67,mean_deg,29.67,none,greedy,0.0,ideal,zero,9,graph,50.0,50.0,0,0,0,0.0011987686157226562,0.0,0,1826.0,1826.0,1826.0,0.0,0.0,,timeout,0.0,0,0.0,0,0.0,0.0,0.0,0.0,0,0,0.0,False
dense_er_200_p15,2,200,2967,29.67,mean_deg,29.67,none,static_projected,0.0,ideal,zero,0,graph,50.0,50.0,0,1,2870,1.4028706550598145,0.041951656341552734,1,1849.0,1849.0,1850.0,0.0,0.0,,timeout,0.0,2967,29.67,43,26.9775845918808,29.670000000000005,3.552713678800501e-15,0.0,0,0,0.0,False
dense_er_200_p15,2,200,2967,29.67,mean_deg,29.67,none,static_projected,0.0,ideal,zero,1,graph,50.0,50.0,0,1,3242,1.6691479682922363,0.03228402137756348,1,1821.0,1844.0,1850.0,0.0,0.0,,timeout,0.0,2967,29.67,43,26.9775845918808,29.670000000000005,3.552713678800501e-15,0.0,0,0,0.0,False
dense_er_200_p15,2,200,2967,29.67,mean_deg,29.67,none,static_projected,0.0,ideal,zero,2,graph,50.0,50.0,0,1,2834,1.4775545597076416,0.02968883514404297,1,1812.0,1841.0,1851.0,0.0,0.0,,timeout,0.0,2967,29.67,43,26.9775845918808,29.670000000000005,3.552713678800501e-15,0.0,0,0,0.0,False
dense_er_200_p15,2,200,2967,29.67,mean_deg,29.67,none,static_projected,0.0,ideal,zero,3,graph,50.0,50.0,0,1,3086,1.5334851741790771,0.028429746627807617,1,1831.0,1832.0,1840.0,0.0,0.0,,timeout,0.0,2967,29.67,43,26.9775845918808,29.670000000000005,3.552713678800501e-15,0.0,0,0,0.0,False
dense_er_200_p15,2,200,2967,29.67,mean_deg,29.67,none,static_projected,0.0,ideal,zero,4,graph,50.0,50.0,0,1,3014,1.4329736232757568,0.02942514419555664,1,1816.0,1840.0,1846.0,0.0,0.0,,timeout,0.0,2967,29.67,43,26.9775845918808,29.670000000000005,3.552713678800501e-15,0.0,0,0,0.0,False
dense_er_200_p15,2,200,2967,29.67,mean_deg,29.67,none,static_projected,0.0,ideal,zero,5,graph,50.0,50.0,0,1,2702,1.3528509140014648,0.03259730339050293,1,1836.0,1837.0,1849.0,0.0,0.0,,timeout,0.0,2967,29.67,43,26.9775845918808,29.670000000000005,3.552713678800501e-15,0.0,0,0,0.0,False
dense_er_200_p15,2,200,2967,29.67,mean_deg,29.67,none,static_projected,0.0,ideal,zero,6,graph,50.0,50.0,0,1,3170,1.6685528755187988,0.030910491943359375,1,1820.0,1837.0,1845.0,0.0,0.0,,timeout,0.0,2967,29.67,43,26.9775845918808,29.670000000000005,3.552713678800501e-15,0.0,0,0,0.0,False
dense_er_200_p15,2,200,2967,29.67,mean_deg,29.67,none,static_projected,0.0,ideal,zero,7,graph,50.0,50.0,0,1,3434,1.7573776245117188,0.0416717529296875,1,1836.0,1839.0,1851.0,0.0,0.0,,timeout,0.0,2967,29.67,43,26.9775845918808,29.670000000000005,3.552713678800501e-15,0.0,0,0,0.0,False
dense_er_200_p15,2,200,2967,29.67,mean_deg,29.67,none,static_projected,0.0,ideal,zero,8,graph,50.0,50.0,0,1,3086,1.4919192790985107,0.03131985664367676,1,1822.0,1829.0,1847.0,0.0,0.0,,timeout,0.0,2967,29.67,43,26.9775845918808,29.670000000000005,3.552713678800501e-15,0.0,0,0,0.0,False
dense_er_200_p15,2,200,2967,29.67,mean_deg,29.67,none,static_projected,0.0,ideal,zero,9,graph,50.0,50.0,0,1,2894,1.3959345817565918,0.02392268180847168,1,1841.0,1841.0,1849.0,0.0,0.0,,timeout,0.0,2967,29.67,43,26.9775845918808,29.670000000000005,3.552713678800501e-15,0.0,0,0,0.0,False
dense_er_200_p15,2,200,2967,29.67,mean_deg,29.67,none,static_budgeted,0.0,ideal,zero,0,graph,50.0,50.0,0,1,3086,1.5001823902130127,0.028952836990356445,1,1820.0,1832.0,1843.0,0.0,0.0,,timeout,0.0,2953,29.53,42,27.01658772288168,29.67,0.0,0.0,0,0,0.0,False
dense_er_200_p15,2,200,2967,29.67,mean_deg,29.67,none,static_budgeted,0.0,ideal,zero,1,graph,50.0,50.0,0,1,2822,1.4298021793365479,0.041678428649902344,1,1829.0,1836.0,1843.0,0.0,0.0,,timeout,0.0,2959,29.59,42,26.99308341786269,29.670000000000005,3.552713678800501e-15,0.0,0,0,0.0,False
dense_er_200_p15,2,200,2967,29.67,mean_deg,29.67,none,static_budgeted,0.0,ideal,zero,2,graph,50.0,50.0,0,1,3314,1.6203010082244873,0.02499985694885254,1,1832.0,1845.0,1849.0,0.0,0.0,,timeout,0.0,2958,29.58,42,27.00146689535406,29.67000000000001,7.105427357601002e-15,0.0,0,0,0.0,False
dense_er_200_p15,2,200,2967,29.67,mean_deg,29.67,none,static_budgeted,0.0,ideal,zero,3,graph,50.0,50.0,0,1,3254,1.5996010303497314,0.034873008728027344,1,1819.0,1838.0,1841.0,0.0,0.0,,timeout,0.0,2959,29.59,42,26.99747284706375,29.67,0.0,0.0,0,0,0.0,False
dense_er_200_p15,2,200,2967,29.67,mean_deg,29.67,none,static_budgeted,0.0,ideal,zero,4,graph,50.0,50.0,0,1,3098,1.489941120147705,0.04192376136779785,1,1815.0,1841.0,1847.0,0.0,0.0,,timeout,0.0,2955,29.55,42,27.010657464381,29.670000000000005,3.552713678800501e-15,0.0,0,0,0.0,False
dense_er_200_p15,2,200,2967,29.67,mean_deg,29.67,none,static_budgeted,0.0,ideal,zero,5,graph,50.0,50.0,0,1,2750,4.236029386520386,0.029221534729003906,1,1828.0,1834.0,1847.0,0.0,0.0,,timeout,0.0,2952,29.52,42,27.00778553364081,29.670000000000005,3.552713678800501e-15,0.0,0,0,0.0,False
dense_er_200_p15,2,200,2967,29.67,mean_deg,29.67,none,static_budgeted,0.0,ideal,zero,6,graph,50.0,50.0,0,1,2702,1.3714323043823242,0.03723621368408203,1,1823.0,1830.0,1837.0,0.0,0.0,,timeout,0.0,2957,29.57,43,27.00945895399713,29.670000000000005,3.552713678800501e-15,0.0,0,0,0.0,False
dense_er_200_p15,2,200,2967,29.67,mean_deg,29.67,none,static_budgeted,0.0,ideal,zero,7,graph,50.0,50.0,0,1,2654,1.37613844871521,0.029531240463256836,1,1844.0,1844.0,1850.0,0.0,0.0,,timeout,0.0,2951,29.51,42,27.011710854209586,29.670000000000005,3.552713678800501e-15,0.0,0,0,0.0,False
dense_er_200_p15,2,200,2967,29.67,mean_deg,29.67,none,static_budgeted,0.0,ideal,zero,8,graph,50.0,50.0,0,1,3110,1.6313331127166748,0.04293489456176758,1,1825.0,1837.0,1846.0,0.0,0.0,,timeout,0.0,2957,29.57,43,26.994367128741164,29.670000000000005,3.552713678800501e-15,0.0,0,0,0.0,False
dense_er_200_p15,2,200,2967,29.67,mean_deg,29.67,none,static_budgeted,0.0,ideal,zero,9,graph,50.0,50.0,0,1,3278,1.710890769958496,0.04615020751953125,1,1843.0,1843.0,1851.0,0.0,0.0,,timeout,0.0,2957,29.57,43,26.99954553270075,29.67,0.0,0.0,0,0,0.0,False
dense_er_200_p15,2,200,2967,29.67,mean_deg,29.67,none,random_budgeted,0.0,ideal,zero,0,graph,50.0,50.0,0,1,2126,1.0974557399749756,0.0028030872344970703,1,1788.0,1820.0,1836.0,0.0,0.0,,timeout,0.0,2967,29.67,43,14.872433604320083,22.39374154070738,-7.27625845929262,0.0,0,0,0.0,False
dense_er_200_p15,2,200,2967,29.67,mean_deg,29.67,none,random_budgeted,0.0,ideal,zero,1,graph,50.0,50.0,0,1,1862,0.8761181831359863,0.0028493404388427734,1,1798.0,1812.0,1828.0,0.0,0.0,,timeout,0.0,2967,29.67,43,14.776496655490583,22.44062394595997,-7.229376054040031,0.0,0,0,0.0,False
dense_er_200_p15,2,200,2967,29.67,mean_deg,29.67,none,random_budgeted,0.0,ideal,zero,2,graph,50.0,50.0,0,1,1802,0.8629820346832275,0.002730846405029297,1,1826.0,1826.0,1830.0,0.0,0.0,,timeout,0.0,2967,29.67,43,14.69673045354569,22.052566021434195,-7.617433978565806,0.0,0,0,0.0,False
dense_er_200_p15,2,200,2967,29.67,mean_deg,29.67,none,random_budgeted,0.0,ideal,zero,3,graph,50.0,50.0,0,1,1922,0.8979940414428711,0.002203226089477539,1,1802.0,1814.0,1830.0,0.0,0.0,,timeout,0.0,2967,29.67,43,14.712595268877994,21.997010536740447,-7.6729894632595546,0.0,0,0,0.0,False
dense_er_200_p15,2,200,2967,29.67,mean_deg,29.67,none,random_budgeted,0.0,ideal,zero,4,graph,50.0,50.0,0,1,1826,0.8513274192810059,0.0028824806213378906,1,1799.0,1833.0,1843.0,0.0,0.0,,timeout,0.0,2967,29.67,43,14.867592736534482,22.67408908768624,-6.995910912313761,0.0,0,0,0.0,False
dense_er_200_p15,2,200,2967,29.67,mean_deg,29.67,none,random_budgeted,0.0,ideal,zero,5,graph,50.0,50.0,0,1,1730,0.8220953941345215,0.002759695053100586,1,1804.0,1805.0,1820.0,0.0,0.0,,timeout,0.0,2967,29.67,43,14.745080026445288,22.227679760783833,-7.442320239216169,0.0,0,0,0.0,False
dense_er_200_p15,2,200,2967,29.67,mean_deg,29.67,none,random_budgeted,0.0,ideal,zero,6,graph,50.0,50.0,0,1,1910,0.9137163162231445,0.0032927989959716797,1,1795.0,1814.0,1841.0,0.0,0.0,,timeout,0.0,2967,29.67,43,14.824076600401694,21.81523480639686,-7.854765193603143,0.0,0,0,0.0,False
dense_er_200_p15,2,200,2967,29.67,mean_deg,29.67,none,random_budgeted,0.0,ideal,zero,7,graph,50.0,50.0,0,1,2126,1.0081703662872314,0.002938985824584961,1,1799.0,1816.0,1844.0,0.0,0.0,,timeout,0.0,2967,29.67,43,14.590915666743701,22.55139213852963,-7.118607861470373,0.0,0,0,0.0,False
dense_er_200_p15,2,200,2967,29.67,mean_deg,29.67,none,random_budgeted,0.0,ideal,zero,8,graph,50.0,50.0,0,1,1862,0.8622546195983887,0.0026836395263671875,1,1801.0,1801.0,1820.0,0.0,0.0,,timeout,0.0,2967,29.67,43,15.10790445344984,23.071278690519264,-6.598721309480737,0.0,0,0,0.0,False
dense_er_200_p15,2,200,2967,29.67,mean_deg,29.67,none,random_budgeted,0.0,ideal,zero,9,graph,50.0,50.0,0,1,2318,1.1280226707458496,0.0026140213012695312,1,1780.0,1819.0,1834.0,0.0,0.0,,timeout,0.0,2967,29.67,43,14.734984926872842,21.349207506917,-8.320792493083001,0.0,0,0,0.0,False
dense_er_200_p15,2,200,2967,29.67,mean_deg,29.67,none,learned_support_random_weights,0.0,ideal,zero,0,hebbian_seed0,50.0,50.0,0,1,2030,0.7374227046966553,0.0037288665771484375,1,1768.0,1768.0,1806.0,0.0,0.0,,timeout,0.0,1768,17.68,28,8.838012215967671,15.287512361554764,-14.382487638445237,0.0,0,0,0.0,False
dense_er_200_p15,2,200,2967,29.67,mean_deg,29.67,none,learned_support_random_weights,0.0,ideal,zero,1,hebbian_seed0,50.0,50.0,0,1,2054,0.7243747711181641,0.002889871597290039,1,1768.0,1768.0,1806.0,0.0,0.0,,timeout,0.0,1768,17.68,28,8.844409951161595,15.686698353813137,-13.983301646186865,0.0,0,0,0.0,False
dense_er_200_p15,2,200,2967,29.67,mean_deg,29.67,none,learned_support_random_weights,0.0,ideal,zero,2,hebbian_seed0,50.0,50.0,0,1,2090,0.7435972690582275,0.0028107166290283203,1,1768.0,1768.0,1806.0,0.0,0.0,,timeout,0.0,1768,17.68,28,8.776463474119748,14.245951571263657,-15.424048428736345,0.0,0,0,0.0,False
dense_er_200_p15,2,200,2967,29.67,mean_deg,29.67,none,learned_support_random_weights,0.0,ideal,zero,3,hebbian_seed0,50.0,50.0,0,1,2066,0.7333483695983887,0.0023589134216308594,1,1768.0,1768.0,1806.0,0.0,0.0,,timeout,0.0,1768,17.68,28,8.783843346109448,15.111192249654579,-14.558807750345423,0.0,0,0,0.0,False
dense_er_200_p15,2,200,2967,29.67,mean_deg,29.67,none,learned_support_random_weights,0.0,ideal,zero,4,hebbian_seed0,50.0,50.0,0,1,2114,0.814399242401123,0.002919912338256836,1,1768.0,1768.0,1806.0,0.0,0.0,,timeout,0.0,1768,17.68,28,8.806717859804827,14.456938344409306,-15.213061655590696,0.0,0,0,0.0,False
dense_er_200_p15,2,200,2967,29.67,mean_deg,29.67,none,learned_support_random_weights,0.0,ideal,zero,5,hebbian_seed0,50.0,50.0,0,1,2066,0.7393851280212402,0.0027565956115722656,1,1768.0,1768.0,1806.0,0.0,0.0,,timeout,0.0,1768,17.68,28,8.801617804206499,15.073405027166713,-14.596594972833289,0.0,0,0,0.0,False
dense_er_200_p15,2,200,2967,29.67,mean_deg,29.67,none,learned_support_random_weights,0.0,ideal,zero,6,hebbian_seed0,50.0,50.0,0,1,2030,0.7960047721862793,0.001972675323486328,1,1768.0,1768.0,1806.0,0.0,0.0,,timeout,0.0,1768,17.68,28,8.914082082687164,13.856807835088965,-15.813192164911037,0.0,0,0,0.0,False
dense_er_200_p15,2,200,2967,29.67,mean_deg,29.67,none,learned_support_random_weights,0.0,ideal,zero,7,hebbian_seed0,50.0,50.0,0,1,1994,0.7451517581939697,0.0020437240600585938,1,1768.0,1768.0,1806.0,0.0,0.0,,timeout,0.0,1768,17.68,28,8.751281459528467,15.221717347378767,-14.448282652621234,0.0,0,0,0.0,False
dense_er_200_p15,2,200,2967,29.67,mean_deg,29.67,none,learned_support_random_weights,0.0,ideal,zero,8,hebbian_seed0,50.0,50.0,0,1,2018,0.7236523628234863,0.002694845199584961,1,1768.0,1768.0,1806.0,0.0,0.0,,timeout,0.0,1768,17.68,28,9.0142696400594,15.631381275796802,-14.0386187242032,0.0,0,0,0.0,False
dense_er_200_p15,2,200,2967,29.67,mean_deg,29.67,none,learned_support_random_weights,0.0,ideal,zero,9,hebbian_seed0,50.0,50.0,0,1,2042,0.7426705360412598,0.0019137859344482422,1,1768.0,1768.0,1806.0,0.0,0.0,,timeout,0.0,1768,17.68,28,8.722557563570245,13.855581082694757,-15.814418917305245,0.0,0,0,0.0,False
dense_er_200_p15,2,200,2967,29.67,mean_deg,29.67,none,topology_scrambled,0.0,ideal,zero,0,graph,50.0,50.0,100,101,8816,12.816590785980225,9.344785451889038,101,1558.0,1558.0,1809.0,0.0,0.0,,timeout,0.0,1602,16.02,26,29.076600000000006,29.67000000000001,7.105427357601002e-15,0.0,0,0,-2621.3247122711045,False
dense_er_200_p15,2,200,2967,29.67,mean_deg,29.67,none,topology_scrambled,0.0,ideal,zero,1,graph,50.0,50.0,100,101,8816,9.342891931533813,5.7927680015563965,101,1542.0,1542.0,1835.0,0.0,0.0,,timeout,0.0,1606,16.06,27,28.779899999999934,29.670000000000005,3.552713678800501e-15,0.0,0,0,-2600.2311390808795,False
dense_er_200_p15,2,200,2967,29.67,mean_deg,29.67,none,topology_scrambled,0.0,ideal,zero,2,graph,50.0,50.0,100,101,8816,12.770541906356812,9.319341897964478,101,1525.0,1525.0,1779.0,0.0,0.0,,timeout,0.0,1591,15.91,26,29.373300000000004,29.67000000000001,7.105427357601002e-15,0.0,0,0,-2641.6337031787393,False
dense_er_200_p15,2,200,2967,29.67,mean_deg,29.67,none,topology_scrambled,0.0,ideal,zero,3,graph,50.0,50.0,100,101,8840,14.562227487564087,11.068017482757568,101,1537.0,1537.0,1786.0,0.0,0.0,,timeout,0.0,1579,15.79,27,29.37329999999767,29.67000000000001,7.105427357601002e-15,0.0,0,0,-2636.7925546342512,False
dense_er_200_p15,2,200,2967,29.67,mean_deg,29.67,none,topology_scrambled,0.0,ideal,zero,4,graph,50.0,50.0,100,101,8780,12.844089269638062,9.282702207565308,101,1561.0,1561.0,1794.0,0.0,0.0,,timeout,0.0,1625,16.25,27,29.373300000000008,29.67000000000001,7.105427357601002e-15,0.0,0,0,-2645.2653815230365,False
dense_er_200_p15,2,200,2967,29.67,mean_deg,29.67,none,topology_scrambled,0.0,ideal,zero,5,graph,50.0,50.0,100,101,9212,30.88500452041626,27.19823384284973,101,1599.0,1599.0,1794.0,0.0,0.0,,timeout,0.0,1625,16.25,26,29.66999999999989,29.670000000000105,1.0302869668521453e-13,0.0,0,0,-2662.923235443207,False
dense_er_200_p15,2,200,2967,29.67,mean_deg,29.67,none,topology_scrambled,0.0,ideal,zero,6,graph,50.0,50.0,100,101,8756,6.732478141784668,3.262693405151367,101,1585.0,1585.0,1823.0,0.0,0.0,,timeout,0.0,1573,15.73,26,28.48320000000028,29.67000000000088,8.775202786637237e-13,0.0,0,0,-2568.7010749039423,False
dense_er_200_p15,2,200,2967,29.67,mean_deg,29.67,none,topology_scrambled,0.0,ideal,zero,7,graph,50.0,50.0,100,101,9080,17.22539448738098,13.70530390739441,101,1569.0,1569.0,1822.0,0.0,0.0,,timeout,0.0,1637,16.37,28,29.669999999999614,29.670000000000005,3.552713678800501e-15,0.0,0,0,-2670.714675005439,False
dense_er_200_p15,2,200,2967,29.67,mean_deg,29.67,none,topology_scrambled,0.0,ideal,zero,8,graph,50.0,50.0,100,101,8852,10.46452283859253,7.0449488162994385,101,1552.0,1552.0,1822.0,0.0,0.0,,timeout,0.0,1602,16.02,26,29.373300000000004,29.67000000000001,7.105427357601002e-15,0.0,0,0,-2637.076947401329,False
dense_er_200_p15,2,200,2967,29.67,mean_deg,29.67,none,topology_scrambled,0.0,ideal,zero,9,graph,50.0,50.0,100,101,8888,7.458190202713013,3.959810733795166,101,1592.0,1592.0,1818.0,0.0,0.0,,timeout,0.0,1646,16.46,28,28.77990000000001,29.67000000000001,7.105427357601002e-15,0.0,0,0,-2605.1150196719163,False
dense_er_200_p15,2,200,2967,29.67,mean_deg,29.67,sinkhorn,hebbian_sinkhorn,0.0,ideal,zero,0,graph,50.0,50.0,100,100,8984,6.947900295257568,0.0,0,1774.0,1774.0,1814.0,0.0,0.0,,timeout,0.0,1774,17.74,30,29.057795695400372,29.67000000000001,7.105427357601002e-15,0.0,0,0,-2650.5663386144847,False
dense_er_200_p15,2,200,2967,29.67,mean_deg,29.67,sinkhorn,hebbian_sinkhorn,0.0,ideal,zero,1,graph,50.0,50.0,100,100,8792,3.949857234954834,0.0,0,1734.0,1734.0,1787.0,0.0,0.0,,timeout,0.0,1734,17.34,27,28.690390246334683,29.67000000000001,7.105427357601002e-15,0.0,0,0,-2616.3947390785556,False
dense_er_200_p15,2,200,2967,29.67,mean_deg,29.67,sinkhorn,hebbian_sinkhorn,0.0,ideal,zero,2,graph,50.0,50.0,100,100,8948,3.9611756801605225,0.0,0,1749.0,1749.0,1801.0,0.0,0.0,,timeout,0.0,1749,17.49,29,28.87071156574502,29.67000000000001,7.105427357601002e-15,0.0,0,0,-2631.2734152304006,False
dense_er_200_p15,2,200,2967,29.67,mean_deg,29.67,sinkhorn,hebbian_sinkhorn,0.0,ideal,zero,3,graph,50.0,50.0,100,100,8948,3.880855083465576,0.0,0,1780.0,1780.0,1801.0,0.0,0.0,,timeout,0.0,1780,17.8,26,28.685090002244323,29.67000000000001,7.105427357601002e-15,0.0,0,0,-2621.826120128237,False
dense_er_200_p15,2,200,2967,29.67,mean_deg,29.67,sinkhorn,hebbian_sinkhorn,0.0,ideal,zero,4,graph,50.0,50.0,100,100,8696,3.7763988971710205,0.0,0,1742.0,1742.0,1786.0,0.0,0.0,,timeout,0.0,1742,17.42,28,29.001688306071518,29.67000000000001,7.105427357601002e-15,0.0,0,0,-2640.9493649203177,False
dense_er_200_p15,2,200,2967,29.67,mean_deg,29.67,sinkhorn,hebbian_sinkhorn,0.0,ideal,zero,5,graph,50.0,50.0,100,100,8948,4.052014112472534,0.0,0,1765.0,1765.0,1796.0,0.0,0.0,,timeout,0.0,1765,17.65,27,28.630649215857538,29.67000000000001,7.105427357601002e-15,0.0,0,0,-2613.601166769242,False
dense_er_200_p15,2,200,2967,29.67,mean_deg,29.67,sinkhorn,hebbian_sinkhorn,0.0,ideal,zero,6,graph,50.0,50.0,100,100,8960,3.9667551517486572,0.0,0,1756.0,1756.0,1816.0,0.0,0.0,,timeout,0.0,1756,17.56,26,28.422323899267713,29.67000000000001,7.105427357601002e-15,0.0,0,0,-2597.135585530074,False
dense_er_200_p15,2,200,2967,29.67,mean_deg,29.67,sinkhorn,hebbian_sinkhorn,0.0,ideal,zero,7,graph,50.0,50.0,100,100,8912,3.9006247520446777,0.0,0,1759.0,1759.0,1811.0,0.0,0.0,,timeout,0.0,1759,17.59,27,29.116076693639833,29.67000000000001,7.105427357601002e-15,0.0,0,0,-2657.337476138136,False
dense_er_200_p15,2,200,2967,29.67,mean_deg,29.67,sinkhorn,hebbian_sinkhorn,0.0,ideal,zero,8,graph,50.0,50.0,100,100,8912,6.930609941482544,0.0,0,1740.0,1740.0,1803.0,0.0,0.0,,timeout,0.0,1740,17.4,25,29.079415681355385,29.67000000000001,7.105427357601002e-15,0.0,0,0,-2649.2311065045587,False
dense_er_200_p15,2,200,2967,29.67,mean_deg,29.67,sinkhorn,hebbian_sinkhorn,0.0,ideal,zero,9,graph,50.0,50.0,100,100,8912,3.882673740386963,0.0,0,1735.0,1735.0,1775.0,0.0,0.0,,timeout,0.0,1735,17.35,26,28.900771488213376,29.67000000000001,7.105427357601002e-15,0.0,0,0,-2632.953065979301,False
dense_er_200_p15,2,200,2967,29.67,mean_deg,29.67,sinkhorn,hybrid_sinkhorn,0.0,ideal,zero,0,graph,50.0,50.0,100,100,14506,5.820502281188965,0.0,0,1774.0,1774.0,1814.0,0.0,0.0,,timeout,0.0,1774,17.74,30,29.057795695400372,29.67000000000001,7.105427357601002e-15,0.0,0,0,-2650.5663386144847,False
dense_er_200_p15,2,200,2967,29.67,mean_deg,29.67,sinkhorn,hybrid_sinkhorn,0.0,ideal,zero,1,graph,50.0,50.0,100,100,14254,5.95509934425354,0.0,0,1734.0,1734.0,1787.0,0.0,0.0,,timeout,0.0,1734,17.34,27,28.690390246334683,29.67000000000001,7.105427357601002e-15,0.0,0,0,-2616.3947390785556,False
dense_er_200_p15,2,200,2967,29.67,mean_deg,29.67,sinkhorn,hybrid_sinkhorn,0.0,ideal,zero,2,graph,50.0,50.0,100,100,14434,5.861039638519287,0.0,0,1749.0,1749.0,1801.0,0.0,0.0,,timeout,0.0,1749,17.49,29,28.87071156574502,29.67000000000001,7.105427357601002e-15,0.0,0,0,-2631.2734152304006,False
dense_er_200_p15,2,200,2967,29.67,mean_deg,29.67,sinkhorn,hybrid_sinkhorn,0.0,ideal,zero,3,graph,50.0,50.0,100,100,14422,5.887918472290039,0.0,0,1780.0,1780.0,1801.0,0.0,0.0,,timeout,0.0,1780,17.8,26,28.685090002244323,29.67000000000001,7.105427357601002e-15,0.0,0,0,-2621.826120128237,False
dense_er_200_p15,2,200,2967,29.67,mean_deg,29.67,sinkhorn,hybrid_sinkhorn,0.0,ideal,zero,4,graph,50.0,50.0,100,100,14218,9.226520776748657,0.0,0,1742.0,1742.0,1786.0,0.0,0.0,,timeout,0.0,1742,17.42,28,29.001688306071518,29.67000000000001,7.105427357601002e-15,0.0,0,0,-2640.9493649203177,False
dense_er_200_p15,2,200,2967,29.67,mean_deg,29.67,sinkhorn,hybrid_sinkhorn,0.0,ideal,zero,5,graph,50.0,50.0,100,100,14386,6.1663854122161865,0.0,0,1765.0,1765.0,1796.0,0.0,0.0,,timeout,0.0,1765,17.65,27,28.630649215857538,29.67000000000001,7.105427357601002e-15,0.0,0,0,-2613.601166769242,False
dense_er_200_p15,2,200,2967,29.67,mean_deg,29.67,sinkhorn,hybrid_sinkhorn,0.0,ideal,zero,6,graph,50.0,50.0,100,100,14386,5.681302785873413,0.0,0,1756.0,1756.0,1816.0,0.0,0.0,,timeout,0.0,1756,17.56,26,28.422323899267713,29.67000000000001,7.105427357601002e-15,0.0,0,0,-2597.135585530074,False
dense_er_200_p15,2,200,2967,29.67,mean_deg,29.67,sinkhorn,hybrid_sinkhorn,0.0,ideal,zero,7,graph,50.0,50.0,100,100,14434,5.861284971237183,0.0,0,1759.0,1759.0,1811.0,0.0,0.0,,timeout,0.0,1759,17.59,27,29.116076693639833,29.67000000000001,7.105427357601002e-15,0.0,0,0,-2657.337476138136,False
dense_er_200_p15,2,200,2967,29.67,mean_deg,29.67,sinkhorn,hybrid_sinkhorn,0.0,ideal,zero,8,graph,50.0,50.0,100,100,14446,5.945414304733276,0.0,0,1740.0,1740.0,1803.0,0.0,0.0,,timeout,0.0,1740,17.4,25,29.079415681355385,29.67000000000001,7.105427357601002e-15,0.0,0,0,-2649.2311065045587,False
dense_er_200_p15,2,200,2967,29.67,mean_deg,29.67,sinkhorn,hybrid_sinkhorn,0.0,ideal,zero,9,graph,50.0,50.0,100,100,14398,8.7766273021698,0.0,0,1735.0,1735.0,1775.0,0.0,0.0,,timeout,0.0,1735,17.35,26,28.900771488213376,29.67000000000001,7.105427357601002e-15,0.0,0,0,-2632.953065979301,False
dense_er_200_p15,2,200,2967,29.67,mean_deg,29.67,frobenius,hebbian_frobenius,0.0,ideal,zero,0,graph,50.0,50.0,100,101,9236,11.018842697143555,7.672306060791016,101,1774.0,1774.0,1814.0,0.0,0.0,,timeout,0.0,1774,17.74,30,29.669999999999835,29.670000000000005,3.552713678800501e-15,0.0,0,0,-2696.3306019931288,False
dense_er_200_p15,2,200,2967,29.67,mean_deg,29.67,frobenius,hebbian_frobenius,0.0,ideal,zero,1,graph,50.0,50.0,100,101,8888,22.896677255630493,19.463188886642456,101,1748.0,1748.0,1794.0,0.0,0.0,,timeout,0.0,1748,17.48,26,29.669999999999273,29.67000000000048,4.796163466380676e-13,0.0,0,0,-2694.5067240645867,False
dense_er_200_p15,2,200,2967,29.67,mean_deg,29.67,frobenius,hebbian_frobenius,0.0,ideal,zero,2,graph,50.0,50.0,100,101,9248,20.133379459381104,16.502290725708008,101,1749.0,1749.0,1820.0,0.0,0.0,,timeout,0.0,1749,17.49,27,29.66999999999964,29.670000000000087,8.526512829121202e-14,0.0,0,0,-2690.1078429487206,False
dense_er_200_p15,2,200,2967,29.67,mean_deg,29.67,frobenius,hebbian_frobenius,0.0,ideal,zero,3,graph,50.0,50.0,100,101,8948,10.38017988204956,4.006593227386475,101,1779.0,1779.0,1799.0,0.0,0.0,,timeout,0.0,1779,17.79,26,29.076600000000326,29.67000000000089,8.881784197001252e-13,0.0,0,0,-2655.5766417963023,False
dense_er_200_p15,2,200,2967,29.67,mean_deg,29.67,frobenius,hebbian_frobenius,0.0,ideal,zero,4,graph,50.0,50.0,100,101,8852,14.172018051147461,10.894199132919312,101,1742.0,1742.0,1786.0,0.0,0.0,,timeout,0.0,1742,17.42,28,29.37329999999992,29.67000000000086,8.597567102697212e-13,0.0,0,0,-2670.8190580933606,False
dense_er_200_p15,2,200,2967,29.67,mean_deg,29.67,frobenius,hebbian_frobenius,0.0,ideal,zero,5,graph,50.0,50.0,100,101,8660,17.908958911895752,11.705702781677246,101,1769.0,1769.0,1803.0,0.0,0.0,,timeout,0.0,1769,17.69,27,29.373300000000004,29.67000000000001,7.105427357601002e-15,0.0,0,0,-2675.3977483980993,False
dense_er_200_p15,2,200,2967,29.67,mean_deg,29.67,frobenius,hebbian_frobenius,0.0,ideal,zero,6,graph,50.0,50.0,100,101,8912,14.054539918899536,10.761996030807495,101,1756.0,1756.0,1817.0,0.0,0.0,,timeout,0.0,1756,17.56,27,29.373299999999936,29.670000000000005,3.552713678800501e-15,0.0,0,0,-2675.5588235477408,False
dense_er_200_p15,2,200,2967,29.67,mean_deg,29.67,frobenius,hebbian_frobenius,0.0,ideal,zero,7,graph,50.0,50.0,100,101,8768,22.559563159942627,19.169677019119263,101,1755.0,1755.0,1826.0,0.0,0.0,,timeout,0.0,1755,17.55,27,29.373300000000004,29.67000000000001,7.105427357601002e-15,0.0,0,0,-2676.6332122490358,False
dense_er_200_p15,2,200,2967,29.67,mean_deg,29.67,frobenius,hebbian_frobenius,0.0,ideal,zero,8,graph,50.0,50.0,100,101,9056,10.716541528701782,7.479991436004639,101,1740.0,1740.0,1791.0,0.0,0.0,,timeout,0.0,1740,17.4,25,29.66999999999938,29.670000000000492,4.902744876744691e-13,0.0,0,0,-2694.806214776203,False
dense_er_200_p15,2,200,2967,29.67,mean_deg,29.67,frobenius,hebbian_frobenius,0.0,ideal,zero,9,graph,50.0,50.0,100,101,8948,7.394564628601074,4.1892640590667725,101,1735.0,1735.0,1775.0,0.0,0.0,,timeout,0.0,1735,17.35,26,29.076599999999335,29.67000000000001,7.105427357601002e-15,0.0,0,0,-2649.1276547898924,False
dense_er_200_p15,2,200,2967,29.67,mean_deg,29.67,frobenius,hybrid_frobenius,0.0,ideal,zero,0,graph,50.0,50.0,100,101,14866,16.081820964813232,10.68329119682312,101,1774.0,1774.0,1814.0,0.0,0.0,,timeout,0.0,1774,17.74,30,29.669999999999835,29.670000000000005,3.552713678800501e-15,0.0,0,0,-2696.3306019931288,False
dense_er_200_p15,2,200,2967,29.67,mean_deg,29.67,frobenius,hybrid_frobenius,0.0,ideal,zero,1,graph,50.0,50.0,100,101,14506,21.90609645843506,16.45678448677063,101,1748.0,1748.0,1794.0,0.0,0.0,,timeout,0.0,1748,17.48,26,29.669999999999273,29.67000000000048,4.796163466380676e-13,0.0,0,0,-2694.5067240645867,False
dense_er_200_p15,2,200,2967,29.67,mean_deg,29.67,frobenius,hybrid_frobenius,0.0,ideal,zero,2,graph,50.0,50.0,100,101,14866,25.092305898666382,19.584819316864014,101,1749.0,1749.0,1820.0,0.0,0.0,,timeout,0.0,1749,17.49,27,29.66999999999964,29.670000000000087,8.526512829121202e-14,0.0,0,0,-2690.1078429487206,False
dense_er_200_p15,2,200,2967,29.67,mean_deg,29.67,frobenius,hybrid_frobenius,0.0,ideal,zero,3,graph,50.0,50.0,100,101,14518,12.38629674911499,4.043806076049805,101,1779.0,1779.0,1799.0,0.0,0.0,,timeout,0.0,1779,17.79,26,29.076600000000326,29.67000000000089,8.881784197001252e-13,0.0,0,0,-2655.5766417963023,False
dense_er_200_p15,2,200,2967,29.67,mean_deg,29.67,frobenius,hybrid_frobenius,0.0,ideal,zero,4,graph,50.0,50.0,100,101,14458,16.00109314918518,10.812079906463623,101,1742.0,1742.0,1786.0,0.0,0.0,,timeout,0.0,1742,17.42,28,29.37329999999992,29.67000000000086,8.597567102697212e-13,0.0,0,0,-2670.8190580933606,False
dense_er_200_p15,2,200,2967,29.67,mean_deg,29.67,frobenius,hybrid_frobenius,0.0,ideal,zero,5,graph,50.0,50.0,100,101,14230,20.225003004074097,11.761694431304932,101,1769.0,1769.0,1803.0,0.0,0.0,,timeout,0.0,1769,17.69,27,29.373300000000004,29.67000000000001,7.105427357601002e-15,0.0,0,0,-2675.3977483980993,False
dense_er_200_p15,2,200,2967,29.67,mean_deg,29.67,frobenius,hybrid_frobenius,0.0,ideal,zero,6,graph,50.0,50.0,100,101,14494,16.780287981033325,11.355937242507935,101,1756.0,1756.0,1817.0,0.0,0.0,,timeout,0.0,1756,17.56,27,29.373299999999936,29.670000000000005,3.552713678800501e-15,0.0,0,0,-2675.5588235477408,False
dense_er_200_p15,2,200,2967,29.67,mean_deg,29.67,frobenius,hybrid_frobenius,0.0,ideal,zero,7,graph,50.0,50.0,100,101,14338,24.774479150772095,19.462586641311646,101,1755.0,1755.0,1826.0,0.0,0.0,,timeout,0.0,1755,17.55,27,29.373300000000004,29.67000000000001,7.105427357601002e-15,0.0,0,0,-2676.6332122490358,False
dense_er_200_p15,2,200,2967,29.67,mean_deg,29.67,frobenius,hybrid_frobenius,0.0,ideal,zero,8,graph,50.0,50.0,100,101,14674,13.100637912750244,7.837687969207764,101,1740.0,1740.0,1791.0,0.0,0.0,,timeout,0.0,1740,17.4,25,29.66999999999938,29.670000000000492,4.902744876744691e-13,0.0,0,0,-2694.806214776203,False
dense_er_200_p15,2,200,2967,29.67,mean_deg,29.67,frobenius,hybrid_frobenius,0.0,ideal,zero,9,graph,50.0,50.0,100,101,14506,12.686818361282349,4.371433973312378,101,1735.0,1735.0,1775.0,0.0,0.0,,timeout,0.0,1735,17.35,26,29.076599999999335,29.67000000000001,7.105427357601002e-15,0.0,0,0,-2649.1276547898924,False
random_regular_200_d10,0,200,1000,10.0,half_mean_deg,5.0,none,static,0.0,ideal,zero,0,graph,50.0,50.0,0,0,1766,0.8209221363067627,0.0,0,712.0,722.0,728.0,0.0,0.0,,timeout,0.0,1000,10.0,10,10.0,10.0,5.0,0.0,0,0,0.0,False
random_regular_200_d10,0,200,1000,10.0,half_mean_deg,5.0,none,static,0.0,ideal,zero,1,graph,50.0,50.0,0,0,1586,0.778226375579834,0.0,0,724.0,732.0,734.0,0.0,0.0,,timeout,0.0,1000,10.0,10,10.0,10.0,5.0,0.0,0,0,0.0,False
random_regular_200_d10,0,200,1000,10.0,half_mean_deg,5.0,none,static,0.0,ideal,zero,2,graph,50.0,50.0,0,0,1670,0.8447232246398926,0.0,0,702.0,728.0,732.0,0.0,0.0,,timeout,0.0,1000,10.0,10,10.0,10.0,5.0,0.0,0,0,0.0,False
random_regular_200_d10,0,200,1000,10.0,half_mean_deg,5.0,none,static,0.0,ideal,zero,3,graph,50.0,50.0,0,0,1538,0.7825207710266113,0.0,0,710.0,722.0,724.0,0.0,0.0,,timeout,0.0,1000,10.0,10,10.0,10.0,5.0,0.0,0,0,0.0,False
random_regular_200_d10,0,200,1000,10.0,half_mean_deg,5.0,none,static,0.0,ideal,zero,4,graph,50.0,50.0,0,0,1658,0.8475439548492432,0.0,0,724.0,732.0,734.0,0.0,0.0,,timeout,0.0,1000,10.0,10,10.0,10.0,5.0,0.0,0,0,0.0,False
random_regular_200_d10,0,200,1000,10.0,half_mean_deg,5.0,none,static,0.0,ideal,zero,5,graph,50.0,50.0,0,0,1598,0.8499250411987305,0.0,0,708.0,722.0,728.0,0.0,0.0,,timeout,0.0,1000,10.0,10,10.0,10.0,5.0,0.0,0,0,0.0,False
random_regular_200_d10,0,200,1000,10.0,half_mean_deg,5.0,none,static,0.0,ideal,zero,6,graph,50.0,50.0,0,0,1802,0.8363137245178223,0.0,0,694.0,732.0,732.0,0.0,0.0,,timeout,0.0,1000,10.0,10,10.0,10.0,5.0,0.0,0,0,0.0,False
random_regular_200_d10,0,200,1000,10.0,half_mean_deg,5.0,none,static,0.0,ideal,zero,7,graph,50.0,50.0,0,0,1646,3.8894307613372803,0.0,0,704.0,732.0,734.0,0.0,0.0,,timeout,0.0,1000,10.0,10,10.0,10.0,5.0,0.0,0,0,0.0,False
random_regular_200_d10,0,200,1000,10.0,half_mean_deg,5.0,none,static,0.0,ideal,zero,8,graph,50.0,50.0,0,0,1574,0.8176918029785156,0.0,0,714.0,734.0,734.0,0.0,0.0,,timeout,0.0,1000,10.0,10,10.0,10.0,5.0,0.0,0,0,0.0,False
random_regular_200_d10,0,200,1000,10.0,half_mean_deg,5.0,none,static,0.0,ideal,zero,9,graph,50.0,50.0,0,0,1850,0.8780786991119385,0.0,0,720.0,722.0,726.0,0.0,0.0,,timeout,0.0,1000,10.0,10,10.0,10.0,5.0,0.0,0,0,0.0,False
random_regular_200_d10,0,200,1000,10.0,half_mean_deg,5.0,none,random_rounding,0.0,ideal,zero,0,graph,50.0,50.0,0,0,1766,0.9229686260223389,0.0,0,712.0,722.0,728.0,0.0,0.0,,timeout,0.0,1000,10.0,10,10.0,10.0,5.0,0.0,0,0,0.0,False
random_regular_200_d10,0,200,1000,10.0,half_mean_deg,5.0,none,random_rounding,0.0,ideal,zero,1,graph,50.0,50.0,0,0,1586,0.7536067962646484,0.0,0,724.0,732.0,734.0,0.0,0.0,,timeout,0.0,1000,10.0,10,10.0,10.0,5.0,0.0,0,0,0.0,False
random_regular_200_d10,0,200,1000,10.0,half_mean_deg,5.0,none,random_rounding,0.0,ideal,zero,2,graph,50.0,50.0,0,0,1670,0.8156394958496094,0.0,0,702.0,728.0,732.0,0.0,0.0,,timeout,0.0,1000,10.0,10,10.0,10.0,5.0,0.0,0,0,0.0,False
random_regular_200_d10,0,200,1000,10.0,half_mean_deg,5.0,none,random_rounding,0.0,ideal,zero,3,graph,50.0,50.0,0,0,1538,0.7710340023040771,0.0,0,710.0,722.0,724.0,0.0,0.0,,timeout,0.0,1000,10.0,10,10.0,10.0,5.0,0.0,0,0,0.0,False
random_regular_200_d10,0,200,1000,10.0,half_mean_deg,5.0,none,random_rounding,0.0,ideal,zero,4,graph,50.0,50.0,0,0,1658,0.8509669303894043,0.0,0,724.0,732.0,734.0,0.0,0.0,,timeout,0.0,1000,10.0,10,10.0,10.0,5.0,0.0,0,0,0.0,False
random_regular_200_d10,0,200,1000,10.0,half_mean_deg,5.0,none,random_rounding,0.0,ideal,zero,5,graph,50.0,50.0,0,0,1598,0.7746684551239014,0.0,0,708.0,722.0,728.0,0.0,0.0,,timeout,0.0,1000,10.0,10,10.0,10.0,5.0,0.0,0,0,0.0,False
random_regular_200_d10,0,200,1000,10.0,half_mean_deg,5.0,none,random_rounding,0.0,ideal,zero,6,graph,50.0,50.0,0,0,1802,0.8400106430053711,0.0,0,694.0,732.0,732.0,0.0,0.0,,timeout,0.0,1000,10.0,10,10.0,10.0,5.0,0.0,0,0,0.0,False
random_regular_200_d10,0,200,1000,10.0,half_mean_deg,5.0,none,random_rounding,0.0,ideal,zero,7,graph,50.0,50.0,0,0,1646,0.7775452136993408,0.0,0,704.0,732.0,734.0,0.0,0.0,,timeout,0.0,1000,10.0,10,10.0,10.0,5.0,0.0,0,0,0.0,False
random_regular_200_d10,0,200,1000,10.0,half_mean_deg,5.0,none,random_rounding,0.0,ideal,zero,8,graph,50.0,50.0,0,0,1574,0.7442002296447754,0.0,0,714.0,734.0,734.0,0.0,0.0,,timeout,0.0,1000,10.0,10,10.0,10.0,5.0,0.0,0,0,0.0,False
random_regular_200_d10,0,200,1000,10.0,half_mean_deg,5.0,none,random_rounding,0.0,ideal,zero,9,graph,50.0,50.0,0,0,1850,0.8783938884735107,0.0,0,720.0,722.0,726.0,0.0,0.0,,timeout,0.0,1000,10.0,10,10.0,10.0,5.0,0.0,0,0,0.0,False
random_regular_200_d10,0,200,1000,10.0,half_mean_deg,5.0,none,greedy,0.0,ideal,zero,0,graph,50.0,50.0,0,0,0,0.0008797645568847656,0.0,0,686.0,686.0,686.0,0.0,0.0,,timeout,0.0,0,0.0,0,0.0,0.0,0.0,0.0,0,0,0.0,False
random_regular_200_d10,0,200,1000,10.0,half_mean_deg,5.0,none,greedy,0.0,ideal,zero,1,graph,50.0,50.0,0,0,0,0.0005476474761962891,0.0,0,672.0,672.0,672.0,0.0,0.0,,timeout,0.0,0,0.0,0,0.0,0.0,0.0,0.0,0,0,0.0,False
random_regular_200_d10,0,200,1000,10.0,half_mean_deg,5.0,none,greedy,0.0,ideal,zero,2,graph,50.0,50.0,0,0,0,0.0006766319274902344,0.0,0,684.0,684.0,684.0,0.0,0.0,,timeout,0.0,0,0.0,0,0.0,0.0,0.0,0.0,0,0,0.0,False
random_regular_200_d10,0,200,1000,10.0,half_mean_deg,5.0,none,greedy,0.0,ideal,zero,3,graph,50.0,50.0,0,0,0,0.0005137920379638672,0.0,0,678.0,678.0,678.0,0.0,0.0,,timeout,0.0,0,0.0,0,0.0,0.0,0.0,0.0,0,0,0.0,False
random_regular_200_d10,0,200,1000,10.0,half_mean_deg,5.0,none,greedy,0.0,ideal,zero,4,graph,50.0,50.0,0,0,0,0.0006206035614013672,0.0,0,670.0,670.0,670.0,0.0,0.0,,timeout,0.0,0,0.0,0,0.0,0.0,0.0,0.0,0,0,0.0,False
random_regular_200_d10,0,200,1000,10.0,half_mean_deg,5.0,none,greedy,0.0,ideal,zero,5,graph,50.0,50.0,0,0,0,0.0006399154663085938,0.0,0,682.0,682.0,682.0,0.0,0.0,,timeout,0.0,0,0.0,0,0.0,0.0,0.0,0.0,0,0,0.0,False
random_regular_200_d10,0,200,1000,10.0,half_mean_deg,5.0,none,greedy,0.0,ideal,zero,6,graph,50.0,50.0,0,0,0,0.0005109310150146484,0.0,0,694.0,694.0,694.0,0.0,0.0,,timeout,0.0,0,0.0,0,0.0,0.0,0.0,0.0,0,0,0.0,False
random_regular_200_d10,0,200,1000,10.0,half_mean_deg,5.0,none,greedy,0.0,ideal,zero,7,graph,50.0,50.0,0,0,0,0.0005452632904052734,0.0,0,696.0,696.0,696.0,0.0,0.0,,timeout,0.0,0,0.0,0,0.0,0.0,0.0,0.0,0,0,0.0,False
random_regular_200_d10,0,200,1000,10.0,half_mean_deg,5.0,none,greedy,0.0,ideal,zero,8,graph,50.0,50.0,0,0,0,0.0004680156707763672,0.0,0,672.0,672.0,672.0,0.0,0.0,,timeout,0.0,0,0.0,0,0.0,0.0,0.0,0.0,0,0,0.0,False
random_regular_200_d10,0,200,1000,10.0,half_mean_deg,5.0,none,greedy,0.0,ideal,zero,9,graph,50.0,50.0,0,0,0,0.0005676746368408203,0.0,0,666.0,666.0,666.0,0.0,0.0,,timeout,0.0,0,0.0,0,0.0,0.0,0.0,0.0,0,0,0.0,False
random_regular_200_d10,0,200,1000,10.0,half_mean_deg,5.0,none,static_projected,0.0,ideal,zero,0,graph,50.0,50.0,0,1,950,0.5620384216308594,0.08856368064880371,1,712.0,722.0,724.0,0.0,0.0,,timeout,0.0,1000,10.0,10,4.999999999999694,5.000000000000001,8.881784197001252e-16,0.0,0,0,0.0,False
random_regular_200_d10,0,200,1000,10.0,half_mean_deg,5.0,none,static_projected,0.0,ideal,zero,1,graph,50.0,50.0,0,1,974,0.5237994194030762,0.08808374404907227,1,722.0,732.0,734.0,0.0,0.0,,timeout,0.0,1000,10.0,10,4.999999999999694,5.000000000000001,8.881784197001252e-16,0.0,0,0,0.0,False
random_regular_200_d10,0,200,1000,10.0,half_mean_deg,5.0,none,static_projected,0.0,ideal,zero,2,graph,50.0,50.0,0,1,902,0.48809146881103516,0.0809023380279541,1,696.0,726.0,730.0,0.0,0.0,,timeout,0.0,1000,10.0,10,4.999999999999694,5.000000000000001,8.881784197001252e-16,0.0,0,0,0.0,False
random_regular_200_d10,0,200,1000,10.0,half_mean_deg,5.0,none,static_projected,0.0,ideal,zero,3,graph,50.0,50.0,0,1,938,0.5386478900909424,0.0927426815032959,1,710.0,720.0,724.0,0.0,0.0,,timeout,0.0,1000,10.0,10,4.999999999999694,5.000000000000001,8.881784197001252e-16,0.0,0,0,0.0,False
random_regular_200_d10,0,200,1000,10.0,half_mean_deg,5.0,none,static_projected,0.0,ideal,zero,4,graph,50.0,50.0,0,1,1034,0.5942456722259521,0.08189034461975098,1,724.0,732.0,734.0,0.0,0.0,,timeout,0.0,1000,10.0,10,4.999999999999694,5.000000000000001,8.881784197001252e-16,0.0,0,0,0.0,False
random_regular_200_d10,0,200,1000,10.0,half_mean_deg,5.0,none,static_projected,0.0,ideal,zero,5,graph,50.0,50.0,0,1,842,0.49403905868530273,0.08740687370300293,1,712.0,722.0,726.0,0.0,0.0,,timeout,0.0,1000,10.0,10,4.999999999999694,5.000000000000001,8.881784197001252e-16,0.0,0,0,0.0,False
random_regular_200_d10,0,200,1000,10.0,half_mean_deg,5.0,none,static_projected,0.0,ideal,zero,6,graph,50.0,50.0,0,1,1058,0.5850460529327393,0.08439517021179199,1,700.0,730.0,730.0,0.0,0.0,,timeout,0.0,1000,10.0,10,4.999999999999694,5.000000000000001,8.881784197001252e-16,0.0,0,0,0.0,False
random_regular_200_d10,0,200,1000,10.0,half_mean_deg,5.0,none,static_projected,0.0,ideal,zero,7,graph,50.0,50.0,0,1,974,0.5730433464050293,0.07613301277160645,1,702.0,732.0,732.0,0.0,0.0,,timeout,0.0,1000,10.0,10,4.999999999999694,5.000000000000001,8.881784197001252e-16,0.0,0,0,0.0,False
random_regular_200_d10,0,200,1000,10.0,half_mean_deg,5.0,none,static_projected,0.0,ideal,zero,8,graph,50.0,50.0,0,1,998,0.5824763774871826,0.09617376327514648,1,714.0,732.0,734.0,0.0,0.0,,timeout,0.0,1000,10.0,10,4.999999999999694,5.000000000000001,8.881784197001252e-16,0.0,0,0,0.0,False
random_regular_200_d10,0,200,1000,10.0,half_mean_deg,5.0,none,static_projected,0.0,ideal,zero,9,graph,50.0,50.0,0,1,998,0.6158843040466309,0.08742070198059082,1,716.0,722.0,724.0,0.0,0.0,,timeout,0.0,1000,10.0,10,4.999999999999694,5.000000000000001,8.881784197001252e-16,0.0,0,0,0.0,False
random_regular_200_d10,0,200,1000,10.0,half_mean_deg,5.0,none,static_budgeted,0.0,ideal,zero,0,graph,50.0,50.0,0,1,1058,0.6001098155975342,0.08072018623352051,1,672.0,696.0,714.0,0.0,0.0,,timeout,0.0,752,7.52,10,4.93190138203,5.000000000000001,8.881784197001252e-16,0.0,0,0,0.0,False
random_regular_200_d10,0,200,1000,10.0,half_mean_deg,5.0,none,static_budgeted,0.0,ideal,zero,1,graph,50.0,50.0,0,1,1142,0.6784424781799316,0.09908723831176758,1,672.0,700.0,718.0,0.0,0.0,,timeout,0.0,744,7.44,10,4.948070698056605,5.000000000000002,1.7763568394002505e-15,0.0,0,0,0.0,False
random_regular_200_d10,0,200,1000,10.0,half_mean_deg,5.0,none,static_budgeted,0.0,ideal,zero,2,graph,50.0,50.0,0,1,1142,0.6744499206542969,0.08498048782348633,1,684.0,706.0,716.0,0.0,0.0,,timeout,0.0,740,7.4,10,4.919472706239529,5.000000000000001,8.881784197001252e-16,0.0,0,0,0.0,False
random_regular_200_d10,0,200,1000,10.0,half_mean_deg,5.0,none,static_budgeted,0.0,ideal,zero,3,graph,50.0,50.0,0,1,1190,0.6662130355834961,0.08062076568603516,1,698.0,698.0,712.0,0.0,0.0,,timeout,0.0,740,7.4,10,4.8999162088197235,5.000000000000001,8.881784197001252e-16,0.0,0,0,0.0,False
random_regular_200_d10,0,200,1000,10.0,half_mean_deg,5.0,none,static_budgeted,0.0,ideal,zero,4,graph,50.0,50.0,0,1,1010,0.6028163433074951,0.09659481048583984,1,668.0,694.0,704.0,0.0,0.0,,timeout,0.0,756,7.56,10,4.950271504256186,5.000000000000001,8.881784197001252e-16,0.0,0,0,0.0,False
random_regular_200_d10,0,200,1000,10.0,half_mean_deg,5.0,none,static_budgeted,0.0,ideal,zero,5,graph,50.0,50.0,0,1,1130,0.6416370868682861,0.08428382873535156,1,688.0,702.0,710.0,0.0,0.0,,timeout,0.0,760,7.6,10,4.938941287874095,5.000000000000001,8.881784197001252e-16,0.0,0,0,0.0,False
random_regular_200_d10,0,200,1000,10.0,half_mean_deg,5.0,none,static_budgeted,0.0,ideal,zero,6,graph,50.0,50.0,0,1,1106,0.6597044467926025,0.08839535713195801,1,680.0,694.0,710.0,0.0,0.0,,timeout,0.0,743,7.43,10,4.935558920392202,5.000000000000002,1.7763568394002505e-15,0.0,0,0,0.0,False
random_regular_200_d10,0,200,1000,10.0,half_mean_deg,5.0,none,static_budgeted,0.0,ideal,zero,7,graph,50.0,50.0,0,1,1058,0.5859053134918213,0.07737970352172852,1,682.0,698.0,714.0,0.0,0.0,,timeout,0.0,747,7.47,10,4.914986385166721,5.000000000000001,8.881784197001252e-16,0.0,0,0,0.0,False
random_regular_200_d10,0,200,1000,10.0,half_mean_deg,5.0,none,static_budgeted,0.0,ideal,zero,8,graph,50.0,50.0,0,1,1058,0.5966453552246094,0.09348845481872559,1,690.0,698.0,708.0,0.0,0.0,,timeout,0.0,759,7.59,10,4.963434399218696,5.000000000000001,8.881784197001252e-16,0.0,0,0,0.0,False
random_regular_200_d10,0,200,1000,10.0,half_mean_deg,5.0,none,static_budgeted,0.0,ideal,zero,9,graph,50.0,50.0,0,1,998,0.591235876083374,0.0945441722869873,1,684.0,704.0,712.0,0.0,0.0,,timeout,0.0,740,7.4,10,4.9226040021643,5.000000000000001,8.881784197001252e-16,0.0,0,0,0.0,False
random_regular_200_d10,0,200,1000,10.0,half_mean_deg,5.0,none,random_budgeted,0.0,ideal,zero,0,graph,50.0,50.0,0,1,854,0.4636881351470947,0.04122447967529297,1,680.0,714.0,718.0,0.0,0.0,,timeout,0.0,1000,10.0,10,4.672672148990335,5.000000000000672,6.723510637129948e-13,0.0,0,0,0.0,False
random_regular_200_d10,0,200,1000,10.0,half_mean_deg,5.0,none,random_budgeted,0.0,ideal,zero,1,graph,50.0,50.0,0,1,962,0.5211398601531982,0.039031028747558594,1,706.0,716.0,720.0,0.0,0.0,,timeout,0.0,999,9.99,10,4.6521323746470395,5.000000000000993,9.9298347322474e-13,0.0,0,0,0.0,False
random_regular_200_d10,0,200,1000,10.0,half_mean_deg,5.0,none,random_budgeted,0.0,ideal,zero,2,graph,50.0,50.0,0,1,890,0.47454285621643066,0.03043651580810547,1,688.0,698.0,704.0,0.0,0.0,,timeout,0.0,999,9.99,10,4.610949405717688,5.000000000000001,8.881784197001252e-16,0.0,0,0,0.0,False
random_regular_200_d10,0,200,1000,10.0,half_mean_deg,5.0,none,random_budgeted,0.0,ideal,zero,3,graph,50.0,50.0,0,1,1034,0.5712075233459473,0.03380703926086426,1,708.0,714.0,720.0,0.0,0.0,,timeout,0.0,999,9.99,10,4.6069532780469205,5.0000000000006395,6.394884621840902e-13,0.0,0,0,0.0,False
random_regular_200_d10,0,200,1000,10.0,half_mean_deg,5.0,none,random_budgeted,0.0,ideal,zero,4,graph,50.0,50.0,0,1,962,0.5325043201446533,0.0410611629486084,1,704.0,714.0,724.0,0.0,0.0,,timeout,0.0,1000,10.0,10,4.599834274521708,5.0000000000001785,1.7852386235972517e-13,0.0,0,0,0.0,False
random_regular_200_d10,0,200,1000,10.0,half_mean_deg,5.0,none,random_budgeted,0.0,ideal,zero,5,graph,50.0,50.0,0,1,962,0.47735023498535156,0.028420686721801758,1,698.0,700.0,710.0,0.0,0.0,,timeout,0.0,998,9.98,10,4.563178670881103,5.000000000000231,2.3092638912203256e-13,0.0,0,0,0.0,False
random_regular_200_d10,0,200,1000,10.0,half_mean_deg,5.0,none,random_budgeted,0.0,ideal,zero,6,graph,50.0,50.0,0,1,938,0.48450636863708496,0.03491401672363281,1,712.0,714.0,716.0,0.0,0.0,,timeout,0.0,998,9.98,10,4.675716380648955,5.000000000000804,8.038014698286133e-13,0.0,0,0,0.0,False
random_regular_200_d10,0,200,1000,10.0,half_mean_deg,5.0,none,random_budgeted,0.0,ideal,zero,7,graph,50.0,50.0,0,1,950,0.5222752094268799,0.03747916221618652,1,706.0,720.0,728.0,0.0,0.0,,timeout,0.0,999,9.99,10,4.640566873462484,5.0000000000006395,6.394884621840902e-13,0.0,0,0,0.0,False
random_regular_200_d10,0,200,1000,10.0,half_mean_deg,5.0,none,random_budgeted,0.0,ideal,zero,8,graph,50.0,50.0,0,1,1010,0.5245487689971924,0.03309893608093262,1,700.0,718.0,734.0,0.0,0.0,,timeout,0.0,999,9.99,10,4.595013752495155,5.000000000000653,6.52811138479592e-13,0.0,0,0,0.0,False
random_regular_200_d10,0,200,1000,10.0,half_mean_deg,5.0,none,random_budgeted,0.0,ideal,zero,9,graph,50.0,50.0,0,1,962,0.5008382797241211,0.030395984649658203,1,698.0,712.0,714.0,0.0,0.0,,timeout,0.0,1000,10.0,10,4.661521121214175,5.000000000000295,2.948752353404416e-13,0.0,0,0,0.0,False
random_regular_200_d10,0,200,1000,10.0,half_mean_deg,5.0,none,learned_support_random_weights,0.0,ideal,zero,0,hebbian_seed0,50.0,50.0,0,1,854,0.3282499313354492,0.010385990142822266,1,630.0,630.0,670.0,0.0,0.0,,timeout,0.0,576,5.76,9,2.9287361372649223,5.0,0.0,0.0,0,0,0.0,False
random_regular_200_d10,0,200,1000,10.0,half_mean_deg,5.0,none,learned_support_random_weights,0.0,ideal,zero,1,hebbian_seed0,50.0,50.0,0,1,962,0.40148258209228516,0.003359079360961914,1,628.0,630.0,670.0,0.0,0.0,,timeout,0.0,576,5.76,9,2.8863217360133824,5.000000000000002,1.7763568394002505e-15,0.0,0,0,0.0,False
random_regular_200_d10,0,200,1000,10.0,half_mean_deg,5.0,none,learned_support_random_weights,0.0,ideal,zero,2,hebbian_seed0,50.0,50.0,0,1,938,0.36879563331604004,0.0030307769775390625,1,622.0,630.0,670.0,0.0,0.0,,timeout,0.0,576,5.76,9,2.8621618686464867,5.0,0.0,0.0,0,0,0.0,False
random_regular_200_d10,0,200,1000,10.0,half_mean_deg,5.0,none,learned_support_random_weights,0.0,ideal,zero,3,hebbian_seed0,50.0,50.0,0,1,914,0.3624289035797119,0.004893064498901367,1,624.0,630.0,670.0,0.0,0.0,,timeout,0.0,576,5.76,9,2.8357510765829956,5.000000000000001,8.881784197001252e-16,0.0,0,0,0.0,False
random_regular_200_d10,0,200,1000,10.0,half_mean_deg,5.0,none,learned_support_random_weights,0.0,ideal,zero,4,hebbian_seed0,50.0,50.0,0,1,866,0.3907921314239502,0.005554914474487305,1,612.0,630.0,670.0,0.0,0.0,,timeout,0.0,576,5.76,9,2.896164471054247,5.0,0.0,0.0,0,0,0.0,False
random_regular_200_d10,0,200,1000,10.0,half_mean_deg,5.0,none,learned_support_random_weights,0.0,ideal,zero,5,hebbian_seed0,50.0,50.0,0,1,926,0.38687658309936523,0.0036454200744628906,1,622.0,630.0,670.0,0.0,0.0,,timeout,0.0,576,5.76,9,2.792016510106988,5.0,0.0,0.0,0,0,0.0,False
random_regular_200_d10,0,200,1000,10.0,half_mean_deg,5.0,none,learned_support_random_weights,0.0,ideal,zero,6,hebbian_seed0,50.0,50.0,0,1,842,0.36205172538757324,0.01574420928955078,1,620.0,630.0,670.0,0.0,0.0,,timeout,0.0,576,5.76,9,2.8770854092102707,5.0,0.0,0.0,0,0,0.0,False
random_regular_200_d10,0,200,1000,10.0,half_mean_deg,5.0,none,learned_support_random_weights,0.0,ideal,zero,7,hebbian_seed0,50.0,50.0,0,1,938,3.4209394454956055,0.0019524097442626953,1,630.0,630.0,672.0,0.0,0.0,,timeout,0.0,576,5.76,9,2.850485200381345,4.985140641910859,-0.014859358089140962,0.0,0,0,0.0,False
random_regular_200_d10,0,200,1000,10.0,half_mean_deg,5.0,none,learned_support_random_weights,0.0,ideal,zero,8,hebbian_seed0,50.0,50.0,0,1,878,0.37290453910827637,0.004735231399536133,1,622.0,630.0,672.0,0.0,0.0,,timeout,0.0,576,5.76,9,2.8159927390938577,5.0,0.0,0.0,0,0,0.0,False
random_regular_200_d10,0,200,1000,10.0,half_mean_deg,5.0,none,learned_support_random_weights,0.0,ideal,zero,9,hebbian_seed0,50.0,50.0,0,1,998,0.4241292476654053,0.003962516784667969,1,626.0,628.0,670.0,0.0,0.0,,timeout,0.0,576,5.76,9,2.7980112538197592,5.0,0.0,0.0,0,0,0.0,False
random_regular_200_d10,0,200,1000,10.0,half_mean_deg,5.0,none,topology_scrambled,0.0,ideal,zero,0,graph,50.0,50.0,100,101,2732,38.210753202438354,36.877602100372314,101,542.0,542.0,676.0,0.0,0.0,,timeout,0.0,582,5.82,10,4.999999999999992,5.000000000000185,1.8474111129762605e-13,0.0,0,0,-473.7085610670639,False
random_regular_200_d10,0,200,1000,10.0,half_mean_deg,5.0,none,topology_scrambled,0.0,ideal,zero,1,graph,50.0,50.0,100,101,3488,85.76768255233765,84.15823316574097,101,526.0,532.0,676.0,0.0,0.0,,timeout,0.0,522,5.22,8,4.999890412650023,5.000000000000001,8.881784197001252e-16,0.0,0,0,-468.5922580129023,False
random_regular_200_d10,0,200,1000,10.0,half_mean_deg,5.0,none,topology_scrambled,0.0,ideal,zero,2,graph,50.0,50.0,100,101,3176,47.86930537223816,46.392526388168335,101,504.0,504.0,676.0,0.0,0.0,,timeout,0.0,578,5.78,9,5.0,5.000000000000005,5.329070518200751e-15,0.0,0,0,-474.5840757957159,False
random_regular_200_d10,0,200,1000,10.0,half_mean_deg,5.0,none,topology_scrambled,0.0,ideal,zero,3,graph,50.0,50.0,100,101,2768,43.1066038608551,41.80167365074158,101,522.0,522.0,670.0,0.0,0.0,,timeout,0.0,557,5.57,9,5.0,5.000000000000027,2.6645352591003757e-14,0.0,0,0,-472.7091227330459,False
random_regular_200_d10,0,200,1000,10.0,half_mean_deg,5.0,none,topology_scrambled,0.0,ideal,zero,4,graph,50.0,50.0,100,101,2924,51.61250162124634,50.27068328857422,101,566.0,566.0,676.0,0.0,0.0,,timeout,0.0,549,5.49,9,4.999999999999991,5.000000000000306,3.064215547965432e-13,0.0,0,0,-472.43031251814233,False
random_regular_200_d10,0,200,1000,10.0,half_mean_deg,5.0,none,topology_scrambled,0.0,ideal,zero,5,graph,50.0,50.0,100,101,2804,47.078054904937744,45.78172183036804,101,512.0,512.0,666.0,0.0,0.0,,timeout,0.0,585,5.85,10,5.0,5.000000000000002,1.7763568394002505e-15,0.0,0,0,-474.1326281527618,False
random_regular_200_d10,0,200,1000,10.0,half_mean_deg,5.0,none,topology_scrambled,0.0,ideal,zero,6,graph,50.0,50.0,100,101,3092,70.07452893257141,68.56111407279968,101,502.0,504.0,676.0,0.0,0.0,,timeout,0.0,544,5.44,9,4.9999999999999565,5.000000000000865,8.65085780787922e-13,0.0,0,0,-471.40933889935013,False
random_regular_200_d10,0,200,1000,10.0,half_mean_deg,5.0,none,topology_scrambled,0.0,ideal,zero,7,graph,50.0,50.0,100,101,3176,90.50882244110107,88.98694968223572,101,536.0,544.0,690.0,0.0,0.0,,timeout,0.0,529,5.29,9,4.988782633691972,5.000000000000001,8.881784197001252e-16,0.0,0,0,-463.988548249629,False
random_regular_200_d10,0,200,1000,10.0,half_mean_deg,5.0,none,topology_scrambled,0.0,ideal,zero,8,graph,50.0,50.0,100,101,3212,88.62134170532227,87.11972260475159,101,532.0,540.0,698.0,0.0,0.0,,timeout,0.0,522,5.22,9,4.997545446356373,5.000000000000002,1.7763568394002505e-15,0.0,0,0,-465.6657157403557,False
random_regular_200_d10,0,200,1000,10.0,half_mean_deg,5.0,none,topology_scrambled,0.0,ideal,zero,9,graph,50.0,50.0,100,101,2744,86.47435641288757,85.185795545578,101,516.0,516.0,668.0,0.0,0.0,,timeout,0.0,541,5.41,10,4.991901936318408,5.000000000000001,8.881784197001252e-16,0.0,0,0,-468.86120132962543,False
random_regular_200_d10,0,200,1000,10.0,half_mean_deg,5.0,sinkhorn,hebbian_sinkhorn,0.0,ideal,zero,0,graph,50.0,50.0,100,100,4292,2.126721143722534,0.0,0,648.0,648.0,670.0,0.0,0.0,,timeout,0.0,648,6.48,9,4.802152213448348,5.000000000000001,8.881784197001252e-16,0.0,0,0,-461.40947546293313,False
random_regular_200_d10,0,200,1000,10.0,half_mean_deg,5.0,sinkhorn,hebbian_sinkhorn,0.0,ideal,zero,1,graph,50.0,50.0,100,100,4256,1.9823122024536133,0.0,0,660.0,660.0,690.0,0.0,0.0,,timeout,0.0,660,6.6,10,4.762116191745988,5.000000000000001,8.881784197001252e-16,0.0,0,0,-458.0107546276312,False
random_regular_200_d10,0,200,1000,10.0,half_mean_deg,5.0,sinkhorn,hebbian_sinkhorn,0.0,ideal,zero,2,graph,50.0,50.0,100,100,4232,2.0274593830108643,0.0,0,640.0,640.0,686.0,0.0,0.0,,timeout,0.0,640,6.4,10,4.766045166226684,5.000000000000001,8.881784197001252e-16,0.0,0,0,-457.51805809680513,False
random_regular_200_d10,0,200,1000,10.0,half_mean_deg,5.0,sinkhorn,hebbian_sinkhorn,0.0,ideal,zero,3,graph,50.0,50.0,100,100,4460,5.1574718952178955,0.0,0,634.0,634.0,678.0,0.0,0.0,,timeout,0.0,634,6.34,10,4.787750292524344,5.000000000000001,8.881784197001252e-16,0.0,0,0,-459.50664728522867,False
random_regular_200_d10,0,200,1000,10.0,half_mean_deg,5.0,sinkhorn,hebbian_sinkhorn,0.0,ideal,zero,4,graph,50.0,50.0,100,100,4412,2.2175092697143555,0.0,0,644.0,644.0,686.0,0.0,0.0,,timeout,0.0,644,6.44,10,4.776312037822146,5.000000000000001,8.881784197001252e-16,0.0,0,0,-458.75956726578056,False
random_regular_200_d10,0,200,1000,10.0,half_mean_deg,5.0,sinkhorn,hebbian_sinkhorn,0.0,ideal,zero,5,graph,50.0,50.0,100,100,4544,2.101196765899658,0.0,0,638.0,638.0,672.0,0.0,0.0,,timeout,0.0,638,6.38,10,4.805215398134353,5.000000000000002,1.7763568394002505e-15,0.0,0,0,-461.4012219452115,False
random_regular_200_d10,0,200,1000,10.0,half_mean_deg,5.0,sinkhorn,hebbian_sinkhorn,0.0,ideal,zero,6,graph,50.0,50.0,100,100,4532,2.1306960582733154,0.0,0,652.0,652.0,700.0,0.0,0.0,,timeout,0.0,652,6.52,9,4.779260536102196,5.000000000000002,1.7763568394002505e-15,0.0,0,1,-459.37666230252444,False
random_regular_200_d10,0,200,1000,10.0,half_mean_deg,5.0,sinkhorn,hebbian_sinkhorn,0.0,ideal,zero,7,graph,50.0,50.0,100,100,4256,2.0517489910125732,0.0,0,654.0,654.0,694.0,0.0,0.0,,timeout,0.0,654,6.54,10,4.7672274976567985,5.000000000000002,1.7763568394002505e-15,0.0,0,0,-458.3091201785455,False
random_regular_200_d10,0,200,1000,10.0,half_mean_deg,5.0,sinkhorn,hebbian_sinkhorn,0.0,ideal,zero,8,graph,50.0,50.0,100,100,4292,2.0207369327545166,0.0,0,626.0,626.0,672.0,0.0,0.0,,timeout,0.0,626,6.26,10,4.791665663119479,5.000000000000001,8.881784197001252e-16,0.0,0,0,-459.6061998141275,False
random_regular_200_d10,0,200,1000,10.0,half_mean_deg,5.0,sinkhorn,hebbian_sinkhorn,0.0,ideal,zero,9,graph,50.0,50.0,100,100,4280,2.1552257537841797,0.0,0,650.0,650.0,674.0,0.0,0.0,,timeout,0.0,650,6.5,10,4.81621176036789,5.000000000000001,8.881784197001252e-16,0.0,0,6,-462.9052604371798,False
random_regular_200_d10,0,200,1000,10.0,half_mean_deg,5.0,sinkhorn,hybrid_sinkhorn,0.0,ideal,zero,0,graph,50.0,50.0,100,100,5266,2.419633388519287,0.0,0,648.0,648.0,670.0,0.0,0.0,,timeout,0.0,648,6.48,9,4.802152213448348,5.000000000000001,8.881784197001252e-16,0.0,0,0,-461.40947546293313,False
random_regular_200_d10,0,200,1000,10.0,half_mean_deg,5.0,sinkhorn,hybrid_sinkhorn,0.0,ideal,zero,1,graph,50.0,50.0,100,100,5266,2.4195921421051025,0.0,0,660.0,660.0,690.0,0.0,0.0,,timeout,0.0,660,6.6,10,4.762116191745988,5.000000000000001,8.881784197001252e-16,0.0,0,0,-458.0107546276312,False
random_regular_200_d10,0,200,1000,10.0,half_mean_deg,5.0,sinkhorn,hybrid_sinkhorn,0.0,ideal,zero,2,graph,50.0,50.0,100,100,5242,2.2984707355499268,0.0,0,640.0,640.0,686.0,0.0,0.0,,timeout,0.0,640,6.4,10,4.766045166226684,5.000000000000001,8.881784197001252e-16,0.0,0,0,-457.51805809680513,False
random_regular_200_d10,0,200,1000,10.0,half_mean_deg,5.0,sinkhorn,hybrid_sinkhorn,0.0,ideal,zero,3,graph,50.0,50.0,100,100,5470,2.55462646484375,0.0,0,634.0,634.0,678.0,0.0,0.0,,timeout,0.0,634,6.34,10,4.787750292524344,5.000000000000001,8.881784197001252e-16,0.0,0,0,-459.50664728522867,False
random_regular_200_d10,0,200,1000,10.0,half_mean_deg,5.0,sinkhorn,hybrid_sinkhorn,0.0,ideal,zero,4,graph,50.0,50.0,100,100,5374,2.451568126678467,0.0,0,644.0,644.0,686.0,0.0,0.0,,timeout,0.0,644,6.44,10,4.776312037822146,5.000000000000001,8.881784197001252e-16,0.0,0,0,-458.75956726578056,False
random_regular_200_d10,0,200,1000,10.0,half_mean_deg,5.0,sinkhorn,hybrid_sinkhorn,0.0,ideal,zero,5,graph,50.0,50.0,100,100,5518,2.4507031440734863,0.0,0,638.0,638.0,672.0,0.0,0.0,,timeout,0.0,638,6.38,10,4.805215398134353,5.000000000000002,1.7763568394002505e-15,0.0,0,0,-461.4012219452115,False
random_regular_200_d10,0,200,1000,10.0,half_mean_deg,5.0,sinkhorn,hybrid_sinkhorn,0.0,ideal,zero,6,graph,50.0,50.0,100,100,5530,5.562691688537598,0.0,0,652.0,652.0,700.0,0.0,0.0,,timeout,0.0,652,6.52,9,4.779260536102196,5.000000000000002,1.7763568394002505e-15,0.0,0,1,-459.37666230252444,False
random_regular_200_d10,0,200,1000,10.0,half_mean_deg,5.0,sinkhorn,hybrid_sinkhorn,0.0,ideal,zero,7,graph,50.0,50.0,100,100,5254,2.411526679992676,0.0,0,654.0,654.0,694.0,0.0,0.0,,timeout,0.0,654,6.54,10,4.7672274976567985,5.000000000000002,1.7763568394002505e-15,0.0,0,0,-458.3091201785455,False
random_regular_200_d10,0,200,1000,10.0,half_mean_deg,5.0,sinkhorn,hybrid_sinkhorn,0.0,ideal,zero,8,graph,50.0,50.0,100,100,5302,2.392373561859131,0.0,0,626.0,626.0,672.0,0.0,0.0,,timeout,0.0,626,6.26,10,4.791665663119479,5.000000000000001,8.881784197001252e-16,0.0,0,0,-459.6061998141275,False
random_regular_200_d10,0,200,1000,10.0,half_mean_deg,5.0,sinkhorn,hybrid_sinkhorn,0.0,ideal,zero,9,graph,50.0,50.0,100,100,5290,2.4569034576416016,0.0,0,650.0,650.0,674.0,0.0,0.0,,timeout,0.0,650,6.5,10,4.81621176036789,5.000000000000001,8.881784197001252e-16,0.0,0,6,-462.9052604371798,False
random_regular_200_d10,0,200,1000,10.0,half_mean_deg,5.0,frobenius,hebbian_frobenius,0.0,ideal,zero,0,graph,50.0,50.0,100,101,3644,84.59395146369934,82.76995134353638,101,630.0,654.0,684.0,0.0,0.0,,timeout,0.0,576,5.76,9,4.999976277691528,5.000000000000001,8.881784197001252e-16,0.0,0,0,-466.47323255185586,True
random_regular_200_d10,0,200,1000,10.0,half_mean_deg,5.0,frobenius,hebbian_frobenius,0.0,ideal,zero,1,graph,50.0,50.0,100,101,2576,51.69888091087341,50.55134582519531,101,644.0,644.0,696.0,0.0,0.0,,timeout,0.0,644,6.44,10,5.0,5.000000000000002,1.7763568394002505e-15,0.0,0,0,-477.8669529538861,True
random_regular_200_d10,0,200,1000,10.0,half_mean_deg,5.0,frobenius,hebbian_frobenius,0.0,ideal,zero,2,graph,50.0,50.0,100,101,3200,77.04662919044495,75.61595487594604,101,626.0,636.0,680.0,0.0,0.0,,timeout,0.0,626,6.26,9,4.999999999999774,5.000000000000001,8.881784197001252e-16,0.0,0,0,-474.56083573703154,True
random_regular_200_d10,0,200,1000,10.0,half_mean_deg,5.0,frobenius,hebbian_frobenius,0.0,ideal,zero,3,graph,50.0,50.0,100,101,3536,29.795596599578857,28.346766710281372,101,640.0,640.0,684.0,0.0,0.0,,timeout,0.0,628,6.28,9,5.0,5.000000000000002,1.7763568394002505e-15,0.0,0,0,-477.0290750348253,True
random_regular_200_d10,0,200,1000,10.0,half_mean_deg,5.0,frobenius,hebbian_frobenius,0.0,ideal,zero,4,graph,50.0,50.0,100,101,4160,14.934452772140503,13.333658933639526,101,630.0,630.0,686.0,0.0,0.0,,timeout,0.0,630,6.3,9,5.0,5.000000000000002,1.7763568394002505e-15,0.0,0,0,-478.00013150296,True
random_regular_200_d10,0,200,1000,10.0,half_mean_deg,5.0,frobenius,hebbian_frobenius,0.0,ideal,zero,5,graph,50.0,50.0,100,101,3152,90.84387302398682,89.48588585853577,101,630.0,636.0,674.0,0.0,0.0,,timeout,0.0,610,6.1,10,4.999959502788212,5.000000000000001,8.881784197001252e-16,0.0,0,0,-473.5736732289102,True
random_regular_200_d10,0,200,1000,10.0,half_mean_deg,5.0,frobenius,hebbian_frobenius,0.0,ideal,zero,6,graph,50.0,50.0,100,101,3512,35.04610466957092,33.5481333732605,101,662.0,662.0,692.0,0.0,0.0,,timeout,0.0,662,6.62,10,5.0,5.000000000000002,1.7763568394002505e-15,0.0,0,0,-479.43872759868196,True
random_regular_200_d10,0,200,1000,10.0,half_mean_deg,5.0,frobenius,hebbian_frobenius,0.0,ideal,zero,7,graph,50.0,50.0,100,101,3368,50.10034370422363,48.69463109970093,101,620.0,628.0,678.0,0.0,0.0,,timeout,0.0,614,6.14,10,5.0,5.000000000000002,1.7763568394002505e-15,0.0,0,0,-475.8196206434273,True
random_regular_200_d10,0,200,1000,10.0,half_mean_deg,5.0,frobenius,hebbian_frobenius,0.0,ideal,zero,8,graph,50.0,50.0,100,101,3668,24.602056741714478,23.166247129440308,101,626.0,626.0,672.0,0.0,0.0,,timeout,0.0,626,6.26,9,5.0,5.000000000000002,1.7763568394002505e-15,0.0,0,0,-478.03351510577926,True
random_regular_200_d10,0,200,1000,10.0,half_mean_deg,5.0,frobenius,hebbian_frobenius,0.0,ideal,zero,9,graph,50.0,50.0,100,101,3644,34.22994661331177,32.71124029159546,101,644.0,644.0,666.0,0.0,0.0,,timeout,0.0,644,6.44,10,5.0,5.000000000000003,2.6645352591003757e-15,0.0,0,0,-478.8192384521581,True
random_regular_200_d10,0,200,1000,10.0,half_mean_deg,5.0,frobenius,hybrid_frobenius,0.0,ideal,zero,0,graph,50.0,50.0,100,101,4690,81.92393374443054,79.81877493858337,101,630.0,634.0,676.0,0.0,0.0,,timeout,0.0,576,5.76,9,4.999976277691528,5.000000000000001,8.881784197001252e-16,0.0,0,0,-466.47323255185586,True
random_regular_200_d10,0,200,1000,10.0,half_mean_deg,5.0,frobenius,hybrid_frobenius,0.0,ideal,zero,1,graph,50.0,50.0,100,101,3562,53.81308150291443,52.27288198471069,101,644.0,644.0,696.0,0.0,0.0,,timeout,0.0,644,6.44,10,5.0,5.000000000000002,1.7763568394002505e-15,0.0,0,0,-477.8669529538861,True
random_regular_200_d10,0,200,1000,10.0,half_mean_deg,5.0,frobenius,hybrid_frobenius,0.0,ideal,zero,2,graph,50.0,50.0,100,101,4222,79.18475842475891,77.33268451690674,101,626.0,626.0,690.0,0.0,0.0,,timeout,0.0,626,6.26,9,4.999999999999774,5.000000000000001,8.881784197001252e-16,0.0,0,0,-474.56083573703154,True
random_regular_200_d10,0,200,1000,10.0,half_mean_deg,5.0,frobenius,hybrid_frobenius,0.0,ideal,zero,3,graph,50.0,50.0,100,101,4582,31.869133234024048,29.962780237197876,101,640.0,640.0,684.0,0.0,0.0,,timeout,0.0,628,6.28,9,5.0,5.000000000000002,1.7763568394002505e-15,0.0,0,0,-477.0290750348253,True
random_regular_200_d10,0,200,1000,10.0,half_mean_deg,5.0,frobenius,hybrid_frobenius,0.0,ideal,zero,4,graph,50.0,50.0,100,101,5182,15.313400268554688,11.506856441497803,101,630.0,630.0,686.0,0.0,0.0,,timeout,0.0,630,6.3,9,5.0,5.000000000000002,1.7763568394002505e-15,0.0,0,0,-478.00013150296,True
random_regular_200_d10,0,200,1000,10.0,half_mean_deg,5.0,frobenius,hybrid_frobenius,0.0,ideal,zero,5,graph,50.0,50.0,100,101,4186,88.54651403427124,86.85902452468872,101,630.0,636.0,674.0,0.0,0.0,,timeout,0.0,610,6.1,10,4.999959502788212,5.000000000000001,8.881784197001252e-16,0.0,0,0,-473.5736732289102,True
random_regular_200_d10,0,200,1000,10.0,half_mean_deg,5.0,frobenius,hybrid_frobenius,0.0,ideal,zero,6,graph,50.0,50.0,100,101,4534,35.357457637786865,33.513158082962036,101,662.0,662.0,692.0,0.0,0.0,,timeout,0.0,662,6.62,10,5.0,5.000000000000002,1.7763568394002505e-15,0.0,0,0,-479.43872759868196,True
random_regular_200_d10,0,200,1000,10.0,half_mean_deg,5.0,frobenius,hybrid_frobenius,0.0,ideal,zero,7,graph,50.0,50.0,100,101,4378,52.85021901130676,51.08360719680786,101,620.0,628.0,678.0,0.0,0.0,,timeout,0.0,614,6.14,10,5.0,5.000000000000002,1.7763568394002505e-15,0.0,0,0,-475.8196206434273,True
random_regular_200_d10,0,200,1000,10.0,half_mean_deg,5.0,frobenius,hybrid_frobenius,0.0,ideal,zero,8,graph,50.0,50.0,100,101,4714,25.849884510040283,24.010618209838867,101,626.0,626.0,672.0,0.0,0.0,,timeout,0.0,626,6.26,9,5.0,5.000000000000002,1.7763568394002505e-15,0.0,0,0,-478.03351510577926,True
random_regular_200_d10,0,200,1000,10.0,half_mean_deg,5.0,frobenius,hybrid_frobenius,0.0,ideal,zero,9,graph,50.0,50.0,100,101,4690,35.594006061553955,33.70229363441467,101,644.0,644.0,666.0,0.0,0.0,,timeout,0.0,644,6.44,10,5.0,5.000000000000003,2.6645352591003757e-15,0.0,0,0,-478.8192384521581,True
random_regular_200_d10,0,200,1000,10.0,mean_deg,10.0,none,static,0.0,ideal,zero,0,graph,50.0,50.0,0,0,1766,0.8473427295684814,0.0,0,712.0,722.0,728.0,0.0,0.0,,timeout,0.0,1000,10.0,10,10.0,10.0,0.0,0.0,0,0,0.0,False
random_regular_200_d10,0,200,1000,10.0,mean_deg,10.0,none,static,0.0,ideal,zero,1,graph,50.0,50.0,0,0,1586,0.7560608386993408,0.0,0,724.0,732.0,734.0,0.0,0.0,,timeout,0.0,1000,10.0,10,10.0,10.0,0.0,0.0,0,0,0.0,False
random_regular_200_d10,0,200,1000,10.0,mean_deg,10.0,none,static,0.0,ideal,zero,2,graph,50.0,50.0,0,0,1670,0.7837398052215576,0.0,0,702.0,728.0,732.0,0.0,0.0,,timeout,0.0,1000,10.0,10,10.0,10.0,0.0,0.0,0,0,0.0,False
random_regular_200_d10,0,200,1000,10.0,mean_deg,10.0,none,static,0.0,ideal,zero,3,graph,50.0,50.0,0,0,1538,0.7068865299224854,0.0,0,710.0,722.0,724.0,0.0,0.0,,timeout,0.0,1000,10.0,10,10.0,10.0,0.0,0.0,0,0,0.0,False
random_regular_200_d10,0,200,1000,10.0,mean_deg,10.0,none,static,0.0,ideal,zero,4,graph,50.0,50.0,0,0,1658,0.7930908203125,0.0,0,724.0,732.0,734.0,0.0,0.0,,timeout,0.0,1000,10.0,10,10.0,10.0,0.0,0.0,0,0,0.0,False
random_regular_200_d10,0,200,1000,10.0,mean_deg,10.0,none,static,0.0,ideal,zero,5,graph,50.0,50.0,0,0,1598,3.7747509479522705,0.0,0,708.0,722.0,728.0,0.0,0.0,,timeout,0.0,1000,10.0,10,10.0,10.0,0.0,0.0,0,0,0.0,False
random_regular_200_d10,0,200,1000,10.0,mean_deg,10.0,none,static,0.0,ideal,zero,6,graph,50.0,50.0,0,0,1802,0.8320798873901367,0.0,0,694.0,732.0,732.0,0.0,0.0,,timeout,0.0,1000,10.0,10,10.0,10.0,0.0,0.0,0,0,0.0,False
random_regular_200_d10,0,200,1000,10.0,mean_deg,10.0,none,static,0.0,ideal,zero,7,graph,50.0,50.0,0,0,1646,0.7876100540161133,0.0,0,704.0,732.0,734.0,0.0,0.0,,timeout,0.0,1000,10.0,10,10.0,10.0,0.0,0.0,0,0,0.0,False
random_regular_200_d10,0,200,1000,10.0,mean_deg,10.0,none,static,0.0,ideal,zero,8,graph,50.0,50.0,0,0,1574,0.7463908195495605,0.0,0,714.0,734.0,734.0,0.0,0.0,,timeout,0.0,1000,10.0,10,10.0,10.0,0.0,0.0,0,0,0.0,False
random_regular_200_d10,0,200,1000,10.0,mean_deg,10.0,none,static,0.0,ideal,zero,9,graph,50.0,50.0,0,0,1850,0.8843066692352295,0.0,0,720.0,722.0,726.0,0.0,0.0,,timeout,0.0,1000,10.0,10,10.0,10.0,0.0,0.0,0,0,0.0,False
random_regular_200_d10,0,200,1000,10.0,mean_deg,10.0,none,random_rounding,0.0,ideal,zero,0,graph,50.0,50.0,0,0,1766,0.8360905647277832,0.0,0,712.0,722.0,728.0,0.0,0.0,,timeout,0.0,1000,10.0,10,10.0,10.0,0.0,0.0,0,0,0.0,False
random_regular_200_d10,0,200,1000,10.0,mean_deg,10.0,none,random_rounding,0.0,ideal,zero,1,graph,50.0,50.0,0,0,1586,0.7341444492340088,0.0,0,724.0,732.0,734.0,0.0,0.0,,timeout,0.0,1000,10.0,10,10.0,10.0,0.0,0.0,0,0,0.0,False
random_regular_200_d10,0,200,1000,10.0,mean_deg,10.0,none,random_rounding,0.0,ideal,zero,2,graph,50.0,50.0,0,0,1670,0.7847354412078857,0.0,0,702.0,728.0,732.0,0.0,0.0,,timeout,0.0,1000,10.0,10,10.0,10.0,0.0,0.0,0,0,0.0,False
random_regular_200_d10,0,200,1000,10.0,mean_deg,10.0,none,random_rounding,0.0,ideal,zero,3,graph,50.0,50.0,0,0,1538,0.7209899425506592,0.0,0,710.0,722.0,724.0,0.0,0.0,,timeout,0.0,1000,10.0,10,10.0,10.0,0.0,0.0,0,0,0.0,False
random_regular_200_d10,0,200,1000,10.0,mean_deg,10.0,none,random_rounding,0.0,ideal,zero,4,graph,50.0,50.0,0,0,1658,0.7932217121124268,0.0,0,724.0,732.0,734.0,0.0,0.0,,timeout,0.0,1000,10.0,10,10.0,10.0,0.0,0.0,0,0,0.0,False
random_regular_200_d10,0,200,1000,10.0,mean_deg,10.0,none,random_rounding,0.0,ideal,zero,5,graph,50.0,50.0,0,0,1598,0.7736258506774902,0.0,0,708.0,722.0,728.0,0.0,0.0,,timeout,0.0,1000,10.0,10,10.0,10.0,0.0,0.0,0,0,0.0,False
random_regular_200_d10,0,200,1000,10.0,mean_deg,10.0,none,random_rounding,0.0,ideal,zero,6,graph,50.0,50.0,0,0,1802,0.858605146408081,0.0,0,694.0,732.0,732.0,0.0,0.0,,timeout,0.0,1000,10.0,10,10.0,10.0,0.0,0.0,0,0,0.0,False
random_regular_200_d10,0,200,1000,10.0,mean_deg,10.0,none,random_rounding,0.0,ideal,zero,7,graph,50.0,50.0,0,0,1646,0.7871766090393066,0.0,0,704.0,732.0,734.0,0.0,0.0,,timeout,0.0,1000,10.0,10,10.0,10.0,0.0,0.0,0,0,0.0,False
random_regular_200_d10,0,200,1000,10.0,mean_deg,10.0,none,random_rounding,0.0,ideal,zero,8,graph,50.0,50.0,0,0,1574,0.7313010692596436,0.0,0,714.0,734.0,734.0,0.0,0.0,,timeout,0.0,1000,10.0,10,10.0,10.0,0.0,0.0,0,0,0.0,False
random_regular_200_d10,0,200,1000,10.0,mean_deg,10.0,none,random_rounding,0.0,ideal,zero,9,graph,50.0,50.0,0,0,1850,0.8813743591308594,0.0,0,720.0,722.0,726.0,0.0,0.0,,timeout,0.0,1000,10.0,10,10.0,10.0,0.0,0.0,0,0,0.0,False
random_regular_200_d10,0,200,1000,10.0,mean_deg,10.0,none,greedy,0.0,ideal,zero,0,graph,50.0,50.0,0,0,0,0.0009198188781738281,0.0,0,686.0,686.0,686.0,0.0,0.0,,timeout,0.0,0,0.0,0,0.0,0.0,0.0,0.0,0,0,0.0,False
random_regular_200_d10,0,200,1000,10.0,mean_deg,10.0,none,greedy,0.0,ideal,zero,1,graph,50.0,50.0,0,0,0,0.0006530284881591797,0.0,0,672.0,672.0,672.0,0.0,0.0,,timeout,0.0,0,0.0,0,0.0,0.0,0.0,0.0,0,0,0.0,False
random_regular_200_d10,0,200,1000,10.0,mean_deg,10.0,none,greedy,0.0,ideal,zero,2,graph,50.0,50.0,0,0,0,0.0006473064422607422,0.0,0,684.0,684.0,684.0,0.0,0.0,,timeout,0.0,0,0.0,0,0.0,0.0,0.0,0.0,0,0,0.0,False
random_regular_200_d10,0,200,1000,10.0,mean_deg,10.0,none,greedy,0.0,ideal,zero,3,graph,50.0,50.0,0,0,0,0.0006895065307617188,0.0,0,678.0,678.0,678.0,0.0,0.0,,timeout,0.0,0,0.0,0,0.0,0.0,0.0,0.0,0,0,0.0,False
random_regular_200_d10,0,200,1000,10.0,mean_deg,10.0,none,greedy,0.0,ideal,zero,4,graph,50.0,50.0,0,0,0,0.0006911754608154297,0.0,0,670.0,670.0,670.0,0.0,0.0,,timeout,0.0,0,0.0,0,0.0,0.0,0.0,0.0,0,0,0.0,False
random_regular_200_d10,0,200,1000,10.0,mean_deg,10.0,none,greedy,0.0,ideal,zero,5,graph,50.0,50.0,0,0,0,0.0007088184356689453,0.0,0,682.0,682.0,682.0,0.0,0.0,,timeout,0.0,0,0.0,0,0.0,0.0,0.0,0.0,0,0,0.0,False
random_regular_200_d10,0,200,1000,10.0,mean_deg,10.0,none,greedy,0.0,ideal,zero,6,graph,50.0,50.0,0,0,0,0.0005137920379638672,0.0,0,694.0,694.0,694.0,0.0,0.0,,timeout,0.0,0,0.0,0,0.0,0.0,0.0,0.0,0,0,0.0,False
random_regular_200_d10,0,200,1000,10.0,mean_deg,10.0,none,greedy,0.0,ideal,zero,7,graph,50.0,50.0,0,0,0,0.0005481243133544922,0.0,0,696.0,696.0,696.0,0.0,0.0,,timeout,0.0,0,0.0,0,0.0,0.0,0.0,0.0,0,0,0.0,False
random_regular_200_d10,0,200,1000,10.0,mean_deg,10.0,none,greedy,0.0,ideal,zero,8,graph,50.0,50.0,0,0,0,0.00042629241943359375,0.0,0,672.0,672.0,672.0,0.0,0.0,,timeout,0.0,0,0.0,0,0.0,0.0,0.0,0.0,0,0,0.0,False
random_regular_200_d10,0,200,1000,10.0,mean_deg,10.0,none,greedy,0.0,ideal,zero,9,graph,50.0,50.0,0,0,0,0.00046253204345703125,0.0,0,666.0,666.0,666.0,0.0,0.0,,timeout,0.0,0,0.0,0,0.0,0.0,0.0,0.0,0,0,0.0,False
random_regular_200_d10,0,200,1000,10.0,mean_deg,10.0,none,static_projected,0.0,ideal,zero,0,graph,50.0,50.0,0,1,1766,0.8295681476593018,0.0016927719116210938,1,712.0,722.0,728.0,0.0,0.0,,timeout,0.0,1000,10.0,10,10.0,10.0,0.0,0.0,0,0,0.0,False
random_regular_200_d10,0,200,1000,10.0,mean_deg,10.0,none,static_projected,0.0,ideal,zero,1,graph,50.0,50.0,0,1,1586,0.7698662281036377,0.0016133785247802734,1,724.0,732.0,734.0,0.0,0.0,,timeout,0.0,1000,10.0,10,10.0,10.0,0.0,0.0,0,0,0.0,False
random_regular_200_d10,0,200,1000,10.0,mean_deg,10.0,none,static_projected,0.0,ideal,zero,2,graph,50.0,50.0,0,1,1670,0.8419244289398193,0.002051830291748047,1,702.0,728.0,732.0,0.0,0.0,,timeout,0.0,1000,10.0,10,10.0,10.0,0.0,0.0,0,0,0.0,False
random_regular_200_d10,0,200,1000,10.0,mean_deg,10.0,none,static_projected,0.0,ideal,zero,3,graph,50.0,50.0,0,1,1538,0.7360670566558838,0.0038945674896240234,1,710.0,722.0,724.0,0.0,0.0,,timeout,0.0,1000,10.0,10,10.0,10.0,0.0,0.0,0,0,0.0,False
random_regular_200_d10,0,200,1000,10.0,mean_deg,10.0,none,static_projected,0.0,ideal,zero,4,graph,50.0,50.0,0,1,1658,0.7828295230865479,0.001600503921508789,1,724.0,732.0,734.0,0.0,0.0,,timeout,0.0,1000,10.0,10,10.0,10.0,0.0,0.0,0,0,0.0,False
random_regular_200_d10,0,200,1000,10.0,mean_deg,10.0,none,static_projected,0.0,ideal,zero,5,graph,50.0,50.0,0,1,1598,0.7505311965942383,0.0018582344055175781,1,708.0,722.0,728.0,0.0,0.0,,timeout,0.0,1000,10.0,10,10.0,10.0,0.0,0.0,0,0,0.0,False
random_regular_200_d10,0,200,1000,10.0,mean_deg,10.0,none,static_projected,0.0,ideal,zero,6,graph,50.0,50.0,0,1,1802,0.8775043487548828,0.00383758544921875,1,694.0,732.0,732.0,0.0,0.0,,timeout,0.0,1000,10.0,10,10.0,10.0,0.0,0.0,0,0,0.0,False
random_regular_200_d10,0,200,1000,10.0,mean_deg,10.0,none,static_projected,0.0,ideal,zero,7,graph,50.0,50.0,0,1,1646,0.7777628898620605,0.001605987548828125,1,704.0,732.0,734.0,0.0,0.0,,timeout,0.0,1000,10.0,10,10.0,10.0,0.0,0.0,0,0,0.0,False
random_regular_200_d10,0,200,1000,10.0,mean_deg,10.0,none,static_projected,0.0,ideal,zero,8,graph,50.0,50.0,0,1,1574,0.7485144138336182,0.0024416446685791016,1,714.0,734.0,734.0,0.0,0.0,,timeout,0.0,1000,10.0,10,10.0,10.0,0.0,0.0,0,0,0.0,False
random_regular_200_d10,0,200,1000,10.0,mean_deg,10.0,none,static_projected,0.0,ideal,zero,9,graph,50.0,50.0,0,1,1850,0.8931365013122559,0.0015897750854492188,1,720.0,722.0,726.0,0.0,0.0,,timeout,0.0,1000,10.0,10,10.0,10.0,0.0,0.0,0,0,0.0,False
random_regular_200_d10,0,200,1000,10.0,mean_deg,10.0,none,static_budgeted,0.0,ideal,zero,0,graph,50.0,50.0,0,1,1766,0.8087482452392578,0.0016245841979980469,1,712.0,722.0,728.0,0.0,0.0,,timeout,0.0,1000,10.0,10,10.0,10.0,0.0,0.0,0,0,0.0,False
random_regular_200_d10,0,200,1000,10.0,mean_deg,10.0,none,static_budgeted,0.0,ideal,zero,1,graph,50.0,50.0,0,1,1586,0.717749834060669,0.0016202926635742188,1,724.0,732.0,734.0,0.0,0.0,,timeout,0.0,1000,10.0,10,10.0,10.0,0.0,0.0,0,0,0.0,False
random_regular_200_d10,0,200,1000,10.0,mean_deg,10.0,none,static_budgeted,0.0,ideal,zero,2,graph,50.0,50.0,0,1,1670,0.789393424987793,0.002583026885986328,1,702.0,728.0,732.0,0.0,0.0,,timeout,0.0,1000,10.0,10,10.0,10.0,0.0,0.0,0,0,0.0,False
random_regular_200_d10,0,200,1000,10.0,mean_deg,10.0,none,static_budgeted,0.0,ideal,zero,3,graph,50.0,50.0,0,1,1538,0.72967529296875,0.002568483352661133,1,710.0,722.0,724.0,0.0,0.0,,timeout,0.0,1000,10.0,10,10.0,10.0,0.0,0.0,0,0,0.0,False
random_regular_200_d10,0,200,1000,10.0,mean_deg,10.0,none,static_budgeted,0.0,ideal,zero,4,graph,50.0,50.0,0,1,1658,0.7789421081542969,0.002403736114501953,1,724.0,732.0,734.0,0.0,0.0,,timeout,0.0,1000,10.0,10,10.0,10.0,0.0,0.0,0,0,0.0,False
random_regular_200_d10,0,200,1000,10.0,mean_deg,10.0,none,static_budgeted,0.0,ideal,zero,5,graph,50.0,50.0,0,1,1598,0.7647504806518555,0.002186298370361328,1,708.0,722.0,728.0,0.0,0.0,,timeout,0.0,1000,10.0,10,10.0,10.0,0.0,0.0,0,0,0.0,False
random_regular_200_d10,0,200,1000,10.0,mean_deg,10.0,none,static_budgeted,0.0,ideal,zero,6,graph,50.0,50.0,0,1,1802,0.8665821552276611,0.0016815662384033203,1,694.0,732.0,732.0,0.0,0.0,,timeout,0.0,1000,10.0,10,10.0,10.0,0.0,0.0,0,0,0.0,False
random_regular_200_d10,0,200,1000,10.0,mean_deg,10.0,none,static_budgeted,0.0,ideal,zero,7,graph,50.0,50.0,0,1,1646,0.7831437587738037,0.002724885940551758,1,704.0,732.0,734.0,0.0,0.0,,timeout,0.0,1000,10.0,10,10.0,10.0,0.0,0.0,0,0,0.0,False
random_regular_200_d10,0,200,1000,10.0,mean_deg,10.0,none,static_budgeted,0.0,ideal,zero,8,graph,50.0,50.0,0,1,1574,0.7343192100524902,0.0015399456024169922,1,714.0,734.0,734.0,0.0,0.0,,timeout,0.0,1000,10.0,10,10.0,10.0,0.0,0.0,0,0,0.0,False
random_regular_200_d10,0,200,1000,10.0,mean_deg,10.0,none,static_budgeted,0.0,ideal,zero,9,graph,50.0,50.0,0,1,1850,0.8948862552642822,0.00156402587890625,1,720.0,722.0,726.0,0.0,0.0,,timeout,0.0,1000,10.0,10,10.0,10.0,0.0,0.0,0,0,0.0,False
random_regular_200_d10,0,200,1000,10.0,mean_deg,10.0,none,random_budgeted,0.0,ideal,zero,0,graph,50.0,50.0,0,1,1130,0.5363409519195557,0.0018384456634521484,1,704.0,716.0,726.0,0.0,0.0,,timeout,0.0,1000,10.0,10,5.102344505708382,6.5379632947485975,-3.4620367052514025,0.0,0,0,0.0,False
random_regular_200_d10,0,200,1000,10.0,mean_deg,10.0,none,random_budgeted,0.0,ideal,zero,1,graph,50.0,50.0,0,1,1070,0.5140705108642578,0.0018198490142822266,1,714.0,716.0,722.0,0.0,0.0,,timeout,0.0,1000,10.0,10,4.966356007251367,6.754408854256899,-3.2455911457431013,0.0,0,0,0.0,False
random_regular_200_d10,0,200,1000,10.0,mean_deg,10.0,none,random_budgeted,0.0,ideal,zero,2,graph,50.0,50.0,0,1,1058,0.5180315971374512,0.0025424957275390625,1,690.0,700.0,704.0,0.0,0.0,,timeout,0.0,1000,10.0,10,4.944158594398316,6.4734976104929824,-3.5265023895070176,0.0,0,0,0.0,False
random_regular_200_d10,0,200,1000,10.0,mean_deg,10.0,none,random_budgeted,0.0,ideal,zero,3,graph,50.0,50.0,0,1,1130,0.5345108509063721,0.0016825199127197266,1,714.0,714.0,718.0,0.0,0.0,,timeout,0.0,1000,10.0,10,4.906215598582491,6.634343424269664,-3.365656575730336,0.0,0,0,0.0,False
random_regular_200_d10,0,200,1000,10.0,mean_deg,10.0,none,random_budgeted,0.0,ideal,zero,4,graph,50.0,50.0,0,1,1046,3.567467451095581,0.002828836441040039,1,700.0,708.0,708.0,0.0,0.0,,timeout,0.0,1000,10.0,10,4.917691104218672,6.437779393132766,-3.5622206068672337,0.0,0,0,0.0,False
random_regular_200_d10,0,200,1000,10.0,mean_deg,10.0,none,random_budgeted,0.0,ideal,zero,5,graph,50.0,50.0,0,1,1082,0.5279173851013184,0.002476215362548828,1,698.0,716.0,722.0,0.0,0.0,,timeout,0.0,1000,10.0,10,4.901905515768528,6.735650243096694,-3.2643497569033064,0.0,0,0,0.0,False
random_regular_200_d10,0,200,1000,10.0,mean_deg,10.0,none,random_budgeted,0.0,ideal,zero,6,graph,50.0,50.0,0,1,986,0.46535301208496094,0.0016849040985107422,1,704.0,712.0,720.0,0.0,0.0,,timeout,0.0,1000,10.0,10,5.013639865928843,6.5497059680756315,-3.4502940319243685,0.0,0,0,0.0,False
random_regular_200_d10,0,200,1000,10.0,mean_deg,10.0,none,random_budgeted,0.0,ideal,zero,7,graph,50.0,50.0,0,1,986,0.48389482498168945,0.0016808509826660156,1,692.0,720.0,724.0,0.0,0.0,,timeout,0.0,1000,10.0,10,4.975142242617383,6.598238653986651,-3.401761346013349,0.0,0,0,0.0,False
random_regular_200_d10,0,200,1000,10.0,mean_deg,10.0,none,random_budgeted,0.0,ideal,zero,8,graph,50.0,50.0,0,1,1106,0.5287306308746338,0.0026314258575439453,1,700.0,724.0,734.0,0.0,0.0,,timeout,0.0,1000,10.0,10,4.922055714042385,6.607657484810573,-3.3923425151894273,0.0,0,0,0.0,False
random_regular_200_d10,0,200,1000,10.0,mean_deg,10.0,none,random_budgeted,0.0,ideal,zero,9,graph,50.0,50.0,0,1,998,0.4721963405609131,0.0021514892578125,1,692.0,710.0,716.0,0.0,0.0,,timeout,0.0,1000,10.0,10,4.956297361019102,6.564561232753397,-3.4354387672466027,0.0,0,0,0.0,False
random_regular_200_d10,0,200,1000,10.0,mean_deg,10.0,none,learned_support_random_weights,0.0,ideal,zero,0,hebbian_seed0,50.0,50.0,0,1,926,0.3622090816497803,0.0024292469024658203,1,680.0,680.0,694.0,0.0,0.0,,timeout,0.0,680,6.8,10,3.5012307803128384,5.598044967673002,-4.401955032326998,0.0,0,0,0.0,False
random_regular_200_d10,0,200,1000,10.0,mean_deg,10.0,none,learned_support_random_weights,0.0,ideal,zero,1,hebbian_seed0,50.0,50.0,0,1,950,0.3635237216949463,0.0025773048400878906,1,680.0,680.0,694.0,0.0,0.0,,timeout,0.0,680,6.8,10,3.3624779124757294,5.716545525166596,-4.283454474833404,0.0,0,0,0.0,False
random_regular_200_d10,0,200,1000,10.0,mean_deg,10.0,none,learned_support_random_weights,0.0,ideal,zero,2,hebbian_seed0,50.0,50.0,0,1,950,0.37023329734802246,0.001984834671020508,1,680.0,680.0,694.0,0.0,0.0,,timeout,0.0,680,6.8,10,3.332133680255436,5.1170285965040785,-4.8829714034959215,0.0,0,0,0.0,False
random_regular_200_d10,0,200,1000,10.0,mean_deg,10.0,none,learned_support_random_weights,0.0,ideal,zero,3,hebbian_seed0,50.0,50.0,0,1,962,0.3703444004058838,0.0016071796417236328,1,680.0,680.0,694.0,0.0,0.0,,timeout,0.0,680,6.8,10,3.3643666118630646,5.802534190568287,-4.197465809431713,0.0,0,0,0.0,False
random_regular_200_d10,0,200,1000,10.0,mean_deg,10.0,none,learned_support_random_weights,0.0,ideal,zero,4,hebbian_seed0,50.0,50.0,0,1,950,0.36693906784057617,0.0016481876373291016,1,680.0,680.0,694.0,0.0,0.0,,timeout,0.0,680,6.8,10,3.400140279316672,6.375926534143737,-3.624073465856263,0.0,0,0,0.0,False
random_regular_200_d10,0,200,1000,10.0,mean_deg,10.0,none,learned_support_random_weights,0.0,ideal,zero,5,hebbian_seed0,50.0,50.0,0,1,1034,0.4089622497558594,0.0016391277313232422,1,680.0,680.0,694.0,0.0,0.0,,timeout,0.0,680,6.8,10,3.3548612804115385,5.768256314703045,-4.231743685296955,0.0,0,0,0.0,False
random_regular_200_d10,0,200,1000,10.0,mean_deg,10.0,none,learned_support_random_weights,0.0,ideal,zero,6,hebbian_seed0,50.0,50.0,0,1,950,0.37217259407043457,0.0025348663330078125,1,680.0,680.0,694.0,0.0,0.0,,timeout,0.0,680,6.8,10,3.4178887555544937,5.289465537358266,-4.710534462641734,0.0,0,0,0.0,False
random_regular_200_d10,0,200,1000,10.0,mean_deg,10.0,none,learned_support_random_weights,0.0,ideal,zero,7,hebbian_seed0,50.0,50.0,0,1,1010,0.3804140090942383,0.0020384788513183594,1,680.0,680.0,694.0,0.0,0.0,,timeout,0.0,680,6.8,10,3.35346672892718,5.537924381324048,-4.462075618675952,0.0,0,0,0.0,False
random_regular_200_d10,0,200,1000,10.0,mean_deg,10.0,none,learned_support_random_weights,0.0,ideal,zero,8,hebbian_seed0,50.0,50.0,0,1,986,0.382021427154541,0.0016148090362548828,1,680.0,680.0,694.0,0.0,0.0,,timeout,0.0,680,6.8,10,3.349436084223123,6.360799514384924,-3.639200485615076,0.0,0,0,0.0,False
random_regular_200_d10,0,200,1000,10.0,mean_deg,10.0,none,learned_support_random_weights,0.0,ideal,zero,9,hebbian_seed0,50.0,50.0,0,1,914,0.34182262420654297,0.0018017292022705078,1,680.0,680.0,694.0,0.0,0.0,,timeout,0.0,680,6.8,10,3.323389297404034,5.337818561373205,-4.662181438626795,0.0,0,0,0.0,False
random_regular_200_d10,0,200,1000,10.0,mean_deg,10.0,none,topology_scrambled,0.0,ideal,zero,0,graph,50.0,50.0,100,101,3116,14.72788953781128,13.401894092559814,101,528.0,528.0,670.0,0.0,0.0,,timeout,0.0,614,6.14,10,9.99999999999983,10.000000000000004,3.552713678800501e-15,0.0,0,0,-906.8689435462651,False
random_regular_200_d10,0,200,1000,10.0,mean_deg,10.0,none,topology_scrambled,0.0,ideal,zero,1,graph,50.0,50.0,100,101,3260,36.94208264350891,35.535136222839355,101,516.0,516.0,678.0,0.0,0.0,,timeout,0.0,570,5.7,9,9.967345147917351,10.000000000000002,1.7763568394002505e-15,0.0,0,0,-892.9879801031132,False
random_regular_200_d10,0,200,1000,10.0,mean_deg,10.0,none,topology_scrambled,0.0,ideal,zero,2,graph,50.0,50.0,100,101,3980,68.5182695388794,66.75689482688904,101,502.0,502.0,690.0,0.0,0.0,,timeout,0.0,549,5.49,9,9.96432692731809,10.000000000000002,1.7763568394002505e-15,0.0,0,0,-890.4415192732997,False
random_regular_200_d10,0,200,1000,10.0,mean_deg,10.0,none,topology_scrambled,0.0,ideal,zero,3,graph,50.0,50.0,100,101,2792,24.22559952735901,22.97882056236267,101,516.0,516.0,682.0,0.0,0.0,,timeout,0.0,578,5.78,9,9.999999999999588,10.000000000000002,1.7763568394002505e-15,0.0,0,0,-895.6684210784558,False
random_regular_200_d10,0,200,1000,10.0,mean_deg,10.0,none,topology_scrambled,0.0,ideal,zero,4,graph,50.0,50.0,100,101,3140,27.647292137145996,26.293138027191162,101,538.0,538.0,678.0,0.0,0.0,,timeout,0.0,583,5.83,9,9.899999999995513,10.000000000000002,1.7763568394002505e-15,0.0,0,0,-892.4760547269349,False
random_regular_200_d10,0,200,1000,10.0,mean_deg,10.0,none,topology_scrambled,0.0,ideal,zero,5,graph,50.0,50.0,100,101,2756,25.016318321228027,23.844934701919556,101,500.0,500.0,690.0,0.0,0.0,,timeout,0.0,574,5.74,9,9.9,10.000000000000002,1.7763568394002505e-15,0.0,0,0,-892.6741462041115,False
random_regular_200_d10,0,200,1000,10.0,mean_deg,10.0,none,topology_scrambled,0.0,ideal,zero,6,graph,50.0,50.0,100,101,3932,74.57925033569336,72.88243508338928,101,528.0,528.0,664.0,0.0,0.0,,timeout,0.0,593,5.93,10,9.999999999999694,10.000000000000002,1.7763568394002505e-15,0.0,0,0,-900.3924210447858,False
random_regular_200_d10,0,200,1000,10.0,mean_deg,10.0,none,topology_scrambled,0.0,ideal,zero,7,graph,50.0,50.0,100,101,2624,40.48101854324341,39.36424970626831,101,536.0,536.0,690.0,0.0,0.0,,timeout,0.0,545,5.45,8,9.999411079066077,10.000000000000002,1.7763568394002505e-15,0.0,0,0,-888.9088735588209,False
random_regular_200_d10,0,200,1000,10.0,mean_deg,10.0,none,topology_scrambled,0.0,ideal,zero,8,graph,50.0,50.0,100,101,2828,20.700153589248657,19.473814010620117,101,536.0,536.0,702.0,0.0,0.0,,timeout,0.0,576,5.76,9,9.9,10.000000000000002,1.7763568394002505e-15,0.0,0,0,-892.7883237876538,False
random_regular_200_d10,0,200,1000,10.0,mean_deg,10.0,none,topology_scrambled,0.0,ideal,zero,9,graph,50.0,50.0,100,101,3116,35.35819721221924,34.0012104511261,101,516.0,516.0,668.0,0.0,0.0,,timeout,0.0,592,5.92,10,9.9,10.000000000000002,1.7763568394002505e-15,0.0,0,0,-893.3689339492595,False
random_regular_200_d10,0,200,1000,10.0,mean_deg,10.0,sinkhorn,hebbian_sinkhorn,0.0,ideal,zero,0,graph,50.0,50.0,100,100,2948,1.6343281269073486,0.0,0,670.0,670.0,684.0,0.0,0.0,,timeout,0.0,670,6.7,9,9.740329643212664,10.000000000000004,3.552713678800501e-15,0.0,0,0,-898.9217258301229,False
random_regular_200_d10,0,200,1000,10.0,mean_deg,10.0,sinkhorn,hebbian_sinkhorn,0.0,ideal,zero,1,graph,50.0,50.0,100,100,2540,1.4279253482818604,0.0,0,676.0,676.0,692.0,0.0,0.0,,timeout,0.0,676,6.76,10,9.691228656692912,10.000000000000002,1.7763568394002505e-15,0.0,0,0,-895.3746956102596,False
random_regular_200_d10,0,200,1000,10.0,mean_deg,10.0,sinkhorn,hebbian_sinkhorn,0.0,ideal,zero,2,graph,50.0,50.0,100,100,3128,1.7235040664672852,0.0,0,676.0,676.0,694.0,0.0,0.0,,timeout,0.0,676,6.76,10,9.662755125069971,10.000000000000002,1.7763568394002505e-15,0.0,0,0,-892.8833143241287,False
random_regular_200_d10,0,200,1000,10.0,mean_deg,10.0,sinkhorn,hebbian_sinkhorn,0.0,ideal,zero,3,graph,50.0,50.0,100,100,2600,1.4369430541992188,0.0,0,692.0,692.0,704.0,0.0,0.0,,timeout,0.0,692,6.92,10,9.776177594771461,10.000000000000002,1.7763568394002505e-15,0.0,0,0,-905.2730094899359,False
random_regular_200_d10,0,200,1000,10.0,mean_deg,10.0,sinkhorn,hebbian_sinkhorn,0.0,ideal,zero,4,graph,50.0,50.0,100,100,2624,1.4512360095977783,0.0,0,684.0,684.0,698.0,0.0,0.0,,timeout,0.0,684,6.84,10,9.750920357153994,10.000000000000004,3.552713678800501e-15,0.0,0,7,-901.6719615940953,False
random_regular_200_d10,0,200,1000,10.0,mean_deg,10.0,sinkhorn,hebbian_sinkhorn,0.0,ideal,zero,5,graph,50.0,50.0,100,100,2696,1.4874510765075684,0.0,0,660.0,660.0,684.0,0.0,0.0,,timeout,0.0,660,6.6,9,9.605476715585095,10.000000000000002,1.7763568394002505e-15,0.0,0,0,-886.4716952320239,False
random_regular_200_d10,0,200,1000,10.0,mean_deg,10.0,sinkhorn,hebbian_sinkhorn,0.0,ideal,zero,6,graph,50.0,50.0,100,100,2708,1.5057854652404785,0.0,0,670.0,670.0,696.0,0.0,0.0,,timeout,0.0,670,6.7,10,9.677432830687307,10.000000000000002,1.7763568394002505e-15,0.0,0,0,-892.7724169557308,False
random_regular_200_d10,0,200,1000,10.0,mean_deg,10.0,sinkhorn,hebbian_sinkhorn,0.0,ideal,zero,7,graph,50.0,50.0,100,100,2792,1.6045897006988525,0.0,0,688.0,688.0,698.0,0.0,0.0,,timeout,0.0,688,6.88,10,9.721172675170683,10.000000000000002,1.7763568394002505e-15,0.0,0,0,-899.8394554090033,False
random_regular_200_d10,0,200,1000,10.0,mean_deg,10.0,sinkhorn,hebbian_sinkhorn,0.0,ideal,zero,8,graph,50.0,50.0,100,100,2576,1.5582222938537598,0.0,0,672.0,672.0,686.0,0.0,0.0,,timeout,0.0,672,6.72,10,9.728007963346222,10.000000000000002,1.7763568394002505e-15,0.0,0,0,-898.3770904677692,False
random_regular_200_d10,0,200,1000,10.0,mean_deg,10.0,sinkhorn,hebbian_sinkhorn,0.0,ideal,zero,9,graph,50.0,50.0,100,100,2516,1.4752912521362305,0.0,0,670.0,670.0,678.0,0.0,0.0,,timeout,0.0,670,6.7,9,9.718256387073104,10.000000000000002,1.7763568394002505e-15,0.0,0,0,-897.6727848925764,False
random_regular_200_d10,0,200,1000,10.0,mean_deg,10.0,sinkhorn,hybrid_sinkhorn,0.0,ideal,zero,0,graph,50.0,50.0,100,100,4798,2.2969391345977783,0.0,0,670.0,670.0,684.0,0.0,0.0,,timeout,0.0,670,6.7,9,9.740329643212664,10.000000000000004,3.552713678800501e-15,0.0,0,0,-898.9217258301229,False
random_regular_200_d10,0,200,1000,10.0,mean_deg,10.0,sinkhorn,hybrid_sinkhorn,0.0,ideal,zero,1,graph,50.0,50.0,100,100,4378,5.197985887527466,0.0,0,676.0,676.0,692.0,0.0,0.0,,timeout,0.0,676,6.76,10,9.691228656692912,10.000000000000002,1.7763568394002505e-15,0.0,0,0,-895.3746956102596,False
random_regular_200_d10,0,200,1000,10.0,mean_deg,10.0,sinkhorn,hybrid_sinkhorn,0.0,ideal,zero,2,graph,50.0,50.0,100,100,5002,2.363452911376953,0.0,0,676.0,676.0,694.0,0.0,0.0,,timeout,0.0,676,6.76,10,9.662755125069971,10.000000000000002,1.7763568394002505e-15,0.0,0,0,-892.8833143241287,False
random_regular_200_d10,0,200,1000,10.0,mean_deg,10.0,sinkhorn,hybrid_sinkhorn,0.0,ideal,zero,3,graph,50.0,50.0,100,100,4486,2.1125521659851074,0.0,0,692.0,692.0,704.0,0.0,0.0,,timeout,0.0,692,6.92,10,9.776177594771461,10.000000000000002,1.7763568394002505e-15,0.0,0,0,-905.2730094899359,False
random_regular_200_d10,0,200,1000,10.0,mean_deg,10.0,sinkhorn,hybrid_sinkhorn,0.0,ideal,zero,4,graph,50.0,50.0,100,100,4522,2.1267731189727783,0.0,0,684.0,684.0,698.0,0.0,0.0,,timeout,0.0,684,6.84,10,9.750920357153994,10.000000000000004,3.552713678800501e-15,0.0,0,7,-901.6719615940953,False
random_regular_200_d10,0,200,1000,10.0,mean_deg,10.0,sinkhorn,hybrid_sinkhorn,0.0,ideal,zero,5,graph,50.0,50.0,100,100,4558,2.1434035301208496,0.0,0,660.0,660.0,684.0,0.0,0.0,,timeout,0.0,660,6.6,9,9.605476715585095,10.000000000000002,1.7763568394002505e-15,0.0,0,0,-886.4716952320239,False
random_regular_200_d10,0,200,1000,10.0,mean_deg,10.0,sinkhorn,hybrid_sinkhorn,0.0,ideal,zero,6,graph,50.0,50.0,100,100,4582,2.1378817558288574,0.0,0,670.0,670.0,696.0,0.0,0.0,,timeout,0.0,670,6.7,10,9.677432830687307,10.000000000000002,1.7763568394002505e-15,0.0,0,0,-892.7724169557308,False
random_regular_200_d10,0,200,1000,10.0,mean_deg,10.0,sinkhorn,hybrid_sinkhorn,0.0,ideal,zero,7,graph,50.0,50.0,100,100,4666,2.3036577701568604,0.0,0,688.0,688.0,698.0,0.0,0.0,,timeout,0.0,688,6.88,10,9.721172675170683,10.000000000000002,1.7763568394002505e-15,0.0,0,0,-899.8394554090033,False
random_regular_200_d10,0,200,1000,10.0,mean_deg,10.0,sinkhorn,hybrid_sinkhorn,0.0,ideal,zero,8,graph,50.0,50.0,100,100,4462,2.137943744659424,0.0,0,672.0,672.0,686.0,0.0,0.0,,timeout,0.0,672,6.72,10,9.728007963346222,10.000000000000002,1.7763568394002505e-15,0.0,0,0,-898.3770904677692,False
random_regular_200_d10,0,200,1000,10.0,mean_deg,10.0,sinkhorn,hybrid_sinkhorn,0.0,ideal,zero,9,graph,50.0,50.0,100,100,4426,2.0546340942382812,0.0,0,670.0,670.0,678.0,0.0,0.0,,timeout,0.0,670,6.7,9,9.718256387073104,10.000000000000002,1.7763568394002505e-15,0.0,0,0,-897.6727848925764,False
random_regular_200_d10,0,200,1000,10.0,mean_deg,10.0,frobenius,hebbian_frobenius,0.0,ideal,zero,0,graph,50.0,50.0,100,101,3812,53.753134965896606,52.087642431259155,101,680.0,680.0,694.0,0.0,0.0,,timeout,0.0,680,6.8,10,9.999999999999993,10.000000000000488,4.884981308350689e-13,0.0,0,0,-920.9980926757557,False
random_regular_200_d10,0,200,1000,10.0,mean_deg,10.0,frobenius,hebbian_frobenius,0.0,ideal,zero,1,graph,50.0,50.0,100,101,2756,10.821407079696655,9.722870588302612,101,680.0,680.0,686.0,0.0,0.0,,timeout,0.0,680,6.8,10,9.99999999999999,10.000000000000794,7.94031507211912e-13,0.0,0,0,-920.7084362049102,False
random_regular_200_d10,0,200,1000,10.0,mean_deg,10.0,frobenius,hebbian_frobenius,0.0,ideal,zero,2,graph,50.0,50.0,100,101,3536,40.32778716087341,36.97788643836975,101,672.0,672.0,684.0,0.0,0.0,,timeout,0.0,672,6.72,10,9.99999999999956,10.000000000000002,1.7763568394002505e-15,0.0,0,0,-919.8799875821294,False
random_regular_200_d10,0,200,1000,10.0,mean_deg,10.0,frobenius,hebbian_frobenius,0.0,ideal,zero,3,graph,50.0,50.0,100,101,2816,19.51647114753723,18.35538339614868,101,694.0,694.0,706.0,0.0,0.0,,timeout,0.0,694,6.94,10,9.999999999999774,10.000000000000002,1.7763568394002505e-15,0.0,0,0,-923.1181601156009,False
random_regular_200_d10,0,200,1000,10.0,mean_deg,10.0,frobenius,hebbian_frobenius,0.0,ideal,zero,4,graph,50.0,50.0,100,101,2684,10.238956689834595,9.120609998703003,101,684.0,684.0,698.0,0.0,0.0,,timeout,0.0,684,6.84,10,9.999999999999616,10.000000000000004,3.552713678800501e-15,0.0,0,0,-921.2290390173397,False
random_regular_200_d10,0,200,1000,10.0,mean_deg,10.0,frobenius,hebbian_frobenius,0.0,ideal,zero,5,graph,50.0,50.0,100,101,2756,17.877246379852295,16.730029344558716,101,658.0,658.0,676.0,0.0,0.0,,timeout,0.0,658,6.58,9,9.999999999999986,10.000000000000014,1.4210854715202004e-14,0.0,0,0,-917.1448610936646,False
random_regular_200_d10,0,200,1000,10.0,mean_deg,10.0,frobenius,hebbian_frobenius,0.0,ideal,zero,6,graph,50.0,50.0,100,101,2948,19.925428867340088,18.6950523853302,101,668.0,668.0,688.0,0.0,0.0,,timeout,0.0,668,6.68,9,9.99999999999981,10.000000000000002,1.7763568394002505e-15,0.0,0,0,-917.7851501973047,False
random_regular_200_d10,0,200,1000,10.0,mean_deg,10.0,frobenius,hebbian_frobenius,0.0,ideal,zero,7,graph,50.0,50.0,100,101,3452,55.2834312915802,53.71208047866821,101,676.0,676.0,698.0,0.0,0.0,,timeout,0.0,676,6.76,10,9.999999999999794,10.000000000000004,3.552713678800501e-15,0.0,0,0,-918.9755502398247,False
random_regular_200_d10,0,200,1000,10.0,mean_deg,10.0,frobenius,hebbian_frobenius,0.0,ideal,zero,8,graph,50.0,50.0,100,101,2696,13.921725511550903,12.830880165100098,101,672.0,672.0,686.0,0.0,0.0,,timeout,0.0,672,6.72,10,9.99999999999994,10.000000000000645,6.448175327022909e-13,0.0,0,0,-918.486766808229,False
random_regular_200_d10,0,200,1000,10.0,mean_deg,10.0,frobenius,hebbian_frobenius,0.0,ideal,zero,9,graph,50.0,50.0,100,101,2600,13.307120561599731,12.210707426071167,101,670.0,670.0,678.0,0.0,0.0,,timeout,0.0,670,6.7,9,9.999999999999892,10.000000000000558,5.577760475716786e-13,0.0,0,0,-919.4817909776799,False
random_regular_200_d10,0,200,1000,10.0,mean_deg,10.0,frobenius,hybrid_frobenius,0.0,ideal,zero,0,graph,50.0,50.0,100,101,5734,51.45885157585144,48.940619707107544,101,680.0,680.0,694.0,0.0,0.0,,timeout,0.0,680,6.8,10,9.999999999999993,10.000000000000488,4.884981308350689e-13,0.0,0,0,-920.9980926757557,False
random_regular_200_d10,0,200,1000,10.0,mean_deg,10.0,frobenius,hybrid_frobenius,0.0,ideal,zero,1,graph,50.0,50.0,100,101,4666,15.418479204177856,13.616175889968872,101,680.0,680.0,686.0,0.0,0.0,,timeout,0.0,680,6.8,10,9.99999999999999,10.000000000000794,7.94031507211912e-13,0.0,0,0,-920.7084362049102,False
random_regular_200_d10,0,200,1000,10.0,mean_deg,10.0,frobenius,hybrid_frobenius,0.0,ideal,zero,2,graph,50.0,50.0,100,101,5470,42.03266620635986,39.79678797721863,101,672.0,672.0,684.0,0.0,0.0,,timeout,0.0,672,6.72,10,9.99999999999956,10.000000000000002,1.7763568394002505e-15,0.0,0,0,-919.8799875821294,False
random_regular_200_d10,0,200,1000,10.0,mean_deg,10.0,frobenius,hybrid_frobenius,0.0,ideal,zero,3,graph,50.0,50.0,100,101,4738,20.249404191970825,18.434595584869385,101,694.0,694.0,706.0,0.0,0.0,,timeout,0.0,694,6.94,10,9.999999999999774,10.000000000000002,1.7763568394002505e-15,0.0,0,0,-923.1181601156009,False
random_regular_200_d10,0,200,1000,10.0,mean_deg,10.0,frobenius,hybrid_frobenius,0.0,ideal,zero,4,graph,50.0,50.0,100,101,4606,10.819503784179688,9.081801652908325,101,684.0,684.0,698.0,0.0,0.0,,timeout,0.0,684,6.84,10,9.999999999999616,10.000000000000004,3.552713678800501e-15,0.0,0,0,-921.2290390173397,False
random_regular_200_d10,0,200,1000,10.0,mean_deg,10.0,frobenius,hybrid_frobenius,0.0,ideal,zero,5,graph,50.0,50.0,100,101,4666,17.671396732330322,12.792861461639404,101,658.0,658.0,676.0,0.0,0.0,,timeout,0.0,658,6.58,9,9.999999999999986,10.000000000000014,1.4210854715202004e-14,0.0,0,0,-917.1448610936646,False
random_regular_200_d10,0,200,1000,10.0,mean_deg,10.0,frobenius,hybrid_frobenius,0.0,ideal,zero,6,graph,50.0,50.0,100,101,4858,19.92731213569641,18.11036491394043,101,668.0,668.0,688.0,0.0,0.0,,timeout,0.0,668,6.68,9,9.99999999999981,10.000000000000002,1.7763568394002505e-15,0.0,0,0,-917.7851501973047,False
random_regular_200_d10,0,200,1000,10.0,mean_deg,10.0,frobenius,hybrid_frobenius,0.0,ideal,zero,7,graph,50.0,50.0,100,101,5350,55.22792673110962,53.051886320114136,101,676.0,676.0,698.0,0.0,0.0,,timeout,0.0,676,6.76,10,9.999999999999794,10.000000000000004,3.552713678800501e-15,0.0,0,0,-918.9755502398247,False
random_regular_200_d10,0,200,1000,10.0,mean_deg,10.0,frobenius,hybrid_frobenius,0.0,ideal,zero,8,graph,50.0,50.0,100,101,4630,14.78022050857544,13.030514240264893,101,672.0,672.0,686.0,0.0,0.0,,timeout,0.0,672,6.72,10,9.99999999999994,10.000000000000645,6.448175327022909e-13,0.0,0,0,-918.486766808229,False
random_regular_200_d10,0,200,1000,10.0,mean_deg,10.0,frobenius,hybrid_frobenius,0.0,ideal,zero,9,graph,50.0,50.0,100,101,4498,13.614390850067139,11.863637447357178,101,670.0,670.0,678.0,0.0,0.0,,timeout,0.0,670,6.7,9,9.999999999999892,10.000000000000558,5.577760475716786e-13,0.0,0,0,-919.4817909776799,False
random_regular_200_d10,1,200,1000,10.0,half_mean_deg,5.0,none,static,0.0,ideal,zero,0,graph,50.0,50.0,0,0,1514,0.7350597381591797,0.0,0,708.0,712.0,716.0,0.0,0.0,,timeout,0.0,1000,10.0,10,10.0,10.0,5.0,0.0,0,0,0.0,False
random_regular_200_d10,1,200,1000,10.0,half_mean_deg,5.0,none,static,0.0,ideal,zero,1,graph,50.0,50.0,0,0,1730,0.8247509002685547,0.0,0,710.0,728.0,728.0,0.0,0.0,,timeout,0.0,1000,10.0,10,10.0,10.0,5.0,0.0,0,0,0.0,False
random_regular_200_d10,1,200,1000,10.0,half_mean_deg,5.0,none,static,0.0,ideal,zero,2,graph,50.0,50.0,0,0,1778,0.8420665264129639,0.0,0,716.0,720.0,724.0,0.0,0.0,,timeout,0.0,1000,10.0,10,10.0,10.0,5.0,0.0,0,0,0.0,False
random_regular_200_d10,1,200,1000,10.0,half_mean_deg,5.0,none,static,0.0,ideal,zero,3,graph,50.0,50.0,0,0,1646,0.8074014186859131,0.0,0,694.0,708.0,714.0,0.0,0.0,,timeout,0.0,1000,10.0,10,10.0,10.0,5.0,0.0,0,0,0.0,False
random_regular_200_d10,1,200,1000,10.0,half_mean_deg,5.0,none,static,0.0,ideal,zero,4,graph,50.0,50.0,0,0,1670,0.7964925765991211,0.0,0,702.0,716.0,718.0,0.0,0.0,,timeout,0.0,1000,10.0,10,10.0,10.0,5.0,0.0,0,0,0.0,False
random_regular_200_d10,1,200,1000,10.0,half_mean_deg,5.0,none,static,0.0,ideal,zero,5,graph,50.0,50.0,0,0,1562,0.7384757995605469,0.0,0,720.0,728.0,728.0,0.0,0.0,,timeout,0.0,1000,10.0,10,10.0,10.0,5.0,0.0,0,0,0.0,False
random_regular_200_d10,1,200,1000,10.0,half_mean_deg,5.0,none,static,0.0,ideal,zero,6,graph,50.0,50.0,0,0,1646,0.7879750728607178,0.0,0,718.0,718.0,718.0,0.0,0.0,,timeout,0.0,1000,10.0,10,10.0,10.0,5.0,0.0,0,0,0.0,False
random_regular_200_d10,1,200,1000,10.0,half_mean_deg,5.0,none,static,0.0,ideal,zero,7,graph,50.0,50.0,0,0,1766,0.83858323097229,0.0,0,706.0,724.0,726.0,0.0,0.0,,timeout,0.0,1000,10.0,10,10.0,10.0,5.0,0.0,0,0,0.0,False
random_regular_200_d10,1,200,1000,10.0,half_mean_deg,5.0,none,static,0.0,ideal,zero,8,graph,50.0,50.0,0,0,1718,0.836153507232666,0.0,0,690.0,718.0,720.0,0.0,0.0,,timeout,0.0,1000,10.0,10,10.0,10.0,5.0,0.0,0,0,0.0,False
random_regular_200_d10,1,200,1000,10.0,half_mean_deg,5.0,none,static,0.0,ideal,zero,9,graph,50.0,50.0,0,0,1898,0.9141008853912354,0.0,0,724.0,724.0,724.0,0.0,0.0,,timeout,0.0,1000,10.0,10,10.0,10.0,5.0,0.0,0,0,0.0,False
random_regular_200_d10,1,200,1000,10.0,half_mean_deg,5.0,none,random_rounding,0.0,ideal,zero,0,graph,50.0,50.0,0,0,1514,0.7286455631256104,0.0,0,708.0,712.0,716.0,0.0,0.0,,timeout,0.0,1000,10.0,10,10.0,10.0,5.0,0.0,0,0,0.0,False
random_regular_200_d10,1,200,1000,10.0,half_mean_deg,5.0,none,random_rounding,0.0,ideal,zero,1,graph,50.0,50.0,0,0,1730,0.8293881416320801,0.0,0,710.0,728.0,728.0,0.0,0.0,,timeout,0.0,1000,10.0,10,10.0,10.0,5.0,0.0,0,0,0.0,False
random_regular_200_d10,1,200,1000,10.0,half_mean_deg,5.0,none,random_rounding,0.0,ideal,zero,2,graph,50.0,50.0,0,0,1778,0.8364980220794678,0.0,0,716.0,720.0,724.0,0.0,0.0,,timeout,0.0,1000,10.0,10,10.0,10.0,5.0,0.0,0,0,0.0,False
random_regular_200_d10,1,200,1000,10.0,half_mean_deg,5.0,none,random_rounding,0.0,ideal,zero,3,graph,50.0,50.0,0,0,1646,0.8143346309661865,0.0,0,694.0,708.0,714.0,0.0,0.0,,timeout,0.0,1000,10.0,10,10.0,10.0,5.0,0.0,0,0,0.0,False
random_regular_200_d10,1,200,1000,10.0,half_mean_deg,5.0,none,random_rounding,0.0,ideal,zero,4,graph,50.0,50.0,0,0,1670,0.808417558670044,0.0,0,702.0,716.0,718.0,0.0,0.0,,timeout,0.0,1000,10.0,10,10.0,10.0,5.0,0.0,0,0,0.0,False
random_regular_200_d10,1,200,1000,10.0,half_mean_deg,5.0,none,random_rounding,0.0,ideal,zero,5,graph,50.0,50.0,0,0,1562,0.7424516677856445,0.0,0,720.0,728.0,728.0,0.0,0.0,,timeout,0.0,1000,10.0,10,10.0,10.0,5.0,0.0,0,0,0.0,False
random_regular_200_d10,1,200,1000,10.0,half_mean_deg,5.0,none,random_rounding,0.0,ideal,zero,6,graph,50.0,50.0,0,0,1646,0.7913155555725098,0.0,0,718.0,718.0,718.0,0.0,0.0,,timeout,0.0,1000,10.0,10,10.0,10.0,5.0,0.0,0,0,0.0,False
random_regular_200_d10,1,200,1000,10.0,half_mean_deg,5.0,none,random_rounding,0.0,ideal,zero,7,graph,50.0,50.0,0,0,1766,0.8361344337463379,0.0,0,706.0,724.0,726.0,0.0,0.0,,timeout,0.0,1000,10.0,10,10.0,10.0,5.0,0.0,0,0,0.0,False
random_regular_200_d10,1,200,1000,10.0,half_mean_deg,5.0,none,random_rounding,0.0,ideal,zero,8,graph,50.0,50.0,0,0,1718,0.8328921794891357,0.0,0,690.0,718.0,720.0,0.0,0.0,,timeout,0.0,1000,10.0,10,10.0,10.0,5.0,0.0,0,0,0.0,False
random_regular_200_d10,1,200,1000,10.0,half_mean_deg,5.0,none,random_rounding,0.0,ideal,zero,9,graph,50.0,50.0,0,0,1898,0.8969669342041016,0.0,0,724.0,724.0,724.0,0.0,0.0,,timeout,0.0,1000,10.0,10,10.0,10.0,5.0,0.0,0,0,0.0,False
random_regular_200_d10,1,200,1000,10.0,half_mean_deg,5.0,none,greedy,0.0,ideal,zero,0,graph,50.0,50.0,0,0,0,0.0006167888641357422,0.0,0,668.0,668.0,668.0,0.0,0.0,,timeout,0.0,0,0.0,0,0.0,0.0,0.0,0.0,0,0,0.0,False
random_regular_200_d10,1,200,1000,10.0,half_mean_deg,5.0,none,greedy,0.0,ideal,zero,1,graph,50.0,50.0,0,0,0,0.0005333423614501953,0.0,0,674.0,674.0,674.0,0.0,0.0,,timeout,0.0,0,0.0,0,0.0,0.0,0.0,0.0,0,0,0.0,False
random_regular_200_d10,1,200,1000,10.0,half_mean_deg,5.0,none,greedy,0.0,ideal,zero,2,graph,50.0,50.0,0,0,0,0.00079345703125,0.0,0,690.0,690.0,690.0,0.0,0.0,,timeout,0.0,0,0.0,0,0.0,0.0,0.0,0.0,0,0,0.0,False
random_regular_200_d10,1,200,1000,10.0,half_mean_deg,5.0,none,greedy,0.0,ideal,zero,3,graph,50.0,50.0,0,0,0,0.0004825592041015625,0.0,0,688.0,688.0,688.0,0.0,0.0,,timeout,0.0,0,0.0,0,0.0,0.0,0.0,0.0,0,0,0.0,False
random_regular_200_d10,1,200,1000,10.0,half_mean_deg,5.0,none,greedy,0.0,ideal,zero,4,graph,50.0,50.0,0,0,0,0.00046634674072265625,0.0,0,664.0,664.0,664.0,0.0,0.0,,timeout,0.0,0,0.0,0,0.0,0.0,0.0,0.0,0,0,0.0,False
random_regular_200_d10,1,200,1000,10.0,half_mean_deg,5.0,none,greedy,0.0,ideal,zero,5,graph,50.0,50.0,0,0,0,0.0005555152893066406,0.0,0,680.0,680.0,680.0,0.0,0.0,,timeout,0.0,0,0.0,0,0.0,0.0,0.0,0.0,0,0,0.0,False
random_regular_200_d10,1,200,1000,10.0,half_mean_deg,5.0,none,greedy,0.0,ideal,zero,6,graph,50.0,50.0,0,0,0,0.0006134510040283203,0.0,0,686.0,686.0,686.0,0.0,0.0,,timeout,0.0,0,0.0,0,0.0,0.0,0.0,0.0,0,0,0.0,False
random_regular_200_d10,1,200,1000,10.0,half_mean_deg,5.0,none,greedy,0.0,ideal,zero,7,graph,50.0,50.0,0,0,0,0.0007417201995849609,0.0,0,678.0,678.0,678.0,0.0,0.0,,timeout,0.0,0,0.0,0,0.0,0.0,0.0,0.0,0,0,0.0,False
random_regular_200_d10,1,200,1000,10.0,half_mean_deg,5.0,none,greedy,0.0,ideal,zero,8,graph,50.0,50.0,0,0,0,0.00043082237243652344,0.0,0,664.0,664.0,664.0,0.0,0.0,,timeout,0.0,0,0.0,0,0.0,0.0,0.0,0.0,0,0,0.0,False
random_regular_200_d10,1,200,1000,10.0,half_mean_deg,5.0,none,greedy,0.0,ideal,zero,9,graph,50.0,50.0,0,0,0,0.0006055831909179688,0.0,0,690.0,690.0,690.0,0.0,0.0,,timeout,0.0,0,0.0,0,0.0,0.0,0.0,0.0,0,0,0.0,False
random_regular_200_d10,1,200,1000,10.0,half_mean_deg,5.0,none,static_projected,0.0,ideal,zero,0,graph,50.0,50.0,0,1,830,0.4763031005859375,0.07975888252258301,1,708.0,714.0,716.0,0.0,0.0,,timeout,0.0,1000,10.0,10,4.999999999999997,5.000000000000878,8.784084570834239e-13,0.0,0,0,0.0,False
random_regular_200_d10,1,200,1000,10.0,half_mean_deg,5.0,none,static_projected,0.0,ideal,zero,1,graph,50.0,50.0,0,1,1022,0.5565228462219238,0.07261204719543457,1,708.0,722.0,728.0,0.0,0.0,,timeout,0.0,1000,10.0,10,4.999999999999997,5.000000000000878,8.784084570834239e-13,0.0,0,0,0.0,False
random_regular_200_d10,1,200,1000,10.0,half_mean_deg,5.0,none,static_projected,0.0,ideal,zero,2,graph,50.0,50.0,0,1,986,0.5386686325073242,0.08049440383911133,1,714.0,718.0,724.0,0.0,0.0,,timeout,0.0,1000,10.0,10,4.999999999999997,5.000000000000878,8.784084570834239e-13,0.0,0,0,0.0,False
random_regular_200_d10,1,200,1000,10.0,half_mean_deg,5.0,none,static_projected,0.0,ideal,zero,3,graph,50.0,50.0,0,1,938,0.4949634075164795,0.06786394119262695,1,694.0,708.0,712.0,0.0,0.0,,timeout,0.0,1000,10.0,10,4.999999999999997,5.000000000000878,8.784084570834239e-13,0.0,0,0,0.0,False
random_regular_200_d10,1,200,1000,10.0,half_mean_deg,5.0,none,static_projected,0.0,ideal,zero,4,graph,50.0,50.0,0,1,914,0.5099658966064453,0.08297181129455566,1,710.0,716.0,716.0,0.0,0.0,,timeout,0.0,1000,10.0,10,4.999999999999997,5.000000000000878,8.784084570834239e-13,0.0,0,0,0.0,False
random_regular_200_d10,1,200,1000,10.0,half_mean_deg,5.0,none,static_projected,0.0,ideal,zero,5,graph,50.0,50.0,0,1,1010,0.5574438571929932,0.07802462577819824,1,720.0,728.0,728.0,0.0,0.0,,timeout,0.0,1000,10.0,10,4.999999999999997,5.000000000000878,8.784084570834239e-13,0.0,0,0,0.0,False
random_regular_200_d10,1,200,1000,10.0,half_mean_deg,5.0,none,static_projected,0.0,ideal,zero,6,graph,50.0,50.0,0,1,890,0.5133483409881592,0.07767057418823242,1,716.0,716.0,718.0,0.0,0.0,,timeout,0.0,1000,10.0,10,4.999999999999997,5.000000000000878,8.784084570834239e-13,0.0,0,0,0.0,False
random_regular_200_d10,1,200,1000,10.0,half_mean_deg,5.0,none,static_projected,0.0,ideal,zero,7,graph,50.0,50.0,0,1,986,0.5713200569152832,0.08283662796020508,1,706.0,724.0,726.0,0.0,0.0,,timeout,0.0,1000,10.0,10,4.999999999999997,5.000000000000878,8.784084570834239e-13,0.0,0,0,0.0,False
random_regular_200_d10,1,200,1000,10.0,half_mean_deg,5.0,none,static_projected,0.0,ideal,zero,8,graph,50.0,50.0,0,1,926,0.5476796627044678,0.0838320255279541,1,696.0,720.0,722.0,0.0,0.0,,timeout,0.0,1000,10.0,10,4.999999999999997,5.000000000000878,8.784084570834239e-13,0.0,0,0,0.0,False
random_regular_200_d10,1,200,1000,10.0,half_mean_deg,5.0,none,static_projected,0.0,ideal,zero,9,graph,50.0,50.0,0,1,1022,0.6235675811767578,0.07378721237182617,1,720.0,720.0,722.0,0.0,0.0,,timeout,0.0,1000,10.0,10,4.999999999999997,5.000000000000878,8.784084570834239e-13,0.0,0,0,0.0,False
random_regular_200_d10,1,200,1000,10.0,half_mean_deg,5.0,none,static_budgeted,0.0,ideal,zero,0,graph,50.0,50.0,0,1,1022,0.5716385841369629,0.07672286033630371,1,672.0,696.0,706.0,0.0,0.0,,timeout,0.0,747,7.47,10,4.892930020290439,5.000000000000001,8.881784197001252e-16,0.0,0,0,0.0,False
random_regular_200_d10,1,200,1000,10.0,half_mean_deg,5.0,none,static_budgeted,0.0,ideal,zero,1,graph,50.0,50.0,0,1,1214,0.6956052780151367,0.0861976146697998,1,664.0,676.0,690.0,0.0,0.0,,timeout,0.0,745,7.45,10,4.924180379067775,5.000000000000001,8.881784197001252e-16,0.0,0,0,0.0,False
random_regular_200_d10,1,200,1000,10.0,half_mean_deg,5.0,none,static_budgeted,0.0,ideal,zero,2,graph,50.0,50.0,0,1,1070,0.6032929420471191,0.07113957405090332,1,668.0,690.0,706.0,0.0,0.0,,timeout,0.0,758,7.58,10,4.933947168978689,5.0000000000008,8.002487561498128e-13,0.0,0,0,0.0,False
random_regular_200_d10,1,200,1000,10.0,half_mean_deg,5.0,none,static_budgeted,0.0,ideal,zero,3,graph,50.0,50.0,0,1,1106,0.6076643466949463,0.09203433990478516,1,672.0,682.0,692.0,0.0,0.0,,timeout,0.0,737,7.37,10,4.937626279259241,5.000000000000828,8.277822871605167e-13,0.0,0,0,0.0,False
random_regular_200_d10,1,200,1000,10.0,half_mean_deg,5.0,none,static_budgeted,0.0,ideal,zero,4,graph,50.0,50.0,0,1,878,0.5081727504730225,0.08827495574951172,1,660.0,674.0,696.0,0.0,0.0,,timeout,0.0,746,7.46,10,4.915405968111199,5.000000000000001,8.881784197001252e-16,0.0,0,0,0.0,False
random_regular_200_d10,1,200,1000,10.0,half_mean_deg,5.0,none,static_budgeted,0.0,ideal,zero,5,graph,50.0,50.0,0,1,986,0.5960073471069336,0.09298872947692871,1,674.0,682.0,698.0,0.0,0.0,,timeout,0.0,755,7.55,10,4.925102993253489,5.000000000000002,1.7763568394002505e-15,0.0,0,0,0.0,False
random_regular_200_d10,1,200,1000,10.0,half_mean_deg,5.0,none,static_budgeted,0.0,ideal,zero,6,graph,50.0,50.0,0,1,1094,0.6281359195709229,0.09655261039733887,1,680.0,702.0,712.0,0.0,0.0,,timeout,0.0,761,7.61,10,4.962034674582223,5.000000000000001,8.881784197001252e-16,0.0,0,0,0.0,False
random_regular_200_d10,1,200,1000,10.0,half_mean_deg,5.0,none,static_budgeted,0.0,ideal,zero,7,graph,50.0,50.0,0,1,1154,0.6712732315063477,0.09348249435424805,1,686.0,692.0,704.0,0.0,0.0,,timeout,0.0,762,7.62,10,4.944689851098047,5.000000000000907,9.068301665138279e-13,0.0,0,0,0.0,False
random_regular_200_d10,1,200,1000,10.0,half_mean_deg,5.0,none,static_budgeted,0.0,ideal,zero,8,graph,50.0,50.0,0,1,1082,0.6301281452178955,0.10089898109436035,1,674.0,686.0,706.0,0.0,0.0,,timeout,0.0,752,7.52,10,4.947083023004528,5.000000000000001,8.881784197001252e-16,0.0,0,0,0.0,False
random_regular_200_d10,1,200,1000,10.0,half_mean_deg,5.0,none,static_budgeted,0.0,ideal,zero,9,graph,50.0,50.0,0,1,1106,0.6228885650634766,0.0917961597442627,1,678.0,696.0,708.0,0.0,0.0,,timeout,0.0,757,7.57,10,4.93822838324117,5.000000000000001,8.881784197001252e-16,0.0,0,0,0.0,False
random_regular_200_d10,1,200,1000,10.0,half_mean_deg,5.0,none,random_budgeted,0.0,ideal,zero,0,graph,50.0,50.0,0,1,1046,0.5053808689117432,0.02702927589416504,1,696.0,708.0,716.0,0.0,0.0,,timeout,0.0,1000,10.0,10,4.626090743100247,5.000000000000147,1.474376176702208e-13,0.0,0,0,0.0,False
random_regular_200_d10,1,200,1000,10.0,half_mean_deg,5.0,none,random_budgeted,0.0,ideal,zero,1,graph,50.0,50.0,0,1,926,0.49170351028442383,0.0394597053527832,1,700.0,700.0,706.0,0.0,0.0,,timeout,0.0,999,9.99,10,4.6629376816157535,5.000000000000283,2.8332891588433995e-13,0.0,0,0,0.0,False
random_regular_200_d10,1,200,1000,10.0,half_mean_deg,5.0,none,random_budgeted,0.0,ideal,zero,2,graph,50.0,50.0,0,1,878,3.531327724456787,0.03749990463256836,1,676.0,712.0,720.0,0.0,0.0,,timeout,0.0,998,9.98,10,4.635965215036771,5.000000000000363,3.632649736573512e-13,0.0,0,0,0.0,False
random_regular_200_d10,1,200,1000,10.0,half_mean_deg,5.0,none,random_budgeted,0.0,ideal,zero,3,graph,50.0,50.0,0,1,998,0.501664400100708,0.03265047073364258,1,690.0,700.0,710.0,0.0,0.0,,timeout,0.0,999,9.99,10,4.648034210008585,5.000000000000001,8.881784197001252e-16,0.0,0,0,0.0,False
random_regular_200_d10,1,200,1000,10.0,half_mean_deg,5.0,none,random_budgeted,0.0,ideal,zero,4,graph,50.0,50.0,0,1,842,0.4383859634399414,0.03076028823852539,1,682.0,702.0,708.0,0.0,0.0,,timeout,0.0,1000,10.0,10,4.656939677699881,5.000000000000164,1.6431300764452317e-13,0.0,0,0,0.0,False
random_regular_200_d10,1,200,1000,10.0,half_mean_deg,5.0,none,random_budgeted,0.0,ideal,zero,5,graph,50.0,50.0,0,1,974,0.48618292808532715,0.02985358238220215,1,688.0,712.0,718.0,0.0,0.0,,timeout,0.0,1000,10.0,10,4.586134336964899,5.0000000000003215,3.2152058793144533e-13,0.0,0,0,0.0,False
random_regular_200_d10,1,200,1000,10.0,half_mean_deg,5.0,none,random_budgeted,0.0,ideal,zero,6,graph,50.0,50.0,0,1,962,0.5181443691253662,0.05859041213989258,1,704.0,706.0,708.0,0.0,0.0,,timeout,0.0,996,9.96,10,4.67205600074173,5.0000000000001465,1.4654943925052066e-13,0.0,0,0,0.0,False
random_regular_200_d10,1,200,1000,10.0,half_mean_deg,5.0,none,random_budgeted,0.0,ideal,zero,7,graph,50.0,50.0,0,1,1082,0.5543313026428223,0.04351496696472168,1,690.0,706.0,714.0,0.0,0.0,,timeout,0.0,997,9.97,10,4.641718824148398,5.000000000000252,2.5224267119483557e-13,0.0,0,0,0.0,False
random_regular_200_d10,1,200,1000,10.0,half_mean_deg,5.0,none,random_budgeted,0.0,ideal,zero,8,graph,50.0,50.0,0,1,914,0.4747650623321533,0.031078815460205078,1,682.0,704.0,710.0,0.0,0.0,,timeout,0.0,999,9.99,10,4.630425015410588,5.000000000000177,1.7674750552032492e-13,0.0,0,0,0.0,False
random_regular_200_d10,1,200,1000,10.0,half_mean_deg,5.0,none,random_budgeted,0.0,ideal,zero,9,graph,50.0,50.0,0,1,1010,0.5126709938049316,0.03041696548461914,1,702.0,710.0,716.0,0.0,0.0,,timeout,0.0,998,9.98,10,4.664529243743618,5.000000000000224,2.2382096176443156e-13,0.0,0,0,0.0,False
random_regular_200_d10,1,200,1000,10.0,half_mean_deg,5.0,none,learned_support_random_weights,0.0,ideal,zero,0,hebbian_seed0,50.0,50.0,0,1,950,0.37859368324279785,0.0046689510345458984,1,628.0,628.0,670.0,0.0,0.0,,timeout,0.0,628,6.28,9,3.0626659094186772,5.0,0.0,0.0,0,0,0.0,False
random_regular_200_d10,1,200,1000,10.0,half_mean_deg,5.0,none,learned_support_random_weights,0.0,ideal,zero,1,hebbian_seed0,50.0,50.0,0,1,998,0.4246788024902344,0.020154953002929688,1,628.0,628.0,670.0,0.0,0.0,,timeout,0.0,628,6.28,9,3.1750750507527017,5.0,0.0,0.0,0,0,0.0,False
random_regular_200_d10,1,200,1000,10.0,half_mean_deg,5.0,none,learned_support_random_weights,0.0,ideal,zero,2,hebbian_seed0,50.0,50.0,0,1,962,0.38385939598083496,0.004712343215942383,1,628.0,628.0,670.0,0.0,0.0,,timeout,0.0,628,6.28,9,3.195848547507259,5.000000000000001,8.881784197001252e-16,0.0,0,0,0.0,False
random_regular_200_d10,1,200,1000,10.0,half_mean_deg,5.0,none,learned_support_random_weights,0.0,ideal,zero,3,hebbian_seed0,50.0,50.0,0,1,986,0.38575220108032227,0.005297183990478516,1,628.0,628.0,670.0,0.0,0.0,,timeout,0.0,628,6.28,9,3.195511070417166,5.000000000000001,8.881784197001252e-16,0.0,0,0,0.0,False
random_regular_200_d10,1,200,1000,10.0,half_mean_deg,5.0,none,learned_support_random_weights,0.0,ideal,zero,4,hebbian_seed0,50.0,50.0,0,1,890,0.33560729026794434,0.0033240318298339844,1,628.0,628.0,670.0,0.0,0.0,,timeout,0.0,628,6.28,9,3.137171805913008,5.000000000000001,8.881784197001252e-16,0.0,0,0,0.0,False
random_regular_200_d10,1,200,1000,10.0,half_mean_deg,5.0,none,learned_support_random_weights,0.0,ideal,zero,5,hebbian_seed0,50.0,50.0,0,1,890,0.36637234687805176,0.0030503273010253906,1,628.0,628.0,670.0,0.0,0.0,,timeout,0.0,628,6.28,9,3.006907512038483,5.000000000000001,8.881784197001252e-16,0.0,0,0,0.0,False
random_regular_200_d10,1,200,1000,10.0,half_mean_deg,5.0,none,learned_support_random_weights,0.0,ideal,zero,6,hebbian_seed0,50.0,50.0,0,1,1034,0.39863061904907227,0.002947092056274414,1,628.0,628.0,670.0,0.0,0.0,,timeout,0.0,628,6.28,9,3.1659645069745306,4.999999999999999,-8.881784197001252e-16,0.0,0,0,0.0,False
random_regular_200_d10,1,200,1000,10.0,half_mean_deg,5.0,none,learned_support_random_weights,0.0,ideal,zero,7,hebbian_seed0,50.0,50.0,0,1,878,0.34461379051208496,0.003168344497680664,1,628.0,628.0,670.0,0.0,0.0,,timeout,0.0,628,6.28,9,3.0958302523399515,5.0,0.0,0.0,0,0,0.0,False
random_regular_200_d10,1,200,1000,10.0,half_mean_deg,5.0,none,learned_support_random_weights,0.0,ideal,zero,8,hebbian_seed0,50.0,50.0,0,1,974,0.39684200286865234,0.004743337631225586,1,628.0,628.0,670.0,0.0,0.0,,timeout,0.0,628,6.28,9,3.111296125276961,4.999999999999999,-8.881784197001252e-16,0.0,0,0,0.0,False
random_regular_200_d10,1,200,1000,10.0,half_mean_deg,5.0,none,learned_support_random_weights,0.0,ideal,zero,9,hebbian_seed0,50.0,50.0,0,1,890,0.3398611545562744,0.004796504974365234,1,628.0,628.0,670.0,0.0,0.0,,timeout,0.0,628,6.28,9,3.1425059464742575,5.0,0.0,0.0,0,0,0.0,False
random_regular_200_d10,1,200,1000,10.0,half_mean_deg,5.0,none,topology_scrambled,0.0,ideal,zero,0,graph,50.0,50.0,100,101,3536,34.03490853309631,32.446499824523926,101,482.0,482.0,664.0,0.0,0.0,,timeout,0.0,565,5.65,9,5.0,5.000000000000002,1.7763568394002505e-15,0.0,0,0,-472.84393024963794,False
random_regular_200_d10,1,200,1000,10.0,half_mean_deg,5.0,none,topology_scrambled,0.0,ideal,zero,1,graph,50.0,50.0,100,101,3176,38.146565437316895,36.740610122680664,101,514.0,514.0,680.0,0.0,0.0,,timeout,0.0,567,5.67,9,5.0,5.000000000000021,2.1316282072803006e-14,0.0,0,0,-473.463056142631,False
random_regular_200_d10,1,200,1000,10.0,half_mean_deg,5.0,none,topology_scrambled,0.0,ideal,zero,2,graph,50.0,50.0,100,101,2780,40.93005108833313,39.660202503204346,101,496.0,496.0,682.0,0.0,0.0,,timeout,0.0,548,5.48,9,5.0,5.00000000000001,9.769962616701378e-15,0.0,0,0,-472.66604584121103,False
random_regular_200_d10,1,200,1000,10.0,half_mean_deg,5.0,none,topology_scrambled,0.0,ideal,zero,3,graph,50.0,50.0,100,101,2432,88.83193182945251,87.73842883110046,101,516.0,516.0,674.0,0.0,0.0,,timeout,0.0,573,5.73,9,4.994384661608338,5.000000000000001,8.881784197001252e-16,0.0,0,0,-471.15447153303114,False
random_regular_200_d10,1,200,1000,10.0,half_mean_deg,5.0,none,topology_scrambled,0.0,ideal,zero,4,graph,50.0,50.0,100,101,2936,83.86025714874268,82.53235173225403,101,536.0,544.0,684.0,0.0,0.0,,timeout,0.0,548,5.48,10,4.999999535051683,5.000000000000001,8.881784197001252e-16,0.0,0,0,-468.1477679530184,False
random_regular_200_d10,1,200,1000,10.0,half_mean_deg,5.0,none,topology_scrambled,0.0,ideal,zero,5,graph,50.0,50.0,100,101,3128,59.96272921562195,58.46267318725586,101,508.0,510.0,674.0,0.0,0.0,,timeout,0.0,564,5.64,9,5.0,5.000000000000016,1.5987211554602254e-14,0.0,0,0,-473.00658791075136,False
random_regular_200_d10,1,200,1000,10.0,half_mean_deg,5.0,none,topology_scrambled,0.0,ideal,zero,6,graph,50.0,50.0,100,101,3536,86.62615847587585,84.89389824867249,101,500.0,524.0,678.0,0.0,0.0,,timeout,0.0,480,4.8,8,4.999999181922978,5.000000000000001,8.881784197001252e-16,0.0,0,0,-461.8647472364628,False
random_regular_200_d10,1,200,1000,10.0,half_mean_deg,5.0,none,topology_scrambled,0.0,ideal,zero,7,graph,50.0,50.0,100,101,3008,46.43456840515137,45.05372405052185,101,500.0,500.0,656.0,0.0,0.0,,timeout,0.0,596,5.96,10,5.0,5.000000000000008,7.993605777301127e-15,0.0,0,0,-475.4089275332572,False
random_regular_200_d10,1,200,1000,10.0,half_mean_deg,5.0,none,topology_scrambled,0.0,ideal,zero,8,graph,50.0,50.0,100,101,2840,58.630924224853516,57.32951283454895,101,502.0,508.0,682.0,0.0,0.0,,timeout,0.0,561,5.61,9,5.000000000000003,5.0000000000001315,1.3145040611561853e-13,0.0,0,0,-473.48641995191855,False
random_regular_200_d10,1,200,1000,10.0,half_mean_deg,5.0,none,topology_scrambled,0.0,ideal,zero,9,graph,50.0,50.0,100,101,2972,47.753095865249634,46.34235620498657,101,538.0,538.0,696.0,0.0,0.0,,timeout,0.0,572,5.72,10,5.0,5.000000000000003,2.6645352591003757e-15,0.0,0,0,-474.05677069482135,False
random_regular_200_d10,1,200,1000,10.0,half_mean_deg,5.0,sinkhorn,hebbian_sinkhorn,0.0,ideal,zero,0,graph,50.0,50.0,100,100,4580,5.260938882827759,0.0,0,642.0,642.0,674.0,0.0,0.0,,timeout,0.0,642,6.42,10,4.774440968191859,5.000000000000002,1.7763568394002505e-15,0.0,0,7,-458.6559952489015,False
random_regular_200_d10,1,200,1000,10.0,half_mean_deg,5.0,sinkhorn,hebbian_sinkhorn,0.0,ideal,zero,1,graph,50.0,50.0,100,100,4532,2.1844522953033447,0.0,0,636.0,636.0,664.0,0.0,0.0,,timeout,0.0,636,6.36,10,4.827382842992288,5.000000000000002,1.7763568394002505e-15,0.0,0,0,-463.3947529592636,False
random_regular_200_d10,1,200,1000,10.0,half_mean_deg,5.0,sinkhorn,hebbian_sinkhorn,0.0,ideal,zero,2,graph,50.0,50.0,100,100,4496,2.1245055198669434,0.0,0,628.0,628.0,694.0,0.0,0.0,,timeout,0.0,628,6.28,9,4.787072065141964,5.000000000000002,1.7763568394002505e-15,0.0,0,0,-459.1594865990147,False
random_regular_200_d10,1,200,1000,10.0,half_mean_deg,5.0,sinkhorn,hebbian_sinkhorn,0.0,ideal,zero,3,graph,50.0,50.0,100,100,4460,2.1443443298339844,0.0,0,638.0,638.0,688.0,0.0,0.0,,timeout,0.0,638,6.38,10,4.784995992920047,5.000000000000001,8.881784197001252e-16,0.0,0,0,-459.3547445918297,False
random_regular_200_d10,1,200,1000,10.0,half_mean_deg,5.0,sinkhorn,hebbian_sinkhorn,0.0,ideal,zero,4,graph,50.0,50.0,100,100,4328,2.060152530670166,0.0,0,646.0,646.0,692.0,0.0,0.0,,timeout,0.0,646,6.46,9,4.779707466518716,5.000000000000001,8.881784197001252e-16,0.0,0,5,-459.163014622511,False
random_regular_200_d10,1,200,1000,10.0,half_mean_deg,5.0,sinkhorn,hebbian_sinkhorn,0.0,ideal,zero,5,graph,50.0,50.0,100,100,4436,2.0472123622894287,0.0,0,614.0,614.0,666.0,0.0,0.0,,timeout,0.0,614,6.14,9,4.789518564266636,5.000000000000001,8.881784197001252e-16,0.0,0,0,-458.93322124927806,False
random_regular_200_d10,1,200,1000,10.0,half_mean_deg,5.0,sinkhorn,hebbian_sinkhorn,0.0,ideal,zero,6,graph,50.0,50.0,100,100,4472,2.0702435970306396,0.0,0,642.0,642.0,680.0,0.0,0.0,,timeout,0.0,642,6.42,9,4.789751322254202,5.000000000000001,8.881784197001252e-16,0.0,0,8,-460.04013777854703,False
random_regular_200_d10,1,200,1000,10.0,half_mean_deg,5.0,sinkhorn,hebbian_sinkhorn,0.0,ideal,zero,7,graph,50.0,50.0,100,100,4316,2.0205156803131104,0.0,0,644.0,644.0,678.0,0.0,0.0,,timeout,0.0,644,6.44,9,4.798377311301841,5.000000000000002,1.7763568394002505e-15,0.0,0,10,-460.8897085474499,False
random_regular_200_d10,1,200,1000,10.0,half_mean_deg,5.0,sinkhorn,hebbian_sinkhorn,0.0,ideal,zero,8,graph,50.0,50.0,100,100,4460,2.0415091514587402,0.0,0,614.0,614.0,650.0,0.0,0.0,,timeout,0.0,614,6.14,10,4.779967091871338,5.000000000000001,8.881784197001252e-16,0.0,0,0,-458.2888603548195,False
random_regular_200_d10,1,200,1000,10.0,half_mean_deg,5.0,sinkhorn,hebbian_sinkhorn,0.0,ideal,zero,9,graph,50.0,50.0,100,100,4388,2.072723150253296,0.0,0,648.0,648.0,690.0,0.0,0.0,,timeout,0.0,648,6.48,10,4.802043589612114,5.000000000000001,8.881784197001252e-16,0.0,0,0,-461.3198506277474,False
random_regular_200_d10,1,200,1000,10.0,half_mean_deg,5.0,sinkhorn,hybrid_sinkhorn,0.0,ideal,zero,0,graph,50.0,50.0,100,100,5578,2.462390899658203,0.0,0,642.0,642.0,674.0,0.0,0.0,,timeout,0.0,642,6.42,10,4.774440968191859,5.000000000000002,1.7763568394002505e-15,0.0,0,7,-458.6559952489015,False
random_regular_200_d10,1,200,1000,10.0,half_mean_deg,5.0,sinkhorn,hybrid_sinkhorn,0.0,ideal,zero,1,graph,50.0,50.0,100,100,5506,2.580432415008545,0.0,0,636.0,636.0,664.0,0.0,0.0,,timeout,0.0,636,6.36,10,4.827382842992288,5.000000000000002,1.7763568394002505e-15,0.0,0,0,-463.3947529592636,False
random_regular_200_d10,1,200,1000,10.0,half_mean_deg,5.0,sinkhorn,hybrid_sinkhorn,0.0,ideal,zero,2,graph,50.0,50.0,100,100,5506,2.4468719959259033,0.0,0,628.0,628.0,694.0,0.0,0.0,,timeout,0.0,628,6.28,9,4.787072065141964,5.000000000000002,1.7763568394002505e-15,0.0,0,0,-459.1594865990147,False
random_regular_200_d10,1,200,1000,10.0,half_mean_deg,5.0,sinkhorn,hybrid_sinkhorn,0.0,ideal,zero,3,graph,50.0,50.0,100,100,5470,5.6119678020477295,0.0,0,638.0,638.0,688.0,0.0,0.0,,timeout,0.0,638,6.38,10,4.784995992920047,5.000000000000001,8.881784197001252e-16,0.0,0,0,-459.3547445918297,False
random_regular_200_d10,1,200,1000,10.0,half_mean_deg,5.0,sinkhorn,hybrid_sinkhorn,0.0,ideal,zero,4,graph,50.0,50.0,100,100,5302,2.4910974502563477,0.0,0,646.0,646.0,692.0,0.0,0.0,,timeout,0.0,646,6.46,9,4.779707466518716,5.000000000000001,8.881784197001252e-16,0.0,0,5,-459.163014622511,False
random_regular_200_d10,1,200,1000,10.0,half_mean_deg,5.0,sinkhorn,hybrid_sinkhorn,0.0,ideal,zero,5,graph,50.0,50.0,100,100,5410,2.4772467613220215,0.0,0,614.0,614.0,666.0,0.0,0.0,,timeout,0.0,614,6.14,9,4.789518564266636,5.000000000000001,8.881784197001252e-16,0.0,0,0,-458.93322124927806,False
random_regular_200_d10,1,200,1000,10.0,half_mean_deg,5.0,sinkhorn,hybrid_sinkhorn,0.0,ideal,zero,6,graph,50.0,50.0,100,100,5446,2.502603769302368,0.0,0,642.0,642.0,680.0,0.0,0.0,,timeout,0.0,642,6.42,9,4.789751322254202,5.000000000000001,8.881784197001252e-16,0.0,0,8,-460.04013777854703,False
random_regular_200_d10,1,200,1000,10.0,half_mean_deg,5.0,sinkhorn,hybrid_sinkhorn,0.0,ideal,zero,7,graph,50.0,50.0,100,100,5314,2.454738140106201,0.0,0,644.0,644.0,678.0,0.0,0.0,,timeout,0.0,644,6.44,9,4.798377311301841,5.000000000000002,1.7763568394002505e-15,0.0,0,10,-460.8897085474499,False
random_regular_200_d10,1,200,1000,10.0,half_mean_deg,5.0,sinkhorn,hybrid_sinkhorn,0.0,ideal,zero,8,graph,50.0,50.0,100,100,5446,2.5706448554992676,0.0,0,614.0,614.0,650.0,0.0,0.0,,timeout,0.0,614,6.14,10,4.779967091871338,5.000000000000001,8.881784197001252e-16,0.0,0,0,-458.2888603548195,False
random_regular_200_d10,1,200,1000,10.0,half_mean_deg,5.0,sinkhorn,hybrid_sinkhorn,0.0,ideal,zero,9,graph,50.0,50.0,100,100,5386,2.432835102081299,0.0,0,648.0,648.0,690.0,0.0,0.0,,timeout,0.0,648,6.48,10,4.802043589612114,5.000000000000001,8.881784197001252e-16,0.0,0,0,-461.3198506277474,False
random_regular_200_d10,1,200,1000,10.0,half_mean_deg,5.0,frobenius,hebbian_frobenius,0.0,ideal,zero,0,graph,50.0,50.0,100,101,3200,51.25778841972351,49.901081800460815,101,632.0,632.0,680.0,0.0,0.0,,timeout,0.0,632,6.32,10,5.0,5.000000000000002,1.7763568394002505e-15,0.0,0,0,-478.0661807204941,True
random_regular_200_d10,1,200,1000,10.0,half_mean_deg,5.0,frobenius,hebbian_frobenius,0.0,ideal,zero,1,graph,50.0,50.0,100,101,3248,42.267725467681885,40.82977557182312,101,630.0,630.0,670.0,0.0,0.0,,timeout,0.0,630,6.3,10,5.0,5.000000000000002,1.7763568394002505e-15,0.0,0,0,-478.02867745571376,True
random_regular_200_d10,1,200,1000,10.0,half_mean_deg,5.0,frobenius,hebbian_frobenius,0.0,ideal,zero,2,graph,50.0,50.0,100,101,3968,24.831504106521606,23.231841802597046,101,630.0,630.0,694.0,0.0,0.0,,timeout,0.0,630,6.3,9,5.0,5.000000000000002,1.7763568394002505e-15,0.0,0,0,-478.0331295344642,True
random_regular_200_d10,1,200,1000,10.0,half_mean_deg,5.0,frobenius,hebbian_frobenius,0.0,ideal,zero,3,graph,50.0,50.0,100,101,2876,48.22853207588196,46.99330759048462,101,636.0,636.0,694.0,0.0,0.0,,timeout,0.0,636,6.36,10,5.0,5.000000000000002,1.7763568394002505e-15,0.0,0,0,-477.61631631781546,True
random_regular_200_d10,1,200,1000,10.0,half_mean_deg,5.0,frobenius,hebbian_frobenius,0.0,ideal,zero,4,graph,50.0,50.0,100,101,3332,39.13662123680115,37.79033017158508,101,640.0,640.0,690.0,0.0,0.0,,timeout,0.0,601,6.01,9,5.0,5.000000000000002,1.7763568394002505e-15,0.0,0,0,-475.616477035835,True
random_regular_200_d10,1,200,1000,10.0,half_mean_deg,5.0,frobenius,hebbian_frobenius,0.0,ideal,zero,5,graph,50.0,50.0,100,101,3368,33.79332113265991,31.090142250061035,101,598.0,598.0,662.0,0.0,0.0,,timeout,0.0,598,5.98,9,5.0,5.000000000000002,1.7763568394002505e-15,0.0,0,0,-475.9922636490063,True
random_regular_200_d10,1,200,1000,10.0,half_mean_deg,5.0,frobenius,hebbian_frobenius,0.0,ideal,zero,6,graph,50.0,50.0,100,101,3140,65.01398348808289,63.66525673866272,101,640.0,640.0,682.0,0.0,0.0,,timeout,0.0,640,6.4,9,4.9999999999997575,5.000000000000001,8.881784197001252e-16,0.0,0,0,-477.7776586327321,True
random_regular_200_d10,1,200,1000,10.0,half_mean_deg,5.0,frobenius,hebbian_frobenius,0.0,ideal,zero,7,graph,50.0,50.0,100,101,2960,52.82356023788452,51.387537479400635,101,640.0,640.0,678.0,0.0,0.0,,timeout,0.0,640,6.4,9,5.0,5.000000000000002,1.7763568394002505e-15,0.0,0,0,-478.0005283468819,True
random_regular_200_d10,1,200,1000,10.0,half_mean_deg,5.0,frobenius,hebbian_frobenius,0.0,ideal,zero,8,graph,50.0,50.0,100,101,2792,50.89938426017761,49.60778260231018,101,610.0,610.0,658.0,0.0,0.0,,timeout,0.0,610,6.1,10,5.0,5.000000000000002,1.7763568394002505e-15,0.0,0,0,-477.22265272734137,True
random_regular_200_d10,1,200,1000,10.0,half_mean_deg,5.0,frobenius,hebbian_frobenius,0.0,ideal,zero,9,graph,50.0,50.0,100,101,3356,46.91856265068054,45.49337959289551,101,640.0,642.0,686.0,0.0,0.0,,timeout,0.0,625,6.25,10,5.0,5.000000000000002,1.7763568394002505e-15,0.0,0,0,-477.35369550925094,True
random_regular_200_d10,1,200,1000,10.0,half_mean_deg,5.0,frobenius,hybrid_frobenius,0.0,ideal,zero,0,graph,50.0,50.0,100,101,4246,47.66509556770325,45.97316122055054,101,632.0,632.0,680.0,0.0,0.0,,timeout,0.0,632,6.32,10,5.0,5.000000000000002,1.7763568394002505e-15,0.0,0,0,-478.0661807204941,True
random_regular_200_d10,1,200,1000,10.0,half_mean_deg,5.0,frobenius,hybrid_frobenius,0.0,ideal,zero,1,graph,50.0,50.0,100,101,4282,45.12072539329529,42.09550356864929,101,630.0,630.0,670.0,0.0,0.0,,timeout,0.0,630,6.3,10,5.0,5.000000000000002,1.7763568394002505e-15,0.0,0,0,-478.02867745571376,True
random_regular_200_d10,1,200,1000,10.0,half_mean_deg,5.0,frobenius,hybrid_frobenius,0.0,ideal,zero,2,graph,50.0,50.0,100,101,4978,21.31125545501709,19.44033980369568,101,630.0,630.0,694.0,0.0,0.0,,timeout,0.0,630,6.3,9,5.0,5.000000000000002,1.7763568394002505e-15,0.0,0,0,-478.0331295344642,True
random_regular_200_d10,1,200,1000,10.0,half_mean_deg,5.0,frobenius,hybrid_frobenius,0.0,ideal,zero,3,graph,50.0,50.0,100,101,3850,52.25624322891235,48.88556885719299,101,636.0,636.0,694.0,0.0,0.0,,timeout,0.0,636,6.36,10,5.0,5.000000000000002,1.7763568394002505e-15,0.0,0,0,-477.61631631781546,True
random_regular_200_d10,1,200,1000,10.0,half_mean_deg,5.0,frobenius,hybrid_frobenius,0.0,ideal,zero,4,graph,50.0,50.0,100,101,4342,39.43816924095154,37.77692890167236,101,640.0,640.0,690.0,0.0,0.0,,timeout,0.0,601,6.01,9,5.0,5.000000000000002,1.7763568394002505e-15,0.0,0,0,-475.616477035835,True
random_regular_200_d10,1,200,1000,10.0,half_mean_deg,5.0,frobenius,hybrid_frobenius,0.0,ideal,zero,5,graph,50.0,50.0,100,101,4402,34.626786947250366,32.86664915084839,101,598.0,598.0,662.0,0.0,0.0,,timeout,0.0,598,5.98,9,5.0,5.000000000000002,1.7763568394002505e-15,0.0,0,0,-475.9922636490063,True
random_regular_200_d10,1,200,1000,10.0,half_mean_deg,5.0,frobenius,hybrid_frobenius,0.0,ideal,zero,6,graph,50.0,50.0,100,101,4126,64.53552103042603,62.8735830783844,101,640.0,640.0,682.0,0.0,0.0,,timeout,0.0,640,6.4,9,4.9999999999997575,5.000000000000001,8.881784197001252e-16,0.0,0,0,-477.7776586327321,True
random_regular_200_d10,1,200,1000,10.0,half_mean_deg,5.0,frobenius,hybrid_frobenius,0.0,ideal,zero,7,graph,50.0,50.0,100,101,3994,43.486473083496094,41.80772018432617,101,640.0,640.0,678.0,0.0,0.0,,timeout,0.0,640,6.4,9,5.0,5.000000000000002,1.7763568394002505e-15,0.0,0,0,-478.0005283468819,True
random_regular_200_d10,1,200,1000,10.0,half_mean_deg,5.0,frobenius,hybrid_frobenius,0.0,ideal,zero,8,graph,50.0,50.0,100,101,3778,49.691580057144165,48.11182427406311,101,610.0,610.0,658.0,0.0,0.0,,timeout,0.0,610,6.1,10,5.0,5.000000000000002,1.7763568394002505e-15,0.0,0,0,-477.22265272734137,True
random_regular_200_d10,1,200,1000,10.0,half_mean_deg,5.0,frobenius,hybrid_frobenius,0.0,ideal,zero,9,graph,50.0,50.0,100,101,4390,43.24130988121033,41.46709847450256,101,640.0,642.0,686.0,0.0,0.0,,timeout,0.0,625,6.25,10,5.0,5.000000000000002,1.7763568394002505e-15,0.0,0,0,-477.35369550925094,True
random_regular_200_d10,1,200,1000,10.0,mean_deg,10.0,none,static,0.0,ideal,zero,0,graph,50.0,50.0,0,0,1514,0.7376635074615479,0.0,0,708.0,712.0,716.0,0.0,0.0,,timeout,0.0,1000,10.0,10,10.0,10.0,0.0,0.0,0,0,0.0,False
random_regular_200_d10,1,200,1000,10.0,mean_deg,10.0,none,static,0.0,ideal,zero,1,graph,50.0,50.0,0,0,1730,0.9029934406280518,0.0,0,710.0,728.0,728.0,0.0,0.0,,timeout,0.0,1000,10.0,10,10.0,10.0,0.0,0.0,0,0,0.0,False
random_regular_200_d10,1,200,1000,10.0,mean_deg,10.0,none,static,0.0,ideal,zero,2,graph,50.0,50.0,0,0,1778,0.864875316619873,0.0,0,716.0,720.0,724.0,0.0,0.0,,timeout,0.0,1000,10.0,10,10.0,10.0,0.0,0.0,0,0,0.0,False
random_regular_200_d10,1,200,1000,10.0,mean_deg,10.0,none,static,0.0,ideal,zero,3,graph,50.0,50.0,0,0,1646,0.798281192779541,0.0,0,694.0,708.0,714.0,0.0,0.0,,timeout,0.0,1000,10.0,10,10.0,10.0,0.0,0.0,0,0,0.0,False
random_regular_200_d10,1,200,1000,10.0,mean_deg,10.0,none,static,0.0,ideal,zero,4,graph,50.0,50.0,0,0,1670,0.8132388591766357,0.0,0,702.0,716.0,718.0,0.0,0.0,,timeout,0.0,1000,10.0,10,10.0,10.0,0.0,0.0,0,0,0.0,False
random_regular_200_d10,1,200,1000,10.0,mean_deg,10.0,none,static,0.0,ideal,zero,5,graph,50.0,50.0,0,0,1562,0.7546017169952393,0.0,0,720.0,728.0,728.0,0.0,0.0,,timeout,0.0,1000,10.0,10,10.0,10.0,0.0,0.0,0,0,0.0,False
random_regular_200_d10,1,200,1000,10.0,mean_deg,10.0,none,static,0.0,ideal,zero,6,graph,50.0,50.0,0,0,1646,0.7956576347351074,0.0,0,718.0,718.0,718.0,0.0,0.0,,timeout,0.0,1000,10.0,10,10.0,10.0,0.0,0.0,0,0,0.0,False
random_regular_200_d10,1,200,1000,10.0,mean_deg,10.0,none,static,0.0,ideal,zero,7,graph,50.0,50.0,0,0,1766,0.8380234241485596,0.0,0,706.0,724.0,726.0,0.0,0.0,,timeout,0.0,1000,10.0,10,10.0,10.0,0.0,0.0,0,0,0.0,False
random_regular_200_d10,1,200,1000,10.0,mean_deg,10.0,none,static,0.0,ideal,zero,8,graph,50.0,50.0,0,0,1718,0.8038885593414307,0.0,0,690.0,718.0,720.0,0.0,0.0,,timeout,0.0,1000,10.0,10,10.0,10.0,0.0,0.0,0,0,0.0,False
random_regular_200_d10,1,200,1000,10.0,mean_deg,10.0,none,static,0.0,ideal,zero,9,graph,50.0,50.0,0,0,1898,0.902944803237915,0.0,0,724.0,724.0,724.0,0.0,0.0,,timeout,0.0,1000,10.0,10,10.0,10.0,0.0,0.0,0,0,0.0,False
random_regular_200_d10,1,200,1000,10.0,mean_deg,10.0,none,random_rounding,0.0,ideal,zero,0,graph,50.0,50.0,0,0,1514,0.7025301456451416,0.0,0,708.0,712.0,716.0,0.0,0.0,,timeout,0.0,1000,10.0,10,10.0,10.0,0.0,0.0,0,0,0.0,False
random_regular_200_d10,1,200,1000,10.0,mean_deg,10.0,none,random_rounding,0.0,ideal,zero,1,graph,50.0,50.0,0,0,1730,0.8005762100219727,0.0,0,710.0,728.0,728.0,0.0,0.0,,timeout,0.0,1000,10.0,10,10.0,10.0,0.0,0.0,0,0,0.0,False
random_regular_200_d10,1,200,1000,10.0,mean_deg,10.0,none,random_rounding,0.0,ideal,zero,2,graph,50.0,50.0,0,0,1778,0.8335747718811035,0.0,0,716.0,720.0,724.0,0.0,0.0,,timeout,0.0,1000,10.0,10,10.0,10.0,0.0,0.0,0,0,0.0,False
random_regular_200_d10,1,200,1000,10.0,mean_deg,10.0,none,random_rounding,0.0,ideal,zero,3,graph,50.0,50.0,0,0,1646,0.7802190780639648,0.0,0,694.0,708.0,714.0,0.0,0.0,,timeout,0.0,1000,10.0,10,10.0,10.0,0.0,0.0,0,0,0.0,False
random_regular_200_d10,1,200,1000,10.0,mean_deg,10.0,none,random_rounding,0.0,ideal,zero,4,graph,50.0,50.0,0,0,1670,0.7887494564056396,0.0,0,702.0,716.0,718.0,0.0,0.0,,timeout,0.0,1000,10.0,10,10.0,10.0,0.0,0.0,0,0,0.0,False
random_regular_200_d10,1,200,1000,10.0,mean_deg,10.0,none,random_rounding,0.0,ideal,zero,5,graph,50.0,50.0,0,0,1562,0.7483265399932861,0.0,0,720.0,728.0,728.0,0.0,0.0,,timeout,0.0,1000,10.0,10,10.0,10.0,0.0,0.0,0,0,0.0,False
random_regular_200_d10,1,200,1000,10.0,mean_deg,10.0,none,random_rounding,0.0,ideal,zero,6,graph,50.0,50.0,0,0,1646,0.7694470882415771,0.0,0,718.0,718.0,718.0,0.0,0.0,,timeout,0.0,1000,10.0,10,10.0,10.0,0.0,0.0,0,0,0.0,False
random_regular_200_d10,1,200,1000,10.0,mean_deg,10.0,none,random_rounding,0.0,ideal,zero,7,graph,50.0,50.0,0,0,1766,0.8413217067718506,0.0,0,706.0,724.0,726.0,0.0,0.0,,timeout,0.0,1000,10.0,10,10.0,10.0,0.0,0.0,0,0,0.0,False
random_regular_200_d10,1,200,1000,10.0,mean_deg,10.0,none,random_rounding,0.0,ideal,zero,8,graph,50.0,50.0,0,0,1718,0.805966854095459,0.0,0,690.0,718.0,720.0,0.0,0.0,,timeout,0.0,1000,10.0,10,10.0,10.0,0.0,0.0,0,0,0.0,False
random_regular_200_d10,1,200,1000,10.0,mean_deg,10.0,none,random_rounding,0.0,ideal,zero,9,graph,50.0,50.0,0,0,1898,0.9395942687988281,0.0,0,724.0,724.0,724.0,0.0,0.0,,timeout,0.0,1000,10.0,10,10.0,10.0,0.0,0.0,0,0,0.0,False
random_regular_200_d10,1,200,1000,10.0,mean_deg,10.0,none,greedy,0.0,ideal,zero,0,graph,50.0,50.0,0,0,0,0.0006506443023681641,0.0,0,668.0,668.0,668.0,0.0,0.0,,timeout,0.0,0,0.0,0,0.0,0.0,0.0,0.0,0,0,0.0,False
random_regular_200_d10,1,200,1000,10.0,mean_deg,10.0,none,greedy,0.0,ideal,zero,1,graph,50.0,50.0,0,0,0,0.0005869865417480469,0.0,0,674.0,674.0,674.0,0.0,0.0,,timeout,0.0,0,0.0,0,0.0,0.0,0.0,0.0,0,0,0.0,False
random_regular_200_d10,1,200,1000,10.0,mean_deg,10.0,none,greedy,0.0,ideal,zero,2,graph,50.0,50.0,0,0,0,0.0005483627319335938,0.0,0,690.0,690.0,690.0,0.0,0.0,,timeout,0.0,0,0.0,0,0.0,0.0,0.0,0.0,0,0,0.0,False
random_regular_200_d10,1,200,1000,10.0,mean_deg,10.0,none,greedy,0.0,ideal,zero,3,graph,50.0,50.0,0,0,0,0.0005123615264892578,0.0,0,688.0,688.0,688.0,0.0,0.0,,timeout,0.0,0,0.0,0,0.0,0.0,0.0,0.0,0,0,0.0,False
random_regular_200_d10,1,200,1000,10.0,mean_deg,10.0,none,greedy,0.0,ideal,zero,4,graph,50.0,50.0,0,0,0,0.00038170814514160156,0.0,0,664.0,664.0,664.0,0.0,0.0,,timeout,0.0,0,0.0,0,0.0,0.0,0.0,0.0,0,0,0.0,False
random_regular_200_d10,1,200,1000,10.0,mean_deg,10.0,none,greedy,0.0,ideal,zero,5,graph,50.0,50.0,0,0,0,0.00048542022705078125,0.0,0,680.0,680.0,680.0,0.0,0.0,,timeout,0.0,0,0.0,0,0.0,0.0,0.0,0.0,0,0,0.0,False
random_regular_200_d10,1,200,1000,10.0,mean_deg,10.0,none,greedy,0.0,ideal,zero,6,graph,50.0,50.0,0,0,0,0.0005047321319580078,0.0,0,686.0,686.0,686.0,0.0,0.0,,timeout,0.0,0,0.0,0,0.0,0.0,0.0,0.0,0,0,0.0,False
random_regular_200_d10,1,200,1000,10.0,mean_deg,10.0,none,greedy,0.0,ideal,zero,7,graph,50.0,50.0,0,0,0,0.0008220672607421875,0.0,0,678.0,678.0,678.0,0.0,0.0,,timeout,0.0,0,0.0,0,0.0,0.0,0.0,0.0,0,0,0.0,False
random_regular_200_d10,1,200,1000,10.0,mean_deg,10.0,none,greedy,0.0,ideal,zero,8,graph,50.0,50.0,0,0,0,0.0007157325744628906,0.0,0,664.0,664.0,664.0,0.0,0.0,,timeout,0.0,0,0.0,0,0.0,0.0,0.0,0.0,0,0,0.0,False
random_regular_200_d10,1,200,1000,10.0,mean_deg,10.0,none,greedy,0.0,ideal,zero,9,graph,50.0,50.0,0,0,0,0.0006687641143798828,0.0,0,690.0,690.0,690.0,0.0,0.0,,timeout,0.0,0,0.0,0,0.0,0.0,0.0,0.0,0,0,0.0,False
random_regular_200_d10,1,200,1000,10.0,mean_deg,10.0,none,static_projected,0.0,ideal,zero,0,graph,50.0,50.0,0,1,1514,0.7443935871124268,0.002547025680541992,1,708.0,712.0,716.0,0.0,0.0,,timeout,0.0,1000,10.0,10,10.0,10.0,0.0,0.0,0,0,0.0,False
random_regular_200_d10,1,200,1000,10.0,mean_deg,10.0,none,static_projected,0.0,ideal,zero,1,graph,50.0,50.0,0,1,1730,0.8343079090118408,0.0026466846466064453,1,710.0,728.0,728.0,0.0,0.0,,timeout,0.0,1000,10.0,10,10.0,10.0,0.0,0.0,0,0,0.0,False
random_regular_200_d10,1,200,1000,10.0,mean_deg,10.0,none,static_projected,0.0,ideal,zero,2,graph,50.0,50.0,0,1,1778,0.9198296070098877,0.002765655517578125,1,716.0,720.0,724.0,0.0,0.0,,timeout,0.0,1000,10.0,10,10.0,10.0,0.0,0.0,0,0,0.0,False
random_regular_200_d10,1,200,1000,10.0,mean_deg,10.0,none,static_projected,0.0,ideal,zero,3,graph,50.0,50.0,0,1,1646,0.8171546459197998,0.0020182132720947266,1,694.0,708.0,714.0,0.0,0.0,,timeout,0.0,1000,10.0,10,10.0,10.0,0.0,0.0,0,0,0.0,False
random_regular_200_d10,1,200,1000,10.0,mean_deg,10.0,none,static_projected,0.0,ideal,zero,4,graph,50.0,50.0,0,1,1670,0.8377182483673096,0.002488374710083008,1,702.0,716.0,718.0,0.0,0.0,,timeout,0.0,1000,10.0,10,10.0,10.0,0.0,0.0,0,0,0.0,False
random_regular_200_d10,1,200,1000,10.0,mean_deg,10.0,none,static_projected,0.0,ideal,zero,5,graph,50.0,50.0,0,1,1562,0.7948031425476074,0.0016906261444091797,1,720.0,728.0,728.0,0.0,0.0,,timeout,0.0,1000,10.0,10,10.0,10.0,0.0,0.0,0,0,0.0,False
random_regular_200_d10,1,200,1000,10.0,mean_deg,10.0,none,static_projected,0.0,ideal,zero,6,graph,50.0,50.0,0,1,1646,0.816706657409668,0.002559185028076172,1,718.0,718.0,718.0,0.0,0.0,,timeout,0.0,1000,10.0,10,10.0,10.0,0.0,0.0,0,0,0.0,False
random_regular_200_d10,1,200,1000,10.0,mean_deg,10.0,none,static_projected,0.0,ideal,zero,7,graph,50.0,50.0,0,1,1766,0.8649642467498779,0.0015778541564941406,1,706.0,724.0,726.0,0.0,0.0,,timeout,0.0,1000,10.0,10,10.0,10.0,0.0,0.0,0,0,0.0,False
random_regular_200_d10,1,200,1000,10.0,mean_deg,10.0,none,static_projected,0.0,ideal,zero,8,graph,50.0,50.0,0,1,1718,0.859675407409668,0.0015676021575927734,1,690.0,718.0,720.0,0.0,0.0,,timeout,0.0,1000,10.0,10,10.0,10.0,0.0,0.0,0,0,0.0,False
random_regular_200_d10,1,200,1000,10.0,mean_deg,10.0,none,static_projected,0.0,ideal,zero,9,graph,50.0,50.0,0,1,1898,0.9180383682250977,0.001794576644897461,1,724.0,724.0,724.0,0.0,0.0,,timeout,0.0,1000,10.0,10,10.0,10.0,0.0,0.0,0,0,0.0,False
random_regular_200_d10,1,200,1000,10.0,mean_deg,10.0,none,static_budgeted,0.0,ideal,zero,0,graph,50.0,50.0,0,1,1514,3.838240146636963,0.001809835433959961,1,708.0,712.0,716.0,0.0,0.0,,timeout,0.0,1000,10.0,10,10.0,10.0,0.0,0.0,0,0,0.0,False
random_regular_200_d10,1,200,1000,10.0,mean_deg,10.0,none,static_budgeted,0.0,ideal,zero,1,graph,50.0,50.0,0,1,1730,0.8357040882110596,0.002929210662841797,1,710.0,728.0,728.0,0.0,0.0,,timeout,0.0,1000,10.0,10,10.0,10.0,0.0,0.0,0,0,0.0,False
random_regular_200_d10,1,200,1000,10.0,mean_deg,10.0,none,static_budgeted,0.0,ideal,zero,2,graph,50.0,50.0,0,1,1778,0.8759019374847412,0.0018575191497802734,1,716.0,720.0,724.0,0.0,0.0,,timeout,0.0,1000,10.0,10,10.0,10.0,0.0,0.0,0,0,0.0,False
random_regular_200_d10,1,200,1000,10.0,mean_deg,10.0,none,static_budgeted,0.0,ideal,zero,3,graph,50.0,50.0,0,1,1646,0.8267707824707031,0.0018801689147949219,1,694.0,708.0,714.0,0.0,0.0,,timeout,0.0,1000,10.0,10,10.0,10.0,0.0,0.0,0,0,0.0,False
random_regular_200_d10,1,200,1000,10.0,mean_deg,10.0,none,static_budgeted,0.0,ideal,zero,4,graph,50.0,50.0,0,1,1670,0.8533720970153809,0.0024843215942382812,1,702.0,716.0,718.0,0.0,0.0,,timeout,0.0,1000,10.0,10,10.0,10.0,0.0,0.0,0,0,0.0,False
random_regular_200_d10,1,200,1000,10.0,mean_deg,10.0,none,static_budgeted,0.0,ideal,zero,5,graph,50.0,50.0,0,1,1562,0.8157186508178711,0.0025730133056640625,1,720.0,728.0,728.0,0.0,0.0,,timeout,0.0,1000,10.0,10,10.0,10.0,0.0,0.0,0,0,0.0,False
random_regular_200_d10,1,200,1000,10.0,mean_deg,10.0,none,static_budgeted,0.0,ideal,zero,6,graph,50.0,50.0,0,1,1646,0.8729541301727295,0.0016217231750488281,1,718.0,718.0,718.0,0.0,0.0,,timeout,0.0,1000,10.0,10,10.0,10.0,0.0,0.0,0,0,0.0,False
random_regular_200_d10,1,200,1000,10.0,mean_deg,10.0,none,static_budgeted,0.0,ideal,zero,7,graph,50.0,50.0,0,1,1766,0.88608717918396,0.0022835731506347656,1,706.0,724.0,726.0,0.0,0.0,,timeout,0.0,1000,10.0,10,10.0,10.0,0.0,0.0,0,0,0.0,False
random_regular_200_d10,1,200,1000,10.0,mean_deg,10.0,none,static_budgeted,0.0,ideal,zero,8,graph,50.0,50.0,0,1,1718,0.843541145324707,0.0016040802001953125,1,690.0,718.0,720.0,0.0,0.0,,timeout,0.0,1000,10.0,10,10.0,10.0,0.0,0.0,0,0,0.0,False
random_regular_200_d10,1,200,1000,10.0,mean_deg,10.0,none,static_budgeted,0.0,ideal,zero,9,graph,50.0,50.0,0,1,1898,0.9507625102996826,0.002664804458618164,1,724.0,724.0,724.0,0.0,0.0,,timeout,0.0,1000,10.0,10,10.0,10.0,0.0,0.0,0,0,0.0,False
random_regular_200_d10,1,200,1000,10.0,mean_deg,10.0,none,random_budgeted,0.0,ideal,zero,0,graph,50.0,50.0,0,1,1238,0.61090087890625,0.002605915069580078,1,706.0,716.0,720.0,0.0,0.0,,timeout,0.0,1000,10.0,10,4.933425514282735,6.624397063802071,-3.3756029361979287,0.0,0,0,0.0,False
random_regular_200_d10,1,200,1000,10.0,mean_deg,10.0,none,random_budgeted,0.0,ideal,zero,1,graph,50.0,50.0,0,1,1106,0.5577449798583984,0.0016891956329345703,1,692.0,710.0,712.0,0.0,0.0,,timeout,0.0,1000,10.0,10,5.053481403976195,6.830692427894716,-3.169307572105284,0.0,0,0,0.0,False
random_regular_200_d10,1,200,1000,10.0,mean_deg,10.0,none,random_budgeted,0.0,ideal,zero,2,graph,50.0,50.0,0,1,1082,0.558875560760498,0.0016558170318603516,1,684.0,716.0,724.0,0.0,0.0,,timeout,0.0,1000,10.0,10,5.058252736800322,6.7480139799949574,-3.2519860200050426,0.0,0,0,0.0,False
random_regular_200_d10,1,200,1000,10.0,mean_deg,10.0,none,random_budgeted,0.0,ideal,zero,3,graph,50.0,50.0,0,1,1034,0.5070362091064453,0.0027866363525390625,1,686.0,692.0,706.0,0.0,0.0,,timeout,0.0,1000,10.0,10,5.039257156172492,6.823416082880604,-3.1765839171193964,0.0,0,0,0.0,False
random_regular_200_d10,1,200,1000,10.0,mean_deg,10.0,none,random_budgeted,0.0,ideal,zero,4,graph,50.0,50.0,0,1,1166,0.5561478137969971,0.0024139881134033203,1,698.0,702.0,708.0,0.0,0.0,,timeout,0.0,1000,10.0,10,5.047002482237857,6.430299031393815,-3.5697009686061847,0.0,0,0,0.0,False
random_regular_200_d10,1,200,1000,10.0,mean_deg,10.0,none,random_budgeted,0.0,ideal,zero,5,graph,50.0,50.0,0,1,1106,0.5289866924285889,0.0016560554504394531,1,696.0,706.0,716.0,0.0,0.0,,timeout,0.0,1000,10.0,10,4.874811167495203,6.89283765388828,-3.1071623461117204,0.0,0,0,0.0,False
random_regular_200_d10,1,200,1000,10.0,mean_deg,10.0,none,random_budgeted,0.0,ideal,zero,6,graph,50.0,50.0,0,1,950,0.49478673934936523,0.0027167797088623047,1,682.0,692.0,702.0,0.0,0.0,,timeout,0.0,1000,10.0,10,5.048994142158381,6.901890508091907,-3.098109491908093,0.0,0,0,0.0,False
random_regular_200_d10,1,200,1000,10.0,mean_deg,10.0,none,random_budgeted,0.0,ideal,zero,7,graph,50.0,50.0,0,1,1130,0.5823183059692383,0.001748800277709961,1,698.0,716.0,720.0,0.0,0.0,,timeout,0.0,1000,10.0,10,4.971825159507713,6.595305668995557,-3.4046943310044426,0.0,0,0,0.0,False
random_regular_200_d10,1,200,1000,10.0,mean_deg,10.0,none,random_budgeted,0.0,ideal,zero,8,graph,50.0,50.0,0,1,986,0.4940457344055176,0.0026581287384033203,1,680.0,708.0,712.0,0.0,0.0,,timeout,0.0,1000,10.0,10,5.0476951735561375,6.791786553380705,-3.208213446619295,0.0,0,0,0.0,False
random_regular_200_d10,1,200,1000,10.0,mean_deg,10.0,none,random_budgeted,0.0,ideal,zero,9,graph,50.0,50.0,0,1,1034,0.5599637031555176,0.0021038055419921875,1,714.0,716.0,724.0,0.0,0.0,,timeout,0.0,1000,10.0,10,5.004934807359811,6.52625286116035,-3.4737471388396504,0.0,0,0,0.0,False
random_regular_200_d10,1,200,1000,10.0,mean_deg,10.0,none,learned_support_random_weights,0.0,ideal,zero,0,hebbian_seed0,50.0,50.0,0,1,1010,0.4196932315826416,0.003030538558959961,1,672.0,672.0,684.0,0.0,0.0,,timeout,0.0,672,6.72,10,3.3951818362862616,5.531477870581991,-4.468522129418009,0.0,0,0,0.0,False
random_regular_200_d10,1,200,1000,10.0,mean_deg,10.0,none,learned_support_random_weights,0.0,ideal,zero,1,hebbian_seed0,50.0,50.0,0,1,1130,0.47319865226745605,0.0017783641815185547,1,672.0,672.0,684.0,0.0,0.0,,timeout,0.0,672,6.72,10,3.4366663743243486,5.75595482162642,-4.24404517837358,0.0,0,0,0.0,False
random_regular_200_d10,1,200,1000,10.0,mean_deg,10.0,none,learned_support_random_weights,0.0,ideal,zero,2,hebbian_seed0,50.0,50.0,0,1,1010,0.39009594917297363,0.0021369457244873047,1,672.0,672.0,684.0,0.0,0.0,,timeout,0.0,672,6.72,10,3.37994003371717,5.567677858812696,-4.432322141187304,0.0,0,0,0.0,False
random_regular_200_d10,1,200,1000,10.0,mean_deg,10.0,none,learned_support_random_weights,0.0,ideal,zero,3,hebbian_seed0,50.0,50.0,0,1,1058,0.4384791851043701,0.002734661102294922,1,672.0,672.0,684.0,0.0,0.0,,timeout,0.0,672,6.72,10,3.3700407381317405,6.052107080075858,-3.9478929199241417,0.0,0,0,0.0,False
random_regular_200_d10,1,200,1000,10.0,mean_deg,10.0,none,learned_support_random_weights,0.0,ideal,zero,4,hebbian_seed0,50.0,50.0,0,1,1022,0.40955209732055664,0.001725912094116211,1,672.0,672.0,684.0,0.0,0.0,,timeout,0.0,672,6.72,10,3.358011938916886,5.642844098668127,-4.357155901331873,0.0,0,0,0.0,False
random_regular_200_d10,1,200,1000,10.0,mean_deg,10.0,none,learned_support_random_weights,0.0,ideal,zero,5,hebbian_seed0,50.0,50.0,0,1,1106,0.4633188247680664,0.0016350746154785156,1,672.0,672.0,684.0,0.0,0.0,,timeout,0.0,672,6.72,10,3.3045396363689927,5.730443718226761,-4.269556281773239,0.0,0,0,0.0,False
random_regular_200_d10,1,200,1000,10.0,mean_deg,10.0,none,learned_support_random_weights,0.0,ideal,zero,6,hebbian_seed0,50.0,50.0,0,1,950,0.38015270233154297,0.0024847984313964844,1,672.0,672.0,684.0,0.0,0.0,,timeout,0.0,672,6.72,10,3.3876755748637573,5.760018474610326,-4.239981525389674,0.0,0,0,0.0,False
random_regular_200_d10,1,200,1000,10.0,mean_deg,10.0,none,learned_support_random_weights,0.0,ideal,zero,7,hebbian_seed0,50.0,50.0,0,1,974,0.3775150775909424,0.0024881362915039062,1,672.0,672.0,684.0,0.0,0.0,,timeout,0.0,672,6.72,10,3.346480709683094,5.520550471455788,-4.479449528544212,0.0,0,0,0.0,False
random_regular_200_d10,1,200,1000,10.0,mean_deg,10.0,none,learned_support_random_weights,0.0,ideal,zero,8,hebbian_seed0,50.0,50.0,0,1,1058,0.4210944175720215,0.0025446414947509766,1,672.0,672.0,684.0,0.0,0.0,,timeout,0.0,672,6.72,10,3.393371871517612,5.341514228412981,-4.658485771587019,0.0,0,0,0.0,False
random_regular_200_d10,1,200,1000,10.0,mean_deg,10.0,none,learned_support_random_weights,0.0,ideal,zero,9,hebbian_seed0,50.0,50.0,0,1,974,0.39713597297668457,0.002436399459838867,1,672.0,672.0,684.0,0.0,0.0,,timeout,0.0,672,6.72,10,3.369952043335662,5.956510744236032,-4.043489255763968,0.0,0,0,0.0,False
random_regular_200_d10,1,200,1000,10.0,mean_deg,10.0,none,topology_scrambled,0.0,ideal,zero,0,graph,50.0,50.0,100,101,2792,19.769347429275513,18.574344873428345,101,508.0,508.0,692.0,0.0,0.0,,timeout,0.0,587,5.87,10,9.999999999999755,10.000000000000002,1.7763568394002505e-15,0.0,0,0,-900.474015902655,False
random_regular_200_d10,1,200,1000,10.0,mean_deg,10.0,none,topology_scrambled,0.0,ideal,zero,1,graph,50.0,50.0,100,101,3224,20.75911569595337,19.24771475791931,101,506.0,506.0,690.0,0.0,0.0,,timeout,0.0,572,5.72,9,10.000000000000052,10.00000000000024,2.398081733190338e-13,0.0,0,0,-895.272290115913,False
random_regular_200_d10,1,200,1000,10.0,mean_deg,10.0,none,topology_scrambled,0.0,ideal,zero,2,graph,50.0,50.0,100,101,2612,17.004209756851196,15.840048789978027,101,518.0,518.0,660.0,0.0,0.0,,timeout,0.0,560,5.6,9,9.878740913605935,10.000000000000002,1.7763568394002505e-15,0.0,0,0,-884.8469584482912,False
random_regular_200_d10,1,200,1000,10.0,mean_deg,10.0,none,topology_scrambled,0.0,ideal,zero,3,graph,50.0,50.0,100,101,2960,10.003888845443726,8.716700792312622,101,488.0,488.0,674.0,0.0,0.0,,timeout,0.0,545,5.45,9,9.7,10.000000000000002,1.7763568394002505e-15,0.0,0,0,-873.5656953747596,False
random_regular_200_d10,1,200,1000,10.0,mean_deg,10.0,none,topology_scrambled,0.0,ideal,zero,4,graph,50.0,50.0,100,101,3068,16.503860473632812,15.1379234790802,101,508.0,508.0,664.0,0.0,0.0,,timeout,0.0,588,5.88,9,9.8,10.000000000000002,1.7763568394002505e-15,0.0,0,0,-888.5090230153659,False
random_regular_200_d10,1,200,1000,10.0,mean_deg,10.0,none,topology_scrambled,0.0,ideal,zero,5,graph,50.0,50.0,100,101,3776,52.70696568489075,50.9758403301239,101,518.0,518.0,702.0,0.0,0.0,,timeout,0.0,566,5.66,9,9.999999999999748,10.000000000000002,1.7763568394002505e-15,0.0,0,0,-898.0110382763297,False
random_regular_200_d10,1,200,1000,10.0,mean_deg,10.0,none,topology_scrambled,0.0,ideal,zero,6,graph,50.0,50.0,100,101,3284,33.53244423866272,32.07826542854309,101,510.0,510.0,682.0,0.0,0.0,,timeout,0.0,574,5.74,10,9.999999999999822,10.000000000000938,9.379164112033322e-13,0.0,0,0,-896.5297479658112,False
random_regular_200_d10,1,200,1000,10.0,mean_deg,10.0,none,topology_scrambled,0.0,ideal,zero,7,graph,50.0,50.0,100,101,3380,51.44362807273865,49.901726961135864,101,496.0,496.0,686.0,0.0,0.0,,timeout,0.0,592,5.92,10,9.899999999998837,10.000000000000002,1.7763568394002505e-15,0.0,0,0,-894.5984526489827,False
random_regular_200_d10,1,200,1000,10.0,mean_deg,10.0,none,topology_scrambled,0.0,ideal,zero,8,graph,50.0,50.0,100,101,3260,48.81568455696106,47.34920382499695,101,508.0,508.0,662.0,0.0,0.0,,timeout,0.0,594,5.94,9,9.9,10.000000000000004,3.552713678800501e-15,0.0,0,0,-895.0679451595565,False
random_regular_200_d10,1,200,1000,10.0,mean_deg,10.0,none,topology_scrambled,0.0,ideal,zero,9,graph,50.0,50.0,100,101,4400,81.75609993934631,79.74291443824768,101,538.0,542.0,692.0,0.0,0.0,,timeout,0.0,599,5.99,10,9.997062764470057,10.000000000000004,3.552713678800501e-15,0.0,0,0,-892.2579630320204,False
random_regular_200_d10,1,200,1000,10.0,mean_deg,10.0,sinkhorn,hebbian_sinkhorn,0.0,ideal,zero,0,graph,50.0,50.0,100,100,2540,1.4987561702728271,0.0,0,668.0,668.0,680.0,0.0,0.0,,timeout,0.0,668,6.68,10,9.634081707546294,10.000000000000002,1.7763568394002505e-15,0.0,0,0,-889.228026902595,False
random_regular_200_d10,1,200,1000,10.0,mean_deg,10.0,sinkhorn,hebbian_sinkhorn,0.0,ideal,zero,1,graph,50.0,50.0,100,100,2888,1.6571660041809082,0.0,0,674.0,674.0,688.0,0.0,0.0,,timeout,0.0,674,6.74,10,9.751495120869128,10.000000000000002,1.7763568394002505e-15,0.0,0,0,-900.6996915812778,False
random_regular_200_d10,1,200,1000,10.0,mean_deg,10.0,sinkhorn,hebbian_sinkhorn,0.0,ideal,zero,2,graph,50.0,50.0,100,100,2516,1.4822821617126465,0.0,0,664.0,664.0,696.0,0.0,0.0,,timeout,0.0,664,6.64,10,9.70676683863609,10.000000000000002,1.7763568394002505e-15,0.0,0,0,-895.4177572421183,False
random_regular_200_d10,1,200,1000,10.0,mean_deg,10.0,sinkhorn,hebbian_sinkhorn,0.0,ideal,zero,3,graph,50.0,50.0,100,100,2816,1.5824201107025146,0.0,0,684.0,684.0,694.0,0.0,0.0,,timeout,0.0,684,6.84,10,9.685750278896805,10.000000000000002,1.7763568394002505e-15,0.0,0,7,-896.3028607894823,False
random_regular_200_d10,1,200,1000,10.0,mean_deg,10.0,sinkhorn,hebbian_sinkhorn,0.0,ideal,zero,4,graph,50.0,50.0,100,100,2588,1.4707975387573242,0.0,0,672.0,672.0,696.0,0.0,0.0,,timeout,0.0,672,6.72,10,9.680513708650285,10.000000000000002,1.7763568394002505e-15,0.0,0,0,-893.9263935381196,False
random_regular_200_d10,1,200,1000,10.0,mean_deg,10.0,sinkhorn,hebbian_sinkhorn,0.0,ideal,zero,5,graph,50.0,50.0,100,100,2816,1.648650884628296,0.0,0,666.0,666.0,678.0,0.0,0.0,,timeout,0.0,666,6.66,9,9.708957895791986,10.000000000000004,3.552713678800501e-15,0.0,0,0,-896.6333983231353,False
random_regular_200_d10,1,200,1000,10.0,mean_deg,10.0,sinkhorn,hebbian_sinkhorn,0.0,ideal,zero,6,graph,50.0,50.0,100,100,2840,1.6520187854766846,0.0,0,662.0,662.0,680.0,0.0,0.0,,timeout,0.0,662,6.62,9,9.68049684468499,10.000000000000002,1.7763568394002505e-15,0.0,0,0,-893.1095008240989,False
random_regular_200_d10,1,200,1000,10.0,mean_deg,10.0,sinkhorn,hebbian_sinkhorn,0.0,ideal,zero,7,graph,50.0,50.0,100,100,2672,1.554476022720337,0.0,0,666.0,666.0,684.0,0.0,0.0,,timeout,0.0,666,6.66,9,9.670820862079411,10.000000000000004,3.552713678800501e-15,0.0,0,0,-893.0891394322202,False
random_regular_200_d10,1,200,1000,10.0,mean_deg,10.0,sinkhorn,hebbian_sinkhorn,0.0,ideal,zero,8,graph,50.0,50.0,100,100,2756,1.5456809997558594,0.0,0,668.0,668.0,688.0,0.0,0.0,,timeout,0.0,668,6.68,10,9.716323707817406,10.0,0.0,0.0,0,0,-896.7341055829208,False
random_regular_200_d10,1,200,1000,10.0,mean_deg,10.0,sinkhorn,hebbian_sinkhorn,0.0,ideal,zero,9,graph,50.0,50.0,100,100,2516,1.7457759380340576,0.0,0,680.0,680.0,696.0,0.0,0.0,,timeout,0.0,680,6.8,10,9.703352543286329,10.000000000000002,1.7763568394002505e-15,0.0,0,0,-897.5157452115983,False
random_regular_200_d10,1,200,1000,10.0,mean_deg,10.0,sinkhorn,hybrid_sinkhorn,0.0,ideal,zero,0,graph,50.0,50.0,100,100,4426,2.245722770690918,0.0,0,668.0,668.0,680.0,0.0,0.0,,timeout,0.0,668,6.68,10,9.634081707546294,10.000000000000002,1.7763568394002505e-15,0.0,0,0,-889.228026902595,False
random_regular_200_d10,1,200,1000,10.0,mean_deg,10.0,sinkhorn,hybrid_sinkhorn,0.0,ideal,zero,1,graph,50.0,50.0,100,100,4738,2.3844449520111084,0.0,0,674.0,674.0,688.0,0.0,0.0,,timeout,0.0,674,6.74,10,9.751495120869128,10.000000000000002,1.7763568394002505e-15,0.0,0,0,-900.6996915812778,False
random_regular_200_d10,1,200,1000,10.0,mean_deg,10.0,sinkhorn,hybrid_sinkhorn,0.0,ideal,zero,2,graph,50.0,50.0,100,100,4366,2.1488196849823,0.0,0,664.0,664.0,696.0,0.0,0.0,,timeout,0.0,664,6.64,10,9.70676683863609,10.000000000000002,1.7763568394002505e-15,0.0,0,0,-895.4177572421183,False
random_regular_200_d10,1,200,1000,10.0,mean_deg,10.0,sinkhorn,hybrid_sinkhorn,0.0,ideal,zero,3,graph,50.0,50.0,100,100,4666,5.376060724258423,0.0,0,684.0,684.0,694.0,0.0,0.0,,timeout,0.0,684,6.84,10,9.685750278896805,10.000000000000002,1.7763568394002505e-15,0.0,0,7,-896.3028607894823,False
random_regular_200_d10,1,200,1000,10.0,mean_deg,10.0,sinkhorn,hybrid_sinkhorn,0.0,ideal,zero,4,graph,50.0,50.0,100,100,4438,2.184931516647339,0.0,0,672.0,672.0,696.0,0.0,0.0,,timeout,0.0,672,6.72,10,9.680513708650285,10.000000000000002,1.7763568394002505e-15,0.0,0,0,-893.9263935381196,False
random_regular_200_d10,1,200,1000,10.0,mean_deg,10.0,sinkhorn,hybrid_sinkhorn,0.0,ideal,zero,5,graph,50.0,50.0,100,100,4690,2.3258259296417236,0.0,0,666.0,666.0,678.0,0.0,0.0,,timeout,0.0,666,6.66,9,9.708957895791986,10.000000000000004,3.552713678800501e-15,0.0,0,0,-896.6333983231353,False
random_regular_200_d10,1,200,1000,10.0,mean_deg,10.0,sinkhorn,hybrid_sinkhorn,0.0,ideal,zero,6,graph,50.0,50.0,100,100,4702,2.2774817943573,0.0,0,662.0,662.0,680.0,0.0,0.0,,timeout,0.0,662,6.62,9,9.68049684468499,10.000000000000002,1.7763568394002505e-15,0.0,0,0,-893.1095008240989,False
random_regular_200_d10,1,200,1000,10.0,mean_deg,10.0,sinkhorn,hybrid_sinkhorn,0.0,ideal,zero,7,graph,50.0,50.0,100,100,4570,2.1673991680145264,0.0,0,666.0,666.0,684.0,0.0,0.0,,timeout,0.0,666,6.66,9,9.670820862079411,10.000000000000004,3.552713678800501e-15,0.0,0,0,-893.0891394322202,False
random_regular_200_d10,1,200,1000,10.0,mean_deg,10.0,sinkhorn,hybrid_sinkhorn,0.0,ideal,zero,8,graph,50.0,50.0,100,100,4606,2.1383609771728516,0.0,0,668.0,668.0,688.0,0.0,0.0,,timeout,0.0,668,6.68,10,9.716323707817406,10.0,0.0,0.0,0,0,-896.7341055829208,False
random_regular_200_d10,1,200,1000,10.0,mean_deg,10.0,sinkhorn,hybrid_sinkhorn,0.0,ideal,zero,9,graph,50.0,50.0,100,100,4378,2.1044464111328125,0.0,0,680.0,680.0,696.0,0.0,0.0,,timeout,0.0,680,6.8,10,9.703352543286329,10.000000000000002,1.7763568394002505e-15,0.0,0,0,-897.5157452115983,False
random_regular_200_d10,1,200,1000,10.0,mean_deg,10.0,frobenius,hebbian_frobenius,0.0,ideal,zero,0,graph,50.0,50.0,100,101,2816,14.377969026565552,13.210554838180542,101,666.0,666.0,678.0,0.0,0.0,,timeout,0.0,666,6.66,10,9.999999999999714,10.000000000000004,3.552713678800501e-15,0.0,0,0,-917.9496115501609,False
random_regular_200_d10,1,200,1000,10.0,mean_deg,10.0,frobenius,hebbian_frobenius,0.0,ideal,zero,1,graph,50.0,50.0,100,101,3140,25.41303062438965,24.073838233947754,101,666.0,666.0,676.0,0.0,0.0,,timeout,0.0,666,6.66,10,10.000000000000034,10.000000000000865,8.65085780787922e-13,0.0,0,0,-918.9355879643542,False
random_regular_200_d10,1,200,1000,10.0,mean_deg,10.0,frobenius,hebbian_frobenius,0.0,ideal,zero,2,graph,50.0,50.0,100,101,2732,18.917956829071045,17.765170097351074,101,664.0,664.0,696.0,0.0,0.0,,timeout,0.0,664,6.64,10,9.99999999999976,10.000000000000004,3.552713678800501e-15,0.0,0,0,-918.3208364868171,False
random_regular_200_d10,1,200,1000,10.0,mean_deg,10.0,frobenius,hebbian_frobenius,0.0,ideal,zero,3,graph,50.0,50.0,100,101,2768,13.512237548828125,12.379343271255493,101,682.0,682.0,696.0,0.0,0.0,,timeout,0.0,682,6.82,10,9.99999999999997,10.000000000000195,1.9539925233402755e-13,0.0,0,0,-920.1798464616325,False
random_regular_200_d10,1,200,1000,10.0,mean_deg,10.0,frobenius,hebbian_frobenius,0.0,ideal,zero,4,graph,50.0,50.0,100,101,2684,17.308250904083252,16.20726227760315,101,670.0,670.0,698.0,0.0,0.0,,timeout,0.0,670,6.7,10,9.99999999999999,10.000000000000671,6.714628852932947e-13,0.0,0,0,-917.6463575617931,False
random_regular_200_d10,1,200,1000,10.0,mean_deg,10.0,frobenius,hebbian_frobenius,0.0,ideal,zero,5,graph,50.0,50.0,100,101,3068,24.143523931503296,22.766042470932007,101,664.0,664.0,676.0,0.0,0.0,,timeout,0.0,664,6.64,9,9.999999999999105,10.000000000000004,3.552713678800501e-15,0.0,0,0,-918.7452629537779,False
random_regular_200_d10,1,200,1000,10.0,mean_deg,10.0,frobenius,hebbian_frobenius,0.0,ideal,zero,6,graph,50.0,50.0,100,101,3812,43.5938024520874,41.912171840667725,101,660.0,660.0,682.0,0.0,0.0,,timeout,0.0,660,6.6,10,9.999999999999963,10.000000000000036,3.552713678800501e-14,0.0,0,0,-916.5150224335398,False
random_regular_200_d10,1,200,1000,10.0,mean_deg,10.0,frobenius,hebbian_frobenius,0.0,ideal,zero,7,graph,50.0,50.0,100,101,2888,18.653297662734985,17.46113109588623,101,666.0,666.0,678.0,0.0,0.0,,timeout,0.0,666,6.66,9,9.999999999999973,10.000000000000593,5.933031843596837e-13,0.0,0,0,-918.8717487639396,False
random_regular_200_d10,1,200,1000,10.0,mean_deg,10.0,frobenius,hebbian_frobenius,0.0,ideal,zero,8,graph,50.0,50.0,100,101,2960,19.78248882293701,18.592865228652954,101,666.0,666.0,692.0,0.0,0.0,,timeout,0.0,666,6.66,10,9.999999999999998,10.000000000000025,2.4868995751603507e-14,0.0,0,0,-917.6146310044525,False
random_regular_200_d10,1,200,1000,10.0,mean_deg,10.0,frobenius,hebbian_frobenius,0.0,ideal,zero,9,graph,50.0,50.0,100,101,2648,12.095966100692749,11.013219356536865,101,676.0,676.0,694.0,0.0,0.0,,timeout,0.0,676,6.76,10,9.9,10.000000000000002,1.7763568394002505e-15,0.0,0,0,-912.8772736929948,False
random_regular_200_d10,1,200,1000,10.0,mean_deg,10.0,frobenius,hybrid_frobenius,0.0,ideal,zero,0,graph,50.0,50.0,100,101,4738,18.60618495941162,16.736734867095947,101,666.0,666.0,678.0,0.0,0.0,,timeout,0.0,666,6.66,10,9.999999999999714,10.000000000000004,3.552713678800501e-15,0.0,0,0,-917.9496115501609,False
random_regular_200_d10,1,200,1000,10.0,mean_deg,10.0,frobenius,hybrid_frobenius,0.0,ideal,zero,1,graph,50.0,50.0,100,101,5062,26.406712293624878,24.392755031585693,101,666.0,666.0,676.0,0.0,0.0,,timeout,0.0,666,6.66,10,10.000000000000034,10.000000000000865,8.65085780787922e-13,0.0,0,0,-918.9355879643542,False
random_regular_200_d10,1,200,1000,10.0,mean_deg,10.0,frobenius,hybrid_frobenius,0.0,ideal,zero,2,graph,50.0,50.0,100,101,4654,16.314998388290405,14.534640312194824,101,664.0,664.0,696.0,0.0,0.0,,timeout,0.0,664,6.64,10,9.99999999999976,10.000000000000004,3.552713678800501e-15,0.0,0,0,-918.3208364868171,False
random_regular_200_d10,1,200,1000,10.0,mean_deg,10.0,frobenius,hybrid_frobenius,0.0,ideal,zero,3,graph,50.0,50.0,100,101,4666,17.191965579986572,13.506541728973389,101,682.0,682.0,696.0,0.0,0.0,,timeout,0.0,682,6.82,10,9.99999999999997,10.000000000000195,1.9539925233402755e-13,0.0,0,0,-920.1798464616325,False
random_regular_200_d10,1,200,1000,10.0,mean_deg,10.0,frobenius,hybrid_frobenius,0.0,ideal,zero,4,graph,50.0,50.0,100,101,4630,14.630502939224243,12.889543294906616,101,670.0,670.0,698.0,0.0,0.0,,timeout,0.0,670,6.7,10,9.99999999999999,10.000000000000671,6.714628852932947e-13,0.0,0,0,-917.6463575617931,False
random_regular_200_d10,1,200,1000,10.0,mean_deg,10.0,frobenius,hybrid_frobenius,0.0,ideal,zero,5,graph,50.0,50.0,100,101,4966,26.463679313659668,24.471628189086914,101,664.0,664.0,676.0,0.0,0.0,,timeout,0.0,664,6.64,9,9.999999999999105,10.000000000000004,3.552713678800501e-15,0.0,0,0,-918.7452629537779,False
random_regular_200_d10,1,200,1000,10.0,mean_deg,10.0,frobenius,hybrid_frobenius,0.0,ideal,zero,6,graph,50.0,50.0,100,101,5710,41.776660203933716,39.4495062828064,101,660.0,660.0,682.0,0.0,0.0,,timeout,0.0,660,6.6,10,9.999999999999963,10.000000000000036,3.552713678800501e-14,0.0,0,0,-916.5150224335398,False
random_regular_200_d10,1,200,1000,10.0,mean_deg,10.0,frobenius,hybrid_frobenius,0.0,ideal,zero,7,graph,50.0,50.0,100,101,4810,22.54379367828369,20.697186708450317,101,666.0,666.0,678.0,0.0,0.0,,timeout,0.0,666,6.66,9,9.999999999999973,10.000000000000593,5.933031843596837e-13,0.0,0,0,-918.8717487639396,False
random_regular_200_d10,1,200,1000,10.0,mean_deg,10.0,frobenius,hybrid_frobenius,0.0,ideal,zero,8,graph,50.0,50.0,100,101,4858,18.121808767318726,16.14833974838257,101,666.0,666.0,692.0,0.0,0.0,,timeout,0.0,666,6.66,10,9.999999999999998,10.000000000000025,2.4868995751603507e-14,0.0,0,0,-917.6146310044525,False
random_regular_200_d10,1,200,1000,10.0,mean_deg,10.0,frobenius,hybrid_frobenius,0.0,ideal,zero,9,graph,50.0,50.0,100,101,4546,16.237297773361206,14.48378586769104,101,676.0,676.0,694.0,0.0,0.0,,timeout,0.0,676,6.76,10,9.9,10.000000000000002,1.7763568394002505e-15,0.0,0,0,-912.8772736929948,False
random_regular_200_d10,2,200,1000,10.0,half_mean_deg,5.0,none,static,0.0,ideal,zero,0,graph,50.0,50.0,0,0,1766,0.843897819519043,0.0,0,706.0,710.0,712.0,0.0,0.0,,timeout,0.0,1000,10.0,10,10.0,10.0,5.0,0.0,0,0,0.0,False
random_regular_200_d10,2,200,1000,10.0,half_mean_deg,5.0,none,static,0.0,ideal,zero,1,graph,50.0,50.0,0,0,1610,0.7885105609893799,0.0,0,712.0,716.0,718.0,0.0,0.0,,timeout,0.0,1000,10.0,10,10.0,10.0,5.0,0.0,0,0,0.0,False
random_regular_200_d10,2,200,1000,10.0,half_mean_deg,5.0,none,static,0.0,ideal,zero,2,graph,50.0,50.0,0,0,1778,0.8625586032867432,0.0,0,714.0,714.0,716.0,0.0,0.0,,timeout,0.0,1000,10.0,10,10.0,10.0,5.0,0.0,0,0,0.0,False
random_regular_200_d10,2,200,1000,10.0,half_mean_deg,5.0,none,static,0.0,ideal,zero,3,graph,50.0,50.0,0,0,1562,0.7441401481628418,0.0,0,716.0,722.0,722.0,0.0,0.0,,timeout,0.0,1000,10.0,10,10.0,10.0,5.0,0.0,0,0,0.0,False
random_regular_200_d10,2,200,1000,10.0,half_mean_deg,5.0,none,static,0.0,ideal,zero,4,graph,50.0,50.0,0,0,1502,0.7089378833770752,0.0,0,708.0,714.0,716.0,0.0,0.0,,timeout,0.0,1000,10.0,10,10.0,10.0,5.0,0.0,0,0,0.0,False
random_regular_200_d10,2,200,1000,10.0,half_mean_deg,5.0,none,static,0.0,ideal,zero,5,graph,50.0,50.0,0,0,1766,0.8474605083465576,0.0,0,708.0,724.0,724.0,0.0,0.0,,timeout,0.0,1000,10.0,10,10.0,10.0,5.0,0.0,0,0,0.0,False
random_regular_200_d10,2,200,1000,10.0,half_mean_deg,5.0,none,static,0.0,ideal,zero,6,graph,50.0,50.0,0,0,1838,0.8691787719726562,0.0,0,702.0,708.0,714.0,0.0,0.0,,timeout,0.0,1000,10.0,10,10.0,10.0,5.0,0.0,0,0,0.0,False
random_regular_200_d10,2,200,1000,10.0,half_mean_deg,5.0,none,static,0.0,ideal,zero,7,graph,50.0,50.0,0,0,1682,0.8356373310089111,0.0,0,702.0,714.0,718.0,0.0,0.0,,timeout,0.0,1000,10.0,10,10.0,10.0,5.0,0.0,0,0,0.0,False
random_regular_200_d10,2,200,1000,10.0,half_mean_deg,5.0,none,static,0.0,ideal,zero,8,graph,50.0,50.0,0,0,1526,0.7597668170928955,0.0,0,706.0,720.0,722.0,0.0,0.0,,timeout,0.0,1000,10.0,10,10.0,10.0,5.0,0.0,0,0,0.0,False
random_regular_200_d10,2,200,1000,10.0,half_mean_deg,5.0,none,static,0.0,ideal,zero,9,graph,50.0,50.0,0,0,1802,0.9055511951446533,0.0,0,710.0,724.0,724.0,0.0,0.0,,timeout,0.0,1000,10.0,10,10.0,10.0,5.0,0.0,0,0,0.0,False
random_regular_200_d10,2,200,1000,10.0,half_mean_deg,5.0,none,random_rounding,0.0,ideal,zero,0,graph,50.0,50.0,0,0,1766,0.8798258304595947,0.0,0,706.0,710.0,712.0,0.0,0.0,,timeout,0.0,1000,10.0,10,10.0,10.0,5.0,0.0,0,0,0.0,False
random_regular_200_d10,2,200,1000,10.0,half_mean_deg,5.0,none,random_rounding,0.0,ideal,zero,1,graph,50.0,50.0,0,0,1610,0.8132336139678955,0.0,0,712.0,716.0,718.0,0.0,0.0,,timeout,0.0,1000,10.0,10,10.0,10.0,5.0,0.0,0,0,0.0,False
random_regular_200_d10,2,200,1000,10.0,half_mean_deg,5.0,none,random_rounding,0.0,ideal,zero,2,graph,50.0,50.0,0,0,1778,0.8690741062164307,0.0,0,714.0,714.0,716.0,0.0,0.0,,timeout,0.0,1000,10.0,10,10.0,10.0,5.0,0.0,0,0,0.0,False
random_regular_200_d10,2,200,1000,10.0,half_mean_deg,5.0,none,random_rounding,0.0,ideal,zero,3,graph,50.0,50.0,0,0,1562,0.7434589862823486,0.0,0,716.0,722.0,722.0,0.0,0.0,,timeout,0.0,1000,10.0,10,10.0,10.0,5.0,0.0,0,0,0.0,False
random_regular_200_d10,2,200,1000,10.0,half_mean_deg,5.0,none,random_rounding,0.0,ideal,zero,4,graph,50.0,50.0,0,0,1502,0.7164006233215332,0.0,0,708.0,714.0,716.0,0.0,0.0,,timeout,0.0,1000,10.0,10,10.0,10.0,5.0,0.0,0,0,0.0,False
random_regular_200_d10,2,200,1000,10.0,half_mean_deg,5.0,none,random_rounding,0.0,ideal,zero,5,graph,50.0,50.0,0,0,1766,0.8530755043029785,0.0,0,708.0,724.0,724.0,0.0,0.0,,timeout,0.0,1000,10.0,10,10.0,10.0,5.0,0.0,0,0,0.0,False
random_regular_200_d10,2,200,1000,10.0,half_mean_deg,5.0,none,random_rounding,0.0,ideal,zero,6,graph,50.0,50.0,0,0,1838,0.8823304176330566,0.0,0,702.0,708.0,714.0,0.0,0.0,,timeout,0.0,1000,10.0,10,10.0,10.0,5.0,0.0,0,0,0.0,False
random_regular_200_d10,2,200,1000,10.0,half_mean_deg,5.0,none,random_rounding,0.0,ideal,zero,7,graph,50.0,50.0,0,0,1682,0.8211514949798584,0.0,0,702.0,714.0,718.0,0.0,0.0,,timeout,0.0,1000,10.0,10,10.0,10.0,5.0,0.0,0,0,0.0,False
random_regular_200_d10,2,200,1000,10.0,half_mean_deg,5.0,none,random_rounding,0.0,ideal,zero,8,graph,50.0,50.0,0,0,1526,3.9308691024780273,0.0,0,706.0,720.0,722.0,0.0,0.0,,timeout,0.0,1000,10.0,10,10.0,10.0,5.0,0.0,0,0,0.0,False
random_regular_200_d10,2,200,1000,10.0,half_mean_deg,5.0,none,random_rounding,0.0,ideal,zero,9,graph,50.0,50.0,0,0,1802,0.8811233043670654,0.0,0,710.0,724.0,724.0,0.0,0.0,,timeout,0.0,1000,10.0,10,10.0,10.0,5.0,0.0,0,0,0.0,False
random_regular_200_d10,2,200,1000,10.0,half_mean_deg,5.0,none,greedy,0.0,ideal,zero,0,graph,50.0,50.0,0,0,0,0.0008215904235839844,0.0,0,696.0,696.0,696.0,0.0,0.0,,timeout,0.0,0,0.0,0,0.0,0.0,0.0,0.0,0,0,0.0,False
random_regular_200_d10,2,200,1000,10.0,half_mean_deg,5.0,none,greedy,0.0,ideal,zero,1,graph,50.0,50.0,0,0,0,0.0008609294891357422,0.0,0,680.0,680.0,680.0,0.0,0.0,,timeout,0.0,0,0.0,0,0.0,0.0,0.0,0.0,0,0,0.0,False
random_regular_200_d10,2,200,1000,10.0,half_mean_deg,5.0,none,greedy,0.0,ideal,zero,2,graph,50.0,50.0,0,0,0,0.0007221698760986328,0.0,0,686.0,686.0,686.0,0.0,0.0,,timeout,0.0,0,0.0,0,0.0,0.0,0.0,0.0,0,0,0.0,False
random_regular_200_d10,2,200,1000,10.0,half_mean_deg,5.0,none,greedy,0.0,ideal,zero,3,graph,50.0,50.0,0,0,0,0.0007560253143310547,0.0,0,690.0,690.0,690.0,0.0,0.0,,timeout,0.0,0,0.0,0,0.0,0.0,0.0,0.0,0,0,0.0,False
random_regular_200_d10,2,200,1000,10.0,half_mean_deg,5.0,none,greedy,0.0,ideal,zero,4,graph,50.0,50.0,0,0,0,0.0006663799285888672,0.0,0,664.0,664.0,664.0,0.0,0.0,,timeout,0.0,0,0.0,0,0.0,0.0,0.0,0.0,0,0,0.0,False
random_regular_200_d10,2,200,1000,10.0,half_mean_deg,5.0,none,greedy,0.0,ideal,zero,5,graph,50.0,50.0,0,0,0,0.0008130073547363281,0.0,0,678.0,678.0,678.0,0.0,0.0,,timeout,0.0,0,0.0,0,0.0,0.0,0.0,0.0,0,0,0.0,False
random_regular_200_d10,2,200,1000,10.0,half_mean_deg,5.0,none,greedy,0.0,ideal,zero,6,graph,50.0,50.0,0,0,0,0.0006575584411621094,0.0,0,678.0,678.0,678.0,0.0,0.0,,timeout,0.0,0,0.0,0,0.0,0.0,0.0,0.0,0,0,0.0,False
random_regular_200_d10,2,200,1000,10.0,half_mean_deg,5.0,none,greedy,0.0,ideal,zero,7,graph,50.0,50.0,0,0,0,0.0007419586181640625,0.0,0,672.0,672.0,672.0,0.0,0.0,,timeout,0.0,0,0.0,0,0.0,0.0,0.0,0.0,0,0,0.0,False
random_regular_200_d10,2,200,1000,10.0,half_mean_deg,5.0,none,greedy,0.0,ideal,zero,8,graph,50.0,50.0,0,0,0,0.0006504058837890625,0.0,0,670.0,670.0,670.0,0.0,0.0,,timeout,0.0,0,0.0,0,0.0,0.0,0.0,0.0,0,0,0.0,False
random_regular_200_d10,2,200,1000,10.0,half_mean_deg,5.0,none,greedy,0.0,ideal,zero,9,graph,50.0,50.0,0,0,0,0.0008482933044433594,0.0,0,692.0,692.0,692.0,0.0,0.0,,timeout,0.0,0,0.0,0,0.0,0.0,0.0,0.0,0,0,0.0,False
random_regular_200_d10,2,200,1000,10.0,half_mean_deg,5.0,none,static_projected,0.0,ideal,zero,0,graph,50.0,50.0,0,1,950,0.5302977561950684,0.0761861801147461,1,710.0,712.0,712.0,0.0,0.0,,timeout,0.0,1000,10.0,10,4.999999999999589,5.000000000000001,8.881784197001252e-16,0.0,0,0,0.0,False
random_regular_200_d10,2,200,1000,10.0,half_mean_deg,5.0,none,static_projected,0.0,ideal,zero,1,graph,50.0,50.0,0,1,938,0.5320169925689697,0.07951116561889648,1,702.0,714.0,714.0,0.0,0.0,,timeout,0.0,1000,10.0,10,4.999999999999589,5.000000000000001,8.881784197001252e-16,0.0,0,0,0.0,False
random_regular_200_d10,2,200,1000,10.0,half_mean_deg,5.0,none,static_projected,0.0,ideal,zero,2,graph,50.0,50.0,0,1,950,0.5441334247589111,0.07384753227233887,1,706.0,720.0,720.0,0.0,0.0,,timeout,0.0,1000,10.0,10,4.999999999999589,5.000000000000001,8.881784197001252e-16,0.0,0,0,0.0,False
random_regular_200_d10,2,200,1000,10.0,half_mean_deg,5.0,none,static_projected,0.0,ideal,zero,3,graph,50.0,50.0,0,1,998,0.5559301376342773,0.08065462112426758,1,716.0,722.0,722.0,0.0,0.0,,timeout,0.0,1000,10.0,10,4.999999999999589,5.000000000000001,8.881784197001252e-16,0.0,0,0,0.0,False
random_regular_200_d10,2,200,1000,10.0,half_mean_deg,5.0,none,static_projected,0.0,ideal,zero,4,graph,50.0,50.0,0,1,950,0.5510439872741699,0.08051109313964844,1,706.0,710.0,712.0,0.0,0.0,,timeout,0.0,1000,10.0,10,4.999999999999589,5.000000000000001,8.881784197001252e-16,0.0,0,0,0.0,False
random_regular_200_d10,2,200,1000,10.0,half_mean_deg,5.0,none,static_projected,0.0,ideal,zero,5,graph,50.0,50.0,0,1,998,0.5817105770111084,0.07496333122253418,1,704.0,716.0,716.0,0.0,0.0,,timeout,0.0,1000,10.0,10,4.999999999999589,5.000000000000001,8.881784197001252e-16,0.0,0,0,0.0,False
random_regular_200_d10,2,200,1000,10.0,half_mean_deg,5.0,none,static_projected,0.0,ideal,zero,6,graph,50.0,50.0,0,1,1046,0.6207003593444824,0.08528351783752441,1,698.0,708.0,712.0,0.0,0.0,,timeout,0.0,1000,10.0,10,4.999999999999589,5.000000000000001,8.881784197001252e-16,0.0,0,0,0.0,False
random_regular_200_d10,2,200,1000,10.0,half_mean_deg,5.0,none,static_projected,0.0,ideal,zero,7,graph,50.0,50.0,0,1,950,0.5658631324768066,0.08410024642944336,1,702.0,712.0,714.0,0.0,0.0,,timeout,0.0,1000,10.0,10,4.999999999999589,5.000000000000001,8.881784197001252e-16,0.0,0,0,0.0,False
random_regular_200_d10,2,200,1000,10.0,half_mean_deg,5.0,none,static_projected,0.0,ideal,zero,8,graph,50.0,50.0,0,1,950,0.5701339244842529,0.08481597900390625,1,708.0,718.0,720.0,0.0,0.0,,timeout,0.0,1000,10.0,10,4.999999999999589,5.000000000000001,8.881784197001252e-16,0.0,0,0,0.0,False
random_regular_200_d10,2,200,1000,10.0,half_mean_deg,5.0,none,static_projected,0.0,ideal,zero,9,graph,50.0,50.0,0,1,962,0.5664570331573486,0.08258724212646484,1,698.0,708.0,712.0,0.0,0.0,,timeout,0.0,1000,10.0,10,4.999999999999589,5.000000000000001,8.881784197001252e-16,0.0,0,0,0.0,False
random_regular_200_d10,2,200,1000,10.0,half_mean_deg,5.0,none,static_budgeted,0.0,ideal,zero,0,graph,50.0,50.0,0,1,1190,0.6730589866638184,0.07967019081115723,1,692.0,692.0,716.0,0.0,0.0,,timeout,0.0,753,7.53,10,4.94352451749127,5.000000000000981,9.814371537686384e-13,0.0,0,0,0.0,False
random_regular_200_d10,2,200,1000,10.0,half_mean_deg,5.0,none,static_budgeted,0.0,ideal,zero,1,graph,50.0,50.0,0,1,1034,0.6322677135467529,0.09151721000671387,1,686.0,688.0,700.0,0.0,0.0,,timeout,0.0,755,7.55,10,4.936431728262253,5.000000000000001,8.881784197001252e-16,0.0,0,0,0.0,False
random_regular_200_d10,2,200,1000,10.0,half_mean_deg,5.0,none,static_budgeted,0.0,ideal,zero,2,graph,50.0,50.0,0,1,1166,0.6977038383483887,0.08816170692443848,1,678.0,688.0,706.0,0.0,0.0,,timeout,0.0,751,7.51,10,4.949954091873629,5.000000000000001,8.881784197001252e-16,0.0,0,0,0.0,False
random_regular_200_d10,2,200,1000,10.0,half_mean_deg,5.0,none,static_budgeted,0.0,ideal,zero,3,graph,50.0,50.0,0,1,1034,0.5938811302185059,0.08955526351928711,1,682.0,682.0,694.0,0.0,0.0,,timeout,0.0,746,7.46,10,4.944639765691312,5.000000000000001,8.881784197001252e-16,0.0,0,0,0.0,False
random_regular_200_d10,2,200,1000,10.0,half_mean_deg,5.0,none,static_budgeted,0.0,ideal,zero,4,graph,50.0,50.0,0,1,1070,0.6238605976104736,0.08878350257873535,1,680.0,694.0,700.0,0.0,0.0,,timeout,0.0,759,7.59,10,4.941157357684705,5.000000000000002,1.7763568394002505e-15,0.0,0,0,0.0,False
random_regular_200_d10,2,200,1000,10.0,half_mean_deg,5.0,none,static_budgeted,0.0,ideal,zero,5,graph,50.0,50.0,0,1,1058,0.5567002296447754,0.07312655448913574,1,682.0,690.0,698.0,0.0,0.0,,timeout,0.0,743,7.43,10,4.939000736351264,5.000000000000001,8.881784197001252e-16,0.0,0,0,0.0,False
random_regular_200_d10,2,200,1000,10.0,half_mean_deg,5.0,none,static_budgeted,0.0,ideal,zero,6,graph,50.0,50.0,0,1,1094,0.5993328094482422,0.07257533073425293,1,682.0,686.0,700.0,0.0,0.0,,timeout,0.0,762,7.62,10,4.936174518683571,5.000000000000002,1.7763568394002505e-15,0.0,0,0,0.0,False
random_regular_200_d10,2,200,1000,10.0,half_mean_deg,5.0,none,static_budgeted,0.0,ideal,zero,7,graph,50.0,50.0,0,1,1106,0.6028883457183838,0.07112383842468262,1,688.0,688.0,704.0,0.0,0.0,,timeout,0.0,746,7.46,10,4.9234207664292695,5.000000000000575,5.74651437545981e-13,0.0,0,0,0.0,False
random_regular_200_d10,2,200,1000,10.0,half_mean_deg,5.0,none,static_budgeted,0.0,ideal,zero,8,graph,50.0,50.0,0,1,1046,0.555417537689209,0.07686996459960938,1,684.0,696.0,706.0,0.0,0.0,,timeout,0.0,747,7.47,10,4.91826147438612,5.000000000000498,4.982680934517703e-13,0.0,0,0,0.0,False
random_regular_200_d10,2,200,1000,10.0,half_mean_deg,5.0,none,static_budgeted,0.0,ideal,zero,9,graph,50.0,50.0,0,1,1118,0.5822913646697998,0.0700685977935791,1,666.0,694.0,698.0,0.0,0.0,,timeout,0.0,751,7.51,10,4.935845821463053,5.000000000000001,8.881784197001252e-16,0.0,0,0,0.0,False
random_regular_200_d10,2,200,1000,10.0,half_mean_deg,5.0,none,random_budgeted,0.0,ideal,zero,0,graph,50.0,50.0,0,1,962,0.4941110610961914,0.0332331657409668,1,696.0,696.0,700.0,0.0,0.0,,timeout,0.0,1000,10.0,10,4.563454174896864,5.000000000000492,4.920508445138694e-13,0.0,0,0,0.0,False
random_regular_200_d10,2,200,1000,10.0,half_mean_deg,5.0,none,random_budgeted,0.0,ideal,zero,1,graph,50.0,50.0,0,1,962,0.5108356475830078,0.029734373092651367,1,672.0,696.0,702.0,0.0,0.0,,timeout,0.0,999,9.99,10,4.572890658402824,5.00000000000048,4.796163466380676e-13,0.0,0,0,0.0,False
random_regular_200_d10,2,200,1000,10.0,half_mean_deg,5.0,none,random_budgeted,0.0,ideal,zero,2,graph,50.0,50.0,0,1,962,0.5064573287963867,0.03770613670349121,1,696.0,704.0,708.0,0.0,0.0,,timeout,0.0,1000,10.0,10,4.653609847057598,5.000000000000259,2.5934809855243657e-13,0.0,0,0,0.0,False
random_regular_200_d10,2,200,1000,10.0,half_mean_deg,5.0,none,random_budgeted,0.0,ideal,zero,3,graph,50.0,50.0,0,1,1058,0.5498225688934326,0.02878427505493164,1,688.0,706.0,718.0,0.0,0.0,,timeout,0.0,1000,10.0,10,4.650398130545109,5.000000000000002,1.7763568394002505e-15,0.0,0,0,0.0,False
random_regular_200_d10,2,200,1000,10.0,half_mean_deg,5.0,none,random_budgeted,0.0,ideal,zero,4,graph,50.0,50.0,0,1,902,0.45810723304748535,0.03929710388183594,1,690.0,704.0,712.0,0.0,0.0,,timeout,0.0,998,9.98,10,4.591011550243027,5.00000000000051,5.098144129078719e-13,0.0,0,0,0.0,False
random_regular_200_d10,2,200,1000,10.0,half_mean_deg,5.0,none,random_budgeted,0.0,ideal,zero,5,graph,50.0,50.0,0,1,938,0.4713404178619385,0.04474472999572754,1,692.0,706.0,716.0,0.0,0.0,,timeout,0.0,999,9.99,10,4.656821212267942,5.000000000000426,4.263256414560601e-13,0.0,0,0,0.0,False
random_regular_200_d10,2,200,1000,10.0,half_mean_deg,5.0,none,random_budgeted,0.0,ideal,zero,6,graph,50.0,50.0,0,1,1070,0.5181372165679932,0.03115224838256836,1,706.0,706.0,714.0,0.0,0.0,,timeout,0.0,998,9.98,10,4.684386321722407,5.000000000000001,8.881784197001252e-16,0.0,0,0,0.0,False
random_regular_200_d10,2,200,1000,10.0,half_mean_deg,5.0,none,random_budgeted,0.0,ideal,zero,7,graph,50.0,50.0,0,1,950,0.4873659610748291,0.03580474853515625,1,670.0,696.0,708.0,0.0,0.0,,timeout,0.0,998,9.98,10,4.628704133694741,5.000000000000275,2.753353101070388e-13,0.0,0,0,0.0,False
random_regular_200_d10,2,200,1000,10.0,half_mean_deg,5.0,none,random_budgeted,0.0,ideal,zero,8,graph,50.0,50.0,0,1,854,0.43488073348999023,0.041528940200805664,1,686.0,712.0,722.0,0.0,0.0,,timeout,0.0,999,9.99,10,4.623817456130414,5.000000000000295,2.948752353404416e-13,0.0,0,0,0.0,False
random_regular_200_d10,2,200,1000,10.0,half_mean_deg,5.0,none,random_budgeted,0.0,ideal,zero,9,graph,50.0,50.0,0,1,962,0.4890153408050537,0.04055643081665039,1,686.0,698.0,704.0,0.0,0.0,,timeout,0.0,999,9.99,10,4.588674461315011,5.000000000000578,5.782041512247815e-13,0.0,0,0,0.0,False
random_regular_200_d10,2,200,1000,10.0,half_mean_deg,5.0,none,learned_support_random_weights,0.0,ideal,zero,0,hebbian_seed0,50.0,50.0,0,1,974,0.38796043395996094,0.004583120346069336,1,628.0,628.0,670.0,0.0,0.0,,timeout,0.0,628,6.28,10,3.0658595879044865,5.0,0.0,0.0,0,0,0.0,False
random_regular_200_d10,2,200,1000,10.0,half_mean_deg,5.0,none,learned_support_random_weights,0.0,ideal,zero,1,hebbian_seed0,50.0,50.0,0,1,866,0.35114359855651855,0.01621270179748535,1,628.0,628.0,670.0,0.0,0.0,,timeout,0.0,628,6.28,10,3.0412488450597177,5.0,0.0,0.0,0,0,0.0,False
random_regular_200_d10,2,200,1000,10.0,half_mean_deg,5.0,none,learned_support_random_weights,0.0,ideal,zero,2,hebbian_seed0,50.0,50.0,0,1,950,0.3923318386077881,0.01070261001586914,1,628.0,628.0,670.0,0.0,0.0,,timeout,0.0,628,6.28,10,3.110352086955425,5.000000000000001,8.881784197001252e-16,0.0,0,0,0.0,False
random_regular_200_d10,2,200,1000,10.0,half_mean_deg,5.0,none,learned_support_random_weights,0.0,ideal,zero,3,hebbian_seed0,50.0,50.0,0,1,998,0.41904377937316895,0.014734983444213867,1,628.0,628.0,670.0,0.0,0.0,,timeout,0.0,628,6.28,10,3.1322254733863115,5.0,0.0,0.0,0,0,0.0,False
random_regular_200_d10,2,200,1000,10.0,half_mean_deg,5.0,none,learned_support_random_weights,0.0,ideal,zero,4,hebbian_seed0,50.0,50.0,0,1,998,0.4239778518676758,0.0031647682189941406,1,628.0,628.0,670.0,0.0,0.0,,timeout,0.0,628,6.28,10,3.0926157880144602,5.000000000000001,8.881784197001252e-16,0.0,0,0,0.0,False
random_regular_200_d10,2,200,1000,10.0,half_mean_deg,5.0,none,learned_support_random_weights,0.0,ideal,zero,5,hebbian_seed0,50.0,50.0,0,1,962,0.39008212089538574,0.0046842098236083984,1,628.0,628.0,670.0,0.0,0.0,,timeout,0.0,628,6.28,10,3.071982448620862,5.000000000000001,8.881784197001252e-16,0.0,0,0,0.0,False
random_regular_200_d10,2,200,1000,10.0,half_mean_deg,5.0,none,learned_support_random_weights,0.0,ideal,zero,6,hebbian_seed0,50.0,50.0,0,1,998,0.40014123916625977,0.003178119659423828,1,628.0,628.0,670.0,0.0,0.0,,timeout,0.0,627,6.27,10,3.2199785330598423,5.000000000000002,1.7763568394002505e-15,0.0,0,0,0.0,False
random_regular_200_d10,2,200,1000,10.0,half_mean_deg,5.0,none,learned_support_random_weights,0.0,ideal,zero,7,hebbian_seed0,50.0,50.0,0,1,950,0.38558101654052734,0.004736185073852539,1,628.0,628.0,670.0,0.0,0.0,,timeout,0.0,628,6.28,10,3.1254736019160823,5.0,0.0,0.0,0,0,0.0,False
random_regular_200_d10,2,200,1000,10.0,half_mean_deg,5.0,none,learned_support_random_weights,0.0,ideal,zero,8,hebbian_seed0,50.0,50.0,0,1,1058,0.44068026542663574,0.009685516357421875,1,628.0,628.0,670.0,0.0,0.0,,timeout,0.0,628,6.28,10,3.075537619179853,5.0,0.0,0.0,0,0,0.0,False
random_regular_200_d10,2,200,1000,10.0,half_mean_deg,5.0,none,learned_support_random_weights,0.0,ideal,zero,9,hebbian_seed0,50.0,50.0,0,1,938,0.370589017868042,0.005141258239746094,1,628.0,628.0,670.0,0.0,0.0,,timeout,0.0,628,6.28,10,3.0724277453887576,5.0,0.0,0.0,0,0,0.0,False
random_regular_200_d10,2,200,1000,10.0,half_mean_deg,5.0,none,topology_scrambled,0.0,ideal,zero,0,graph,50.0,50.0,100,101,2888,90.98810696601868,89.65366244316101,101,522.0,536.0,668.0,0.0,0.0,,timeout,0.0,585,5.85,10,4.974999985933973,5.000000000000002,1.7763568394002505e-15,0.0,0,0,-470.4929941092461,False
random_regular_200_d10,2,200,1000,10.0,half_mean_deg,5.0,none,topology_scrambled,0.0,ideal,zero,1,graph,50.0,50.0,100,101,3524,87.71139121055603,86.1604495048523,101,484.0,504.0,680.0,0.0,0.0,,timeout,0.0,546,5.46,9,4.9749826870026235,5.000000000000001,8.881784197001252e-16,0.0,0,0,-468.38734256474555,False
random_regular_200_d10,2,200,1000,10.0,half_mean_deg,5.0,none,topology_scrambled,0.0,ideal,zero,2,graph,50.0,50.0,100,101,3260,33.80357527732849,32.36000370979309,101,518.0,528.0,664.0,0.0,0.0,,timeout,0.0,512,5.12,10,5.0,5.000000000000002,1.7763568394002505e-15,0.0,0,0,-467.4788778842053,False
random_regular_200_d10,2,200,1000,10.0,half_mean_deg,5.0,none,topology_scrambled,0.0,ideal,zero,3,graph,50.0,50.0,100,101,3140,78.6507613658905,77.21083045005798,101,536.0,536.0,678.0,0.0,0.0,,timeout,0.0,561,5.61,10,4.999999999999735,5.000000000000001,8.881784197001252e-16,0.0,0,0,-471.43877459636224,False
random_regular_200_d10,2,200,1000,10.0,half_mean_deg,5.0,none,topology_scrambled,0.0,ideal,zero,4,graph,50.0,50.0,100,101,3308,36.995214223861694,35.457587003707886,101,506.0,506.0,662.0,0.0,0.0,,timeout,0.0,596,5.96,10,4.999999999999997,5.0000000000000595,5.950795411990839e-14,0.0,0,0,-474.8977040056899,False
random_regular_200_d10,2,200,1000,10.0,half_mean_deg,5.0,none,topology_scrambled,0.0,ideal,zero,5,graph,50.0,50.0,100,101,3260,65.12275266647339,63.60767102241516,101,518.0,518.0,676.0,0.0,0.0,,timeout,0.0,576,5.76,10,4.999999999999985,5.000000000000768,7.682743330406083e-13,0.0,0,0,-474.0006072260265,False
random_regular_200_d10,2,200,1000,10.0,half_mean_deg,5.0,none,topology_scrambled,0.0,ideal,zero,6,graph,50.0,50.0,100,101,3452,91.06963634490967,89.3929214477539,101,520.0,528.0,672.0,0.0,0.0,,timeout,0.0,530,5.3,9,4.999798820880074,5.000000000000001,8.881784197001252e-16,0.0,0,0,-468.00438478024716,False
random_regular_200_d10,2,200,1000,10.0,half_mean_deg,5.0,none,topology_scrambled,0.0,ideal,zero,7,graph,50.0,50.0,100,101,2972,49.88061189651489,48.538408041000366,101,540.0,540.0,676.0,0.0,0.0,,timeout,0.0,590,5.9,9,5.0,5.000000000000019,1.865174681370263e-14,0.0,0,0,-475.53463246242814,False
random_regular_200_d10,2,200,1000,10.0,half_mean_deg,5.0,none,topology_scrambled,0.0,ideal,zero,8,graph,50.0,50.0,100,101,3392,87.45960569381714,85.76328897476196,101,518.0,526.0,674.0,0.0,0.0,,timeout,0.0,465,4.65,8,4.999994019448462,5.000000000000002,1.7763568394002505e-15,0.0,0,0,-461.4725616609596,False
random_regular_200_d10,2,200,1000,10.0,half_mean_deg,5.0,none,topology_scrambled,0.0,ideal,zero,9,graph,50.0,50.0,100,101,3332,65.57754230499268,64.029949426651,101,500.0,500.0,676.0,0.0,0.0,,timeout,0.0,583,5.83,9,4.999999999999701,5.000000000000001,8.881784197001252e-16,0.0,0,0,-474.18087385645606,False
random_regular_200_d10,2,200,1000,10.0,half_mean_deg,5.0,sinkhorn,hebbian_sinkhorn,0.0,ideal,zero,0,graph,50.0,50.0,100,100,4568,2.329242706298828,0.0,0,656.0,656.0,680.0,0.0,0.0,,timeout,0.0,656,6.56,10,4.7679261186077095,5.000000000000002,1.7763568394002505e-15,0.0,0,0,-458.30809123825696,False
random_regular_200_d10,2,200,1000,10.0,half_mean_deg,5.0,sinkhorn,hebbian_sinkhorn,0.0,ideal,zero,1,graph,50.0,50.0,100,100,4316,2.134066581726074,0.0,0,632.0,632.0,666.0,0.0,0.0,,timeout,0.0,632,6.32,9,4.785566491599337,5.000000000000001,8.881784197001252e-16,0.0,0,0,-459.48080718044133,False
random_regular_200_d10,2,200,1000,10.0,half_mean_deg,5.0,sinkhorn,hebbian_sinkhorn,0.0,ideal,zero,2,graph,50.0,50.0,100,100,4352,2.1615452766418457,0.0,0,634.0,634.0,678.0,0.0,0.0,,timeout,0.0,634,6.34,9,4.800159199443856,5.000000000000001,8.881784197001252e-16,0.0,0,0,-460.78184239672623,False
random_regular_200_d10,2,200,1000,10.0,half_mean_deg,5.0,sinkhorn,hebbian_sinkhorn,0.0,ideal,zero,3,graph,50.0,50.0,100,100,4352,2.1253223419189453,0.0,0,634.0,634.0,676.0,0.0,0.0,,timeout,0.0,634,6.34,9,4.7734593143867885,5.000000000000001,8.881784197001252e-16,0.0,0,0,-458.21770893443966,False
random_regular_200_d10,2,200,1000,10.0,half_mean_deg,5.0,sinkhorn,hebbian_sinkhorn,0.0,ideal,zero,4,graph,50.0,50.0,100,100,4376,2.1536991596221924,0.0,0,642.0,642.0,664.0,0.0,0.0,,timeout,0.0,642,6.42,10,4.783018484678196,5.000000000000002,1.7763568394002505e-15,0.0,0,0,-459.64564011395925,False
random_regular_200_d10,2,200,1000,10.0,half_mean_deg,5.0,sinkhorn,hebbian_sinkhorn,0.0,ideal,zero,5,graph,50.0,50.0,100,100,4448,2.160109043121338,0.0,0,640.0,640.0,674.0,0.0,0.0,,timeout,0.0,640,6.4,10,4.808423176761853,5.000000000000001,8.881784197001252e-16,0.0,0,0,-461.73342218633326,False
random_regular_200_d10,2,200,1000,10.0,half_mean_deg,5.0,sinkhorn,hebbian_sinkhorn,0.0,ideal,zero,6,graph,50.0,50.0,100,100,4364,2.1391263008117676,0.0,0,620.0,620.0,658.0,0.0,0.0,,timeout,0.0,620,6.2,10,4.778472796217978,5.000000000000001,8.881784197001252e-16,0.0,0,0,-458.26653514689235,False
random_regular_200_d10,2,200,1000,10.0,half_mean_deg,5.0,sinkhorn,hebbian_sinkhorn,0.0,ideal,zero,7,graph,50.0,50.0,100,100,4412,5.285748481750488,0.0,0,634.0,634.0,690.0,0.0,0.0,,timeout,0.0,634,6.34,9,4.743141194330517,5.000000000000001,8.881784197001252e-16,0.0,0,0,-455.49219005322897,False
random_regular_200_d10,2,200,1000,10.0,half_mean_deg,5.0,sinkhorn,hebbian_sinkhorn,0.0,ideal,zero,8,graph,50.0,50.0,100,100,4448,2.225543260574341,0.0,0,648.0,648.0,688.0,0.0,0.0,,timeout,0.0,648,6.48,10,4.7983396378512655,5.000000000000002,1.7763568394002505e-15,0.0,0,0,-460.9830603455209,False
random_regular_200_d10,2,200,1000,10.0,half_mean_deg,5.0,sinkhorn,hebbian_sinkhorn,0.0,ideal,zero,9,graph,50.0,50.0,100,100,4244,2.180021047592163,0.0,0,640.0,640.0,666.0,0.0,0.0,,timeout,0.0,640,6.4,9,4.834229137388016,5.000000000000001,8.881784197001252e-16,0.0,0,6,-464.33009255263136,False
random_regular_200_d10,2,200,1000,10.0,half_mean_deg,5.0,sinkhorn,hybrid_sinkhorn,0.0,ideal,zero,0,graph,50.0,50.0,100,100,5578,2.5009067058563232,0.0,0,656.0,656.0,680.0,0.0,0.0,,timeout,0.0,656,6.56,10,4.7679261186077095,5.000000000000002,1.7763568394002505e-15,0.0,0,0,-458.30809123825696,False
random_regular_200_d10,2,200,1000,10.0,half_mean_deg,5.0,sinkhorn,hybrid_sinkhorn,0.0,ideal,zero,1,graph,50.0,50.0,100,100,5326,2.5352954864501953,0.0,0,632.0,632.0,666.0,0.0,0.0,,timeout,0.0,632,6.32,9,4.785566491599337,5.000000000000001,8.881784197001252e-16,0.0,0,0,-459.48080718044133,False
random_regular_200_d10,2,200,1000,10.0,half_mean_deg,5.0,sinkhorn,hybrid_sinkhorn,0.0,ideal,zero,2,graph,50.0,50.0,100,100,5350,2.569488286972046,0.0,0,634.0,634.0,678.0,0.0,0.0,,timeout,0.0,634,6.34,9,4.800159199443856,5.000000000000001,8.881784197001252e-16,0.0,0,0,-460.78184239672623,False
random_regular_200_d10,2,200,1000,10.0,half_mean_deg,5.0,sinkhorn,hybrid_sinkhorn,0.0,ideal,zero,3,graph,50.0,50.0,100,100,5362,2.4509193897247314,0.0,0,634.0,634.0,676.0,0.0,0.0,,timeout,0.0,634,6.34,9,4.7734593143867885,5.000000000000001,8.881784197001252e-16,0.0,0,0,-458.21770893443966,False
random_regular_200_d10,2,200,1000,10.0,half_mean_deg,5.0,sinkhorn,hybrid_sinkhorn,0.0,ideal,zero,4,graph,50.0,50.0,100,100,5374,2.548785448074341,0.0,0,642.0,642.0,664.0,0.0,0.0,,timeout,0.0,642,6.42,10,4.783018484678196,5.000000000000002,1.7763568394002505e-15,0.0,0,0,-459.64564011395925,False
random_regular_200_d10,2,200,1000,10.0,half_mean_deg,5.0,sinkhorn,hybrid_sinkhorn,0.0,ideal,zero,5,graph,50.0,50.0,100,100,5446,2.637768507003784,0.0,0,640.0,640.0,674.0,0.0,0.0,,timeout,0.0,640,6.4,10,4.808423176761853,5.000000000000001,8.881784197001252e-16,0.0,0,0,-461.73342218633326,False
random_regular_200_d10,2,200,1000,10.0,half_mean_deg,5.0,sinkhorn,hybrid_sinkhorn,0.0,ideal,zero,6,graph,50.0,50.0,100,100,5374,2.6254444122314453,0.0,0,620.0,620.0,658.0,0.0,0.0,,timeout,0.0,620,6.2,10,4.778472796217978,5.000000000000001,8.881784197001252e-16,0.0,0,0,-458.26653514689235,False
random_regular_200_d10,2,200,1000,10.0,half_mean_deg,5.0,sinkhorn,hybrid_sinkhorn,0.0,ideal,zero,7,graph,50.0,50.0,100,100,5410,2.481874704360962,0.0,0,634.0,634.0,690.0,0.0,0.0,,timeout,0.0,634,6.34,9,4.743141194330517,5.000000000000001,8.881784197001252e-16,0.0,0,0,-455.49219005322897,False
random_regular_200_d10,2,200,1000,10.0,half_mean_deg,5.0,sinkhorn,hybrid_sinkhorn,0.0,ideal,zero,8,graph,50.0,50.0,100,100,5458,2.4741504192352295,0.0,0,648.0,648.0,688.0,0.0,0.0,,timeout,0.0,648,6.48,10,4.7983396378512655,5.000000000000002,1.7763568394002505e-15,0.0,0,0,-460.9830603455209,False
random_regular_200_d10,2,200,1000,10.0,half_mean_deg,5.0,sinkhorn,hybrid_sinkhorn,0.0,ideal,zero,9,graph,50.0,50.0,100,100,5218,5.572483539581299,0.0,0,640.0,640.0,666.0,0.0,0.0,,timeout,0.0,640,6.4,9,4.834229137388016,5.000000000000001,8.881784197001252e-16,0.0,0,6,-464.33009255263136,False
random_regular_200_d10,2,200,1000,10.0,half_mean_deg,5.0,frobenius,hebbian_frobenius,0.0,ideal,zero,0,graph,50.0,50.0,100,101,2996,67.59272575378418,66.2293484210968,101,650.0,650.0,678.0,0.0,0.0,,timeout,0.0,650,6.5,10,4.9999999999998765,5.000000000000002,1.7763568394002505e-15,0.0,0,0,-477.76169961268874,True
random_regular_200_d10,2,200,1000,10.0,half_mean_deg,5.0,frobenius,hebbian_frobenius,0.0,ideal,zero,1,graph,50.0,50.0,100,101,3896,21.156409978866577,19.619195699691772,101,616.0,616.0,652.0,0.0,0.0,,timeout,0.0,616,6.16,10,5.0,5.000000000000002,1.7763568394002505e-15,0.0,0,0,-477.46985436443873,True
random_regular_200_d10,2,200,1000,10.0,half_mean_deg,5.0,frobenius,hebbian_frobenius,0.0,ideal,zero,2,graph,50.0,50.0,100,101,3272,87.58358144760132,86.11227893829346,101,626.0,636.0,678.0,0.0,0.0,,timeout,0.0,605,6.05,9,4.999998029538177,5.000000000000001,8.881784197001252e-16,0.0,0,0,-471.86492351464426,True
random_regular_200_d10,2,200,1000,10.0,half_mean_deg,5.0,frobenius,hebbian_frobenius,0.0,ideal,zero,3,graph,50.0,50.0,100,101,3296,28.486459493637085,27.13065242767334,101,622.0,622.0,676.0,0.0,0.0,,timeout,0.0,621,6.21,10,5.0,5.000000000000002,1.7763568394002505e-15,0.0,0,0,-476.86563532968324,True
random_regular_200_d10,2,200,1000,10.0,half_mean_deg,5.0,frobenius,hebbian_frobenius,0.0,ideal,zero,4,graph,50.0,50.0,100,101,3332,33.777185916900635,32.371482849121094,101,628.0,628.0,662.0,0.0,0.0,,timeout,0.0,628,6.28,9,5.0,5.000000000000002,1.7763568394002505e-15,0.0,0,0,-477.9028763275914,True
random_regular_200_d10,2,200,1000,10.0,half_mean_deg,5.0,frobenius,hebbian_frobenius,0.0,ideal,zero,5,graph,50.0,50.0,100,101,3272,79.25481271743774,77.72082018852234,101,640.0,640.0,680.0,0.0,0.0,,timeout,0.0,577,5.77,9,4.999999999999935,5.000000000000001,8.881784197001252e-16,0.0,0,0,-467.41831621509846,True
random_regular_200_d10,2,200,1000,10.0,half_mean_deg,5.0,frobenius,hebbian_frobenius,0.0,ideal,zero,6,graph,50.0,50.0,100,101,3332,82.99612641334534,79.71673798561096,101,626.0,626.0,672.0,0.0,0.0,,timeout,0.0,594,5.94,9,4.999999999999749,5.000000000000001,8.881784197001252e-16,0.0,0,0,-472.0736618253284,True
random_regular_200_d10,2,200,1000,10.0,half_mean_deg,5.0,frobenius,hebbian_frobenius,0.0,ideal,zero,7,graph,50.0,50.0,100,101,3584,29.405184745788574,24.768857955932617,101,624.0,624.0,680.0,0.0,0.0,,timeout,0.0,624,6.24,9,5.0,5.000000000000002,1.7763568394002505e-15,0.0,0,0,-477.1682743695428,True
random_regular_200_d10,2,200,1000,10.0,half_mean_deg,5.0,frobenius,hebbian_frobenius,0.0,ideal,zero,8,graph,50.0,50.0,100,101,2888,55.07556867599487,53.76463079452515,101,650.0,650.0,674.0,0.0,0.0,,timeout,0.0,650,6.5,9,4.999999999999927,5.000000000000155,1.5543122344752192e-13,0.0,0,0,-478.4455290392385,True
random_regular_200_d10,2,200,1000,10.0,half_mean_deg,5.0,frobenius,hebbian_frobenius,0.0,ideal,zero,9,graph,50.0,50.0,100,101,2996,50.4746470451355,49.10493302345276,101,622.0,622.0,684.0,0.0,0.0,,timeout,0.0,622,6.22,10,5.0,5.0000000000000036,3.552713678800501e-15,0.0,0,0,-477.37642728210903,True
random_regular_200_d10,2,200,1000,10.0,half_mean_deg,5.0,frobenius,hybrid_frobenius,0.0,ideal,zero,0,graph,50.0,50.0,100,101,3958,64.99015069007874,63.395451068878174,101,650.0,650.0,678.0,0.0,0.0,,timeout,0.0,650,6.5,10,4.9999999999998765,5.000000000000002,1.7763568394002505e-15,0.0,0,0,-477.76169961268874,True
random_regular_200_d10,2,200,1000,10.0,half_mean_deg,5.0,frobenius,hybrid_frobenius,0.0,ideal,zero,1,graph,50.0,50.0,100,101,4942,21.15179991722107,19.28182816505432,101,616.0,616.0,652.0,0.0,0.0,,timeout,0.0,616,6.16,10,5.0,5.000000000000002,1.7763568394002505e-15,0.0,0,0,-477.46985436443873,True
random_regular_200_d10,2,200,1000,10.0,half_mean_deg,5.0,frobenius,hybrid_frobenius,0.0,ideal,zero,2,graph,50.0,50.0,100,101,4258,88.63198828697205,86.80797004699707,101,626.0,636.0,678.0,0.0,0.0,,timeout,0.0,605,6.05,9,4.999998029538177,5.000000000000001,8.881784197001252e-16,0.0,0,0,-471.86492351464426,True
random_regular_200_d10,2,200,1000,10.0,half_mean_deg,5.0,frobenius,hybrid_frobenius,0.0,ideal,zero,3,graph,50.0,50.0,100,101,4330,29.191910982131958,27.450888633728027,101,622.0,622.0,676.0,0.0,0.0,,timeout,0.0,621,6.21,10,5.0,5.000000000000002,1.7763568394002505e-15,0.0,0,0,-476.86563532968324,True
random_regular_200_d10,2,200,1000,10.0,half_mean_deg,5.0,frobenius,hybrid_frobenius,0.0,ideal,zero,4,graph,50.0,50.0,100,101,4366,35.44800281524658,33.63392186164856,101,628.0,628.0,662.0,0.0,0.0,,timeout,0.0,628,6.28,9,5.0,5.000000000000002,1.7763568394002505e-15,0.0,0,0,-477.9028763275914,True
random_regular_200_d10,2,200,1000,10.0,half_mean_deg,5.0,frobenius,hybrid_frobenius,0.0,ideal,zero,5,graph,50.0,50.0,100,101,4270,81.80795049667358,79.864248752594,101,634.0,634.0,682.0,0.0,0.0,,timeout,0.0,577,5.77,9,4.999999999999935,5.000000000000001,8.881784197001252e-16,0.0,0,0,-467.41831621509846,True
random_regular_200_d10,2,200,1000,10.0,half_mean_deg,5.0,frobenius,hybrid_frobenius,0.0,ideal,zero,6,graph,50.0,50.0,100,101,4330,84.0874674320221,82.26766228675842,101,626.0,626.0,672.0,0.0,0.0,,timeout,0.0,594,5.94,9,4.999999999999749,5.000000000000001,8.881784197001252e-16,0.0,0,0,-472.0736618253284,True
random_regular_200_d10,2,200,1000,10.0,half_mean_deg,5.0,frobenius,hybrid_frobenius,0.0,ideal,zero,7,graph,50.0,50.0,100,101,4618,30.78598642349243,28.915330171585083,101,624.0,624.0,680.0,0.0,0.0,,timeout,0.0,624,6.24,9,5.0,5.000000000000002,1.7763568394002505e-15,0.0,0,0,-477.1682743695428,True
random_regular_200_d10,2,200,1000,10.0,half_mean_deg,5.0,frobenius,hybrid_frobenius,0.0,ideal,zero,8,graph,50.0,50.0,100,101,3850,59.56865930557251,57.921247243881226,101,650.0,650.0,674.0,0.0,0.0,,timeout,0.0,650,6.5,9,4.999999999999927,5.000000000000155,1.5543122344752192e-13,0.0,0,0,-478.4455290392385,True
random_regular_200_d10,2,200,1000,10.0,half_mean_deg,5.0,frobenius,hybrid_frobenius,0.0,ideal,zero,9,graph,50.0,50.0,100,101,3982,47.46606230735779,45.76584839820862,101,622.0,622.0,684.0,0.0,0.0,,timeout,0.0,622,6.22,10,5.0,5.0000000000000036,3.552713678800501e-15,0.0,0,0,-477.37642728210903,True
random_regular_200_d10,2,200,1000,10.0,mean_deg,10.0,none,static,0.0,ideal,zero,0,graph,50.0,50.0,0,0,1766,0.8523173332214355,0.0,0,706.0,710.0,712.0,0.0,0.0,,timeout,0.0,1000,10.0,10,10.0,10.0,0.0,0.0,0,0,0.0,False
random_regular_200_d10,2,200,1000,10.0,mean_deg,10.0,none,static,0.0,ideal,zero,1,graph,50.0,50.0,0,0,1610,0.7835931777954102,0.0,0,712.0,716.0,718.0,0.0,0.0,,timeout,0.0,1000,10.0,10,10.0,10.0,0.0,0.0,0,0,0.0,False
random_regular_200_d10,2,200,1000,10.0,mean_deg,10.0,none,static,0.0,ideal,zero,2,graph,50.0,50.0,0,0,1778,0.8578763008117676,0.0,0,714.0,714.0,716.0,0.0,0.0,,timeout,0.0,1000,10.0,10,10.0,10.0,0.0,0.0,0,0,0.0,False
random_regular_200_d10,2,200,1000,10.0,mean_deg,10.0,none,static,0.0,ideal,zero,3,graph,50.0,50.0,0,0,1562,0.7489044666290283,0.0,0,716.0,722.0,722.0,0.0,0.0,,timeout,0.0,1000,10.0,10,10.0,10.0,0.0,0.0,0,0,0.0,False
random_regular_200_d10,2,200,1000,10.0,mean_deg,10.0,none,static,0.0,ideal,zero,4,graph,50.0,50.0,0,0,1502,0.7427058219909668,0.0,0,708.0,714.0,716.0,0.0,0.0,,timeout,0.0,1000,10.0,10,10.0,10.0,0.0,0.0,0,0,0.0,False
random_regular_200_d10,2,200,1000,10.0,mean_deg,10.0,none,static,0.0,ideal,zero,5,graph,50.0,50.0,0,0,1766,0.8369126319885254,0.0,0,708.0,724.0,724.0,0.0,0.0,,timeout,0.0,1000,10.0,10,10.0,10.0,0.0,0.0,0,0,0.0,False
random_regular_200_d10,2,200,1000,10.0,mean_deg,10.0,none,static,0.0,ideal,zero,6,graph,50.0,50.0,0,0,1838,0.9050087928771973,0.0,0,702.0,708.0,714.0,0.0,0.0,,timeout,0.0,1000,10.0,10,10.0,10.0,0.0,0.0,0,0,0.0,False
random_regular_200_d10,2,200,1000,10.0,mean_deg,10.0,none,static,0.0,ideal,zero,7,graph,50.0,50.0,0,0,1682,0.823190450668335,0.0,0,702.0,714.0,718.0,0.0,0.0,,timeout,0.0,1000,10.0,10,10.0,10.0,0.0,0.0,0,0,0.0,False
random_regular_200_d10,2,200,1000,10.0,mean_deg,10.0,none,static,0.0,ideal,zero,8,graph,50.0,50.0,0,0,1526,0.7331387996673584,0.0,0,706.0,720.0,722.0,0.0,0.0,,timeout,0.0,1000,10.0,10,10.0,10.0,0.0,0.0,0,0,0.0,False
random_regular_200_d10,2,200,1000,10.0,mean_deg,10.0,none,static,0.0,ideal,zero,9,graph,50.0,50.0,0,0,1802,0.8836956024169922,0.0,0,710.0,724.0,724.0,0.0,0.0,,timeout,0.0,1000,10.0,10,10.0,10.0,0.0,0.0,0,0,0.0,False
random_regular_200_d10,2,200,1000,10.0,mean_deg,10.0,none,random_rounding,0.0,ideal,zero,0,graph,50.0,50.0,0,0,1766,0.8508386611938477,0.0,0,706.0,710.0,712.0,0.0,0.0,,timeout,0.0,1000,10.0,10,10.0,10.0,0.0,0.0,0,0,0.0,False
random_regular_200_d10,2,200,1000,10.0,mean_deg,10.0,none,random_rounding,0.0,ideal,zero,1,graph,50.0,50.0,0,0,1610,0.7803666591644287,0.0,0,712.0,716.0,718.0,0.0,0.0,,timeout,0.0,1000,10.0,10,10.0,10.0,0.0,0.0,0,0,0.0,False
random_regular_200_d10,2,200,1000,10.0,mean_deg,10.0,none,random_rounding,0.0,ideal,zero,2,graph,50.0,50.0,0,0,1778,0.8365087509155273,0.0,0,714.0,714.0,716.0,0.0,0.0,,timeout,0.0,1000,10.0,10,10.0,10.0,0.0,0.0,0,0,0.0,False
random_regular_200_d10,2,200,1000,10.0,mean_deg,10.0,none,random_rounding,0.0,ideal,zero,3,graph,50.0,50.0,0,0,1562,0.73805832862854,0.0,0,716.0,722.0,722.0,0.0,0.0,,timeout,0.0,1000,10.0,10,10.0,10.0,0.0,0.0,0,0,0.0,False
random_regular_200_d10,2,200,1000,10.0,mean_deg,10.0,none,random_rounding,0.0,ideal,zero,4,graph,50.0,50.0,0,0,1502,0.70475172996521,0.0,0,708.0,714.0,716.0,0.0,0.0,,timeout,0.0,1000,10.0,10,10.0,10.0,0.0,0.0,0,0,0.0,False
random_regular_200_d10,2,200,1000,10.0,mean_deg,10.0,none,random_rounding,0.0,ideal,zero,5,graph,50.0,50.0,0,0,1766,0.8497047424316406,0.0,0,708.0,724.0,724.0,0.0,0.0,,timeout,0.0,1000,10.0,10,10.0,10.0,0.0,0.0,0,0,0.0,False
random_regular_200_d10,2,200,1000,10.0,mean_deg,10.0,none,random_rounding,0.0,ideal,zero,6,graph,50.0,50.0,0,0,1838,0.8781900405883789,0.0,0,702.0,708.0,714.0,0.0,0.0,,timeout,0.0,1000,10.0,10,10.0,10.0,0.0,0.0,0,0,0.0,False
random_regular_200_d10,2,200,1000,10.0,mean_deg,10.0,none,random_rounding,0.0,ideal,zero,7,graph,50.0,50.0,0,0,1682,0.8010592460632324,0.0,0,702.0,714.0,718.0,0.0,0.0,,timeout,0.0,1000,10.0,10,10.0,10.0,0.0,0.0,0,0,0.0,False
random_regular_200_d10,2,200,1000,10.0,mean_deg,10.0,none,random_rounding,0.0,ideal,zero,8,graph,50.0,50.0,0,0,1526,0.7089776992797852,0.0,0,706.0,720.0,722.0,0.0,0.0,,timeout,0.0,1000,10.0,10,10.0,10.0,0.0,0.0,0,0,0.0,False
random_regular_200_d10,2,200,1000,10.0,mean_deg,10.0,none,random_rounding,0.0,ideal,zero,9,graph,50.0,50.0,0,0,1802,0.8600592613220215,0.0,0,710.0,724.0,724.0,0.0,0.0,,timeout,0.0,1000,10.0,10,10.0,10.0,0.0,0.0,0,0,0.0,False
random_regular_200_d10,2,200,1000,10.0,mean_deg,10.0,none,greedy,0.0,ideal,zero,0,graph,50.0,50.0,0,0,0,0.0005824565887451172,0.0,0,696.0,696.0,696.0,0.0,0.0,,timeout,0.0,0,0.0,0,0.0,0.0,0.0,0.0,0,0,0.0,False
random_regular_200_d10,2,200,1000,10.0,mean_deg,10.0,none,greedy,0.0,ideal,zero,1,graph,50.0,50.0,0,0,0,0.0005640983581542969,0.0,0,680.0,680.0,680.0,0.0,0.0,,timeout,0.0,0,0.0,0,0.0,0.0,0.0,0.0,0,0,0.0,False
random_regular_200_d10,2,200,1000,10.0,mean_deg,10.0,none,greedy,0.0,ideal,zero,2,graph,50.0,50.0,0,0,0,0.0005128383636474609,0.0,0,686.0,686.0,686.0,0.0,0.0,,timeout,0.0,0,0.0,0,0.0,0.0,0.0,0.0,0,0,0.0,False
random_regular_200_d10,2,200,1000,10.0,mean_deg,10.0,none,greedy,0.0,ideal,zero,3,graph,50.0,50.0,0,0,0,0.00052642822265625,0.0,0,690.0,690.0,690.0,0.0,0.0,,timeout,0.0,0,0.0,0,0.0,0.0,0.0,0.0,0,0,0.0,False
random_regular_200_d10,2,200,1000,10.0,mean_deg,10.0,none,greedy,0.0,ideal,zero,4,graph,50.0,50.0,0,0,0,0.0005829334259033203,0.0,0,664.0,664.0,664.0,0.0,0.0,,timeout,0.0,0,0.0,0,0.0,0.0,0.0,0.0,0,0,0.0,False
random_regular_200_d10,2,200,1000,10.0,mean_deg,10.0,none,greedy,0.0,ideal,zero,5,graph,50.0,50.0,0,0,0,0.0006995201110839844,0.0,0,678.0,678.0,678.0,0.0,0.0,,timeout,0.0,0,0.0,0,0.0,0.0,0.0,0.0,0,0,0.0,False
random_regular_200_d10,2,200,1000,10.0,mean_deg,10.0,none,greedy,0.0,ideal,zero,6,graph,50.0,50.0,0,0,0,0.0004687309265136719,0.0,0,678.0,678.0,678.0,0.0,0.0,,timeout,0.0,0,0.0,0,0.0,0.0,0.0,0.0,0,0,0.0,False
random_regular_200_d10,2,200,1000,10.0,mean_deg,10.0,none,greedy,0.0,ideal,zero,7,graph,50.0,50.0,0,0,0,0.0004837512969970703,0.0,0,672.0,672.0,672.0,0.0,0.0,,timeout,0.0,0,0.0,0,0.0,0.0,0.0,0.0,0,0,0.0,False
random_regular_200_d10,2,200,1000,10.0,mean_deg,10.0,none,greedy,0.0,ideal,zero,8,graph,50.0,50.0,0,0,0,0.0004563331604003906,0.0,0,670.0,670.0,670.0,0.0,0.0,,timeout,0.0,0,0.0,0,0.0,0.0,0.0,0.0,0,0,0.0,False
random_regular_200_d10,2,200,1000,10.0,mean_deg,10.0,none,greedy,0.0,ideal,zero,9,graph,50.0,50.0,0,0,0,0.0005395412445068359,0.0,0,692.0,692.0,692.0,0.0,0.0,,timeout,0.0,0,0.0,0,0.0,0.0,0.0,0.0,0,0,0.0,False
random_regular_200_d10,2,200,1000,10.0,mean_deg,10.0,none,static_projected,0.0,ideal,zero,0,graph,50.0,50.0,0,1,1766,0.8407444953918457,0.0018362998962402344,1,706.0,710.0,712.0,0.0,0.0,,timeout,0.0,1000,10.0,10,10.0,10.0,0.0,0.0,0,0,0.0,False
random_regular_200_d10,2,200,1000,10.0,mean_deg,10.0,none,static_projected,0.0,ideal,zero,1,graph,50.0,50.0,0,1,1610,0.7866387367248535,0.0015628337860107422,1,712.0,716.0,718.0,0.0,0.0,,timeout,0.0,1000,10.0,10,10.0,10.0,0.0,0.0,0,0,0.0,False
random_regular_200_d10,2,200,1000,10.0,mean_deg,10.0,none,static_projected,0.0,ideal,zero,2,graph,50.0,50.0,0,1,1778,0.8392083644866943,0.0018429756164550781,1,714.0,714.0,716.0,0.0,0.0,,timeout,0.0,1000,10.0,10,10.0,10.0,0.0,0.0,0,0,0.0,False
random_regular_200_d10,2,200,1000,10.0,mean_deg,10.0,none,static_projected,0.0,ideal,zero,3,graph,50.0,50.0,0,1,1562,0.7268624305725098,0.0025005340576171875,1,716.0,722.0,722.0,0.0,0.0,,timeout,0.0,1000,10.0,10,10.0,10.0,0.0,0.0,0,0,0.0,False
random_regular_200_d10,2,200,1000,10.0,mean_deg,10.0,none,static_projected,0.0,ideal,zero,4,graph,50.0,50.0,0,1,1502,0.7066946029663086,0.0018184185028076172,1,708.0,714.0,716.0,0.0,0.0,,timeout,0.0,1000,10.0,10,10.0,10.0,0.0,0.0,0,0,0.0,False
random_regular_200_d10,2,200,1000,10.0,mean_deg,10.0,none,static_projected,0.0,ideal,zero,5,graph,50.0,50.0,0,1,1766,0.8386890888214111,0.0015187263488769531,1,708.0,724.0,724.0,0.0,0.0,,timeout,0.0,1000,10.0,10,10.0,10.0,0.0,0.0,0,0,0.0,False
random_regular_200_d10,2,200,1000,10.0,mean_deg,10.0,none,static_projected,0.0,ideal,zero,6,graph,50.0,50.0,0,1,1838,0.869513750076294,0.00241851806640625,1,702.0,708.0,714.0,0.0,0.0,,timeout,0.0,1000,10.0,10,10.0,10.0,0.0,0.0,0,0,0.0,False
random_regular_200_d10,2,200,1000,10.0,mean_deg,10.0,none,static_projected,0.0,ideal,zero,7,graph,50.0,50.0,0,1,1682,0.8001644611358643,0.0016999244689941406,1,702.0,714.0,718.0,0.0,0.0,,timeout,0.0,1000,10.0,10,10.0,10.0,0.0,0.0,0,0,0.0,False
random_regular_200_d10,2,200,1000,10.0,mean_deg,10.0,none,static_projected,0.0,ideal,zero,8,graph,50.0,50.0,0,1,1526,0.7470216751098633,0.0017352104187011719,1,706.0,720.0,722.0,0.0,0.0,,timeout,0.0,1000,10.0,10,10.0,10.0,0.0,0.0,0,0,0.0,False
random_regular_200_d10,2,200,1000,10.0,mean_deg,10.0,none,static_projected,0.0,ideal,zero,9,graph,50.0,50.0,0,1,1802,0.8720252513885498,0.0025997161865234375,1,710.0,724.0,724.0,0.0,0.0,,timeout,0.0,1000,10.0,10,10.0,10.0,0.0,0.0,0,0,0.0,False
random_regular_200_d10,2,200,1000,10.0,mean_deg,10.0,none,static_budgeted,0.0,ideal,zero,0,graph,50.0,50.0,0,1,1766,0.8277289867401123,0.0017361640930175781,1,706.0,710.0,712.0,0.0,0.0,,timeout,0.0,1000,10.0,10,10.0,10.0,0.0,0.0,0,0,0.0,False
random_regular_200_d10,2,200,1000,10.0,mean_deg,10.0,none,static_budgeted,0.0,ideal,zero,1,graph,50.0,50.0,0,1,1610,0.7898974418640137,0.0015833377838134766,1,712.0,716.0,718.0,0.0,0.0,,timeout,0.0,1000,10.0,10,10.0,10.0,0.0,0.0,0,0,0.0,False
random_regular_200_d10,2,200,1000,10.0,mean_deg,10.0,none,static_budgeted,0.0,ideal,zero,2,graph,50.0,50.0,0,1,1778,0.8462352752685547,0.0016453266143798828,1,714.0,714.0,716.0,0.0,0.0,,timeout,0.0,1000,10.0,10,10.0,10.0,0.0,0.0,0,0,0.0,False
random_regular_200_d10,2,200,1000,10.0,mean_deg,10.0,none,static_budgeted,0.0,ideal,zero,3,graph,50.0,50.0,0,1,1562,0.7530498504638672,0.0025398731231689453,1,716.0,722.0,722.0,0.0,0.0,,timeout,0.0,1000,10.0,10,10.0,10.0,0.0,0.0,0,0,0.0,False
random_regular_200_d10,2,200,1000,10.0,mean_deg,10.0,none,static_budgeted,0.0,ideal,zero,4,graph,50.0,50.0,0,1,1502,0.7425148487091064,0.0016493797302246094,1,708.0,714.0,716.0,0.0,0.0,,timeout,0.0,1000,10.0,10,10.0,10.0,0.0,0.0,0,0,0.0,False
random_regular_200_d10,2,200,1000,10.0,mean_deg,10.0,none,static_budgeted,0.0,ideal,zero,5,graph,50.0,50.0,0,1,1766,0.8846402168273926,0.0027849674224853516,1,708.0,724.0,724.0,0.0,0.0,,timeout,0.0,1000,10.0,10,10.0,10.0,0.0,0.0,0,0,0.0,False
random_regular_200_d10,2,200,1000,10.0,mean_deg,10.0,none,static_budgeted,0.0,ideal,zero,6,graph,50.0,50.0,0,1,1838,4.091770172119141,0.0026090145111083984,1,702.0,708.0,714.0,0.0,0.0,,timeout,0.0,1000,10.0,10,10.0,10.0,0.0,0.0,0,0,0.0,False
random_regular_200_d10,2,200,1000,10.0,mean_deg,10.0,none,static_budgeted,0.0,ideal,zero,7,graph,50.0,50.0,0,1,1682,0.8292937278747559,0.002550363540649414,1,702.0,714.0,718.0,0.0,0.0,,timeout,0.0,1000,10.0,10,10.0,10.0,0.0,0.0,0,0,0.0,False
random_regular_200_d10,2,200,1000,10.0,mean_deg,10.0,none,static_budgeted,0.0,ideal,zero,8,graph,50.0,50.0,0,1,1526,0.7276690006256104,0.0026977062225341797,1,706.0,720.0,722.0,0.0,0.0,,timeout,0.0,1000,10.0,10,10.0,10.0,0.0,0.0,0,0,0.0,False
random_regular_200_d10,2,200,1000,10.0,mean_deg,10.0,none,static_budgeted,0.0,ideal,zero,9,graph,50.0,50.0,0,1,1802,0.8759093284606934,0.002400636672973633,1,710.0,724.0,724.0,0.0,0.0,,timeout,0.0,1000,10.0,10,10.0,10.0,0.0,0.0,0,0,0.0,False
random_regular_200_d10,2,200,1000,10.0,mean_deg,10.0,none,random_budgeted,0.0,ideal,zero,0,graph,50.0,50.0,0,1,1034,0.49801087379455566,0.0017135143280029297,1,688.0,712.0,718.0,0.0,0.0,,timeout,0.0,1000,10.0,10,4.893748765350095,6.713673332285744,-3.286326667714256,0.0,0,0,0.0,False
random_regular_200_d10,2,200,1000,10.0,mean_deg,10.0,none,random_budgeted,0.0,ideal,zero,1,graph,50.0,50.0,0,1,1034,0.49254918098449707,0.002038717269897461,1,700.0,700.0,710.0,0.0,0.0,,timeout,0.0,1000,10.0,10,4.869207749149497,6.72003404749797,-3.27996595250203,0.0,0,0,0.0,False
random_regular_200_d10,2,200,1000,10.0,mean_deg,10.0,none,random_budgeted,0.0,ideal,zero,2,graph,50.0,50.0,0,1,938,0.44866490364074707,0.0016598701477050781,1,704.0,704.0,710.0,0.0,0.0,,timeout,0.0,1000,10.0,10,4.978528345405233,6.3403711167248265,-3.6596288832751735,0.0,0,0,0.0,False
random_regular_200_d10,2,200,1000,10.0,mean_deg,10.0,none,random_budgeted,0.0,ideal,zero,3,graph,50.0,50.0,0,1,1034,0.48116302490234375,0.0020630359649658203,1,686.0,698.0,706.0,0.0,0.0,,timeout,0.0,1000,10.0,10,5.025331469360171,6.515910824937896,-3.4840891750621044,0.0,0,0,0.0,False
random_regular_200_d10,2,200,1000,10.0,mean_deg,10.0,none,random_budgeted,0.0,ideal,zero,4,graph,50.0,50.0,0,1,1082,0.5019450187683105,0.0025610923767089844,1,682.0,710.0,716.0,0.0,0.0,,timeout,0.0,1000,10.0,10,4.9230956921319855,6.611794335495841,-3.3882056645041594,0.0,0,0,0.0,False
random_regular_200_d10,2,200,1000,10.0,mean_deg,10.0,none,random_budgeted,0.0,ideal,zero,5,graph,50.0,50.0,0,1,1070,0.5047330856323242,0.0017533302307128906,1,698.0,704.0,712.0,0.0,0.0,,timeout,0.0,1000,10.0,10,5.01258888607568,6.70957165443807,-3.2904283455619296,0.0,0,0,0.0,False
random_regular_200_d10,2,200,1000,10.0,mean_deg,10.0,none,random_budgeted,0.0,ideal,zero,6,graph,50.0,50.0,0,1,1178,0.565927267074585,0.0019714832305908203,1,706.0,706.0,716.0,0.0,0.0,,timeout,0.0,1000,10.0,10,5.099688162044041,6.7698310708440115,-3.2301689291559885,0.0,0,0,0.0,False
random_regular_200_d10,2,200,1000,10.0,mean_deg,10.0,none,random_budgeted,0.0,ideal,zero,7,graph,50.0,50.0,0,1,1022,0.4944605827331543,0.0022568702697753906,1,706.0,710.0,712.0,0.0,0.0,,timeout,0.0,1000,10.0,10,4.972902582445624,6.745757182081299,-3.2542428179187013,0.0,0,0,0.0,False
random_regular_200_d10,2,200,1000,10.0,mean_deg,10.0,none,random_budgeted,0.0,ideal,zero,8,graph,50.0,50.0,0,1,1094,0.5018322467803955,0.0018069744110107422,1,696.0,714.0,720.0,0.0,0.0,,timeout,0.0,1000,10.0,10,4.91272022394145,6.031103454183464,-3.968896545816536,0.0,0,0,0.0,False
random_regular_200_d10,2,200,1000,10.0,mean_deg,10.0,none,random_budgeted,0.0,ideal,zero,9,graph,50.0,50.0,0,1,1034,0.5092170238494873,0.0017139911651611328,1,694.0,700.0,704.0,0.0,0.0,,timeout,0.0,1000,10.0,10,4.927024565576453,6.639377514542515,-3.360622485457485,0.0,0,0,0.0,False
random_regular_200_d10,2,200,1000,10.0,mean_deg,10.0,none,learned_support_random_weights,0.0,ideal,zero,0,hebbian_seed0,50.0,50.0,0,1,950,0.35999274253845215,0.0022878646850585938,1,670.0,670.0,680.0,0.0,0.0,,timeout,0.0,670,6.7,10,3.2970560469286907,5.3313181230780105,-4.6686818769219895,0.0,0,0,0.0,False
random_regular_200_d10,2,200,1000,10.0,mean_deg,10.0,none,learned_support_random_weights,0.0,ideal,zero,1,hebbian_seed0,50.0,50.0,0,1,914,0.3408968448638916,0.002751588821411133,1,670.0,670.0,680.0,0.0,0.0,,timeout,0.0,670,6.7,10,3.2410954538359045,5.419296210797651,-4.580703789202349,0.0,0,0,0.0,False
random_regular_200_d10,2,200,1000,10.0,mean_deg,10.0,none,learned_support_random_weights,0.0,ideal,zero,2,hebbian_seed0,50.0,50.0,0,1,1022,0.38155317306518555,0.0017502307891845703,1,670.0,670.0,680.0,0.0,0.0,,timeout,0.0,670,6.7,10,3.366998358071038,5.484962410100852,-4.515037589899148,0.0,0,0,0.0,False
random_regular_200_d10,2,200,1000,10.0,mean_deg,10.0,none,learned_support_random_weights,0.0,ideal,zero,3,hebbian_seed0,50.0,50.0,0,1,962,0.357621431350708,0.001722574234008789,1,670.0,670.0,680.0,0.0,0.0,,timeout,0.0,670,6.7,10,3.369796540364245,5.493980211345244,-4.506019788654756,0.0,0,0,0.0,False
random_regular_200_d10,2,200,1000,10.0,mean_deg,10.0,none,learned_support_random_weights,0.0,ideal,zero,4,hebbian_seed0,50.0,50.0,0,1,1022,0.39167070388793945,0.0025060176849365234,1,670.0,670.0,680.0,0.0,0.0,,timeout,0.0,670,6.7,10,3.3154111096686267,5.543025873242264,-4.456974126757736,0.0,0,0,0.0,False
random_regular_200_d10,2,200,1000,10.0,mean_deg,10.0,none,learned_support_random_weights,0.0,ideal,zero,5,hebbian_seed0,50.0,50.0,0,1,1034,0.4056541919708252,0.0016818046569824219,1,670.0,670.0,680.0,0.0,0.0,,timeout,0.0,670,6.7,10,3.313672479499557,5.817976423057642,-4.182023576942358,0.0,0,0,0.0,False
random_regular_200_d10,2,200,1000,10.0,mean_deg,10.0,none,learned_support_random_weights,0.0,ideal,zero,6,hebbian_seed0,50.0,50.0,0,1,998,0.3926353454589844,0.002499818801879883,1,670.0,670.0,680.0,0.0,0.0,,timeout,0.0,670,6.7,10,3.4549535757328296,6.446475905373914,-3.553524094626086,0.0,0,0,0.0,False
random_regular_200_d10,2,200,1000,10.0,mean_deg,10.0,none,learned_support_random_weights,0.0,ideal,zero,7,hebbian_seed0,50.0,50.0,0,1,926,0.35080790519714355,0.002633333206176758,1,670.0,670.0,680.0,0.0,0.0,,timeout,0.0,670,6.7,10,3.3882184818170358,5.395628079090521,-4.604371920909479,0.0,0,0,0.0,False
random_regular_200_d10,2,200,1000,10.0,mean_deg,10.0,none,learned_support_random_weights,0.0,ideal,zero,8,hebbian_seed0,50.0,50.0,0,1,926,0.3586726188659668,0.0017781257629394531,1,670.0,670.0,680.0,0.0,0.0,,timeout,0.0,670,6.7,10,3.3205951829480242,5.339413586189115,-4.660586413810885,0.0,0,0,0.0,False
random_regular_200_d10,2,200,1000,10.0,mean_deg,10.0,none,learned_support_random_weights,0.0,ideal,zero,9,hebbian_seed0,50.0,50.0,0,1,866,0.3217353820800781,0.0021262168884277344,1,670.0,670.0,680.0,0.0,0.0,,timeout,0.0,670,6.7,10,3.2830159577396385,5.124756553926381,-4.875243446073619,0.0,0,0,0.0,False
random_regular_200_d10,2,200,1000,10.0,mean_deg,10.0,none,topology_scrambled,0.0,ideal,zero,0,graph,50.0,50.0,100,101,3284,51.66971826553345,50.28761911392212,101,528.0,528.0,672.0,0.0,0.0,,timeout,0.0,587,5.87,9,9.966008706969669,10.000000000000004,3.552713678800501e-15,0.0,0,0,-899.7861061725966,False
random_regular_200_d10,2,200,1000,10.0,mean_deg,10.0,none,topology_scrambled,0.0,ideal,zero,1,graph,50.0,50.0,100,101,3632,74.69659376144409,71.31462144851685,101,526.0,526.0,666.0,0.0,0.0,,timeout,0.0,571,5.71,10,9.967036231673825,10.000000000000002,1.7763568394002505e-15,0.0,0,0,-893.1367559664758,False
random_regular_200_d10,2,200,1000,10.0,mean_deg,10.0,none,topology_scrambled,0.0,ideal,zero,2,graph,50.0,50.0,100,101,2900,23.923970222473145,22.623189210891724,101,508.0,508.0,666.0,0.0,0.0,,timeout,0.0,571,5.71,9,9.999999999999634,10.000000000000002,1.7763568394002505e-15,0.0,0,0,-896.0578508917586,False
random_regular_200_d10,2,200,1000,10.0,mean_deg,10.0,none,topology_scrambled,0.0,ideal,zero,3,graph,50.0,50.0,100,101,2720,28.9248948097229,27.747851610183716,101,516.0,516.0,680.0,0.0,0.0,,timeout,0.0,590,5.9,10,9.970857675467087,10.000000000000002,1.7763568394002505e-15,0.0,0,0,-898.1434050308724,False
random_regular_200_d10,2,200,1000,10.0,mean_deg,10.0,none,topology_scrambled,0.0,ideal,zero,4,graph,50.0,50.0,100,101,3020,23.133923768997192,21.801334381103516,101,526.0,526.0,674.0,0.0,0.0,,timeout,0.0,598,5.98,10,9.999999999999833,10.000000000000002,1.7763568394002505e-15,0.0,0,0,-904.6310055012497,False
random_regular_200_d10,2,200,1000,10.0,mean_deg,10.0,none,topology_scrambled,0.0,ideal,zero,5,graph,50.0,50.0,100,101,2516,6.198580741882324,5.091197967529297,101,520.0,520.0,676.0,0.0,0.0,,timeout,0.0,600,6.0,9,9.6,10.000000000000002,1.7763568394002505e-15,0.0,0,0,-875.3720337440184,False
random_regular_200_d10,2,200,1000,10.0,mean_deg,10.0,none,topology_scrambled,0.0,ideal,zero,6,graph,50.0,50.0,100,101,2960,30.23993420600891,28.933624029159546,101,496.0,496.0,678.0,0.0,0.0,,timeout,0.0,570,5.7,9,9.999999999999751,10.000000000000002,1.7763568394002505e-15,0.0,0,0,-895.3968002952126,False
random_regular_200_d10,2,200,1000,10.0,mean_deg,10.0,none,topology_scrambled,0.0,ideal,zero,7,graph,50.0,50.0,100,101,2756,20.98065757751465,19.78007674217224,101,498.0,498.0,684.0,0.0,0.0,,timeout,0.0,604,6.04,9,9.999999999999966,10.000000000000535,5.346834086594754e-13,0.0,0,0,-903.3529393587723,False
random_regular_200_d10,2,200,1000,10.0,mean_deg,10.0,none,topology_scrambled,0.0,ideal,zero,8,graph,50.0,50.0,100,101,2684,12.569298028945923,11.40068769454956,101,534.0,534.0,656.0,0.0,0.0,,timeout,0.0,560,5.6,10,9.8,10.000000000000002,1.7763568394002505e-15,0.0,0,0,-878.4129947402668,False
random_regular_200_d10,2,200,1000,10.0,mean_deg,10.0,none,topology_scrambled,0.0,ideal,zero,9,graph,50.0,50.0,100,101,2852,9.408184051513672,8.204906225204468,101,500.0,500.0,676.0,0.0,0.0,,timeout,0.0,576,5.76,9,9.699999999999998,10.000000000000002,1.7763568394002505e-15,0.0,0,0,-877.8252170575896,False
random_regular_200_d10,2,200,1000,10.0,mean_deg,10.0,sinkhorn,hebbian_sinkhorn,0.0,ideal,zero,0,graph,50.0,50.0,100,100,2612,1.44093656539917,0.0,0,674.0,674.0,678.0,0.0,0.0,,timeout,0.0,674,6.74,10,9.687690837938664,10.000000000000002,1.7763568394002505e-15,0.0,0,0,-895.6851676911097,False
random_regular_200_d10,2,200,1000,10.0,mean_deg,10.0,sinkhorn,hebbian_sinkhorn,0.0,ideal,zero,1,graph,50.0,50.0,100,100,2552,4.604426145553589,0.0,0,646.0,646.0,670.0,0.0,0.0,,timeout,0.0,646,6.46,9,9.734058997676131,10.000000000000002,1.7763568394002505e-15,0.0,0,0,-895.6881320905475,False
random_regular_200_d10,2,200,1000,10.0,mean_deg,10.0,sinkhorn,hebbian_sinkhorn,0.0,ideal,zero,2,graph,50.0,50.0,100,100,2576,1.4498255252838135,0.0,0,676.0,676.0,686.0,0.0,0.0,,timeout,0.0,676,6.76,9,9.758111843742514,10.000000000000002,1.7763568394002505e-15,0.0,0,0,-901.9522328678734,False
random_regular_200_d10,2,200,1000,10.0,mean_deg,10.0,sinkhorn,hebbian_sinkhorn,0.0,ideal,zero,3,graph,50.0,50.0,100,100,2684,1.4796648025512695,0.0,0,668.0,668.0,680.0,0.0,0.0,,timeout,0.0,668,6.68,10,9.723506185700051,10.000000000000004,3.552713678800501e-15,0.0,0,0,-897.5891935204625,False
random_regular_200_d10,2,200,1000,10.0,mean_deg,10.0,sinkhorn,hebbian_sinkhorn,0.0,ideal,zero,4,graph,50.0,50.0,100,100,2708,1.5875663757324219,0.0,0,650.0,650.0,664.0,0.0,0.0,,timeout,0.0,650,6.5,10,9.660314947581858,10.000000000000002,1.7763568394002505e-15,0.0,0,0,-889.8496026145042,False
random_regular_200_d10,2,200,1000,10.0,mean_deg,10.0,sinkhorn,hebbian_sinkhorn,0.0,ideal,zero,5,graph,50.0,50.0,100,100,2828,1.5857563018798828,0.0,0,650.0,650.0,672.0,0.0,0.0,,timeout,0.0,650,6.5,10,9.71063271167395,10.000000000000002,1.7763568394002505e-15,0.0,0,0,-894.1241594122248,False
random_regular_200_d10,2,200,1000,10.0,mean_deg,10.0,sinkhorn,hebbian_sinkhorn,0.0,ideal,zero,6,graph,50.0,50.0,100,100,2564,1.4555952548980713,0.0,0,656.0,656.0,684.0,0.0,0.0,,timeout,0.0,656,6.56,10,9.55495787740044,10.000000000000002,1.7763568394002505e-15,0.0,0,0,-881.3700398595994,False
random_regular_200_d10,2,200,1000,10.0,mean_deg,10.0,sinkhorn,hebbian_sinkhorn,0.0,ideal,zero,7,graph,50.0,50.0,100,100,2720,1.5460870265960693,0.0,0,660.0,660.0,680.0,0.0,0.0,,timeout,0.0,660,6.6,9,9.700718032340045,10.000000000000002,1.7763568394002505e-15,0.0,0,1,-895.1423219734955,False
random_regular_200_d10,2,200,1000,10.0,mean_deg,10.0,sinkhorn,hebbian_sinkhorn,0.0,ideal,zero,8,graph,50.0,50.0,100,100,2660,1.441380262374878,0.0,0,658.0,658.0,686.0,0.0,0.0,,timeout,0.0,658,6.58,9,9.700661048523212,10.000000000000002,1.7763568394002505e-15,0.0,0,0,-893.9905658952142,False
random_regular_200_d10,2,200,1000,10.0,mean_deg,10.0,sinkhorn,hebbian_sinkhorn,0.0,ideal,zero,9,graph,50.0,50.0,100,100,3200,1.8234083652496338,0.0,0,662.0,662.0,666.0,0.0,0.0,,timeout,0.0,662,6.62,10,9.772739346538337,10.000000000000004,3.552713678800501e-15,0.0,0,0,-902.0621045425079,False
random_regular_200_d10,2,200,1000,10.0,mean_deg,10.0,sinkhorn,hybrid_sinkhorn,0.0,ideal,zero,0,graph,50.0,50.0,100,100,4498,2.132981538772583,0.0,0,674.0,674.0,678.0,0.0,0.0,,timeout,0.0,674,6.74,10,9.687690837938664,10.000000000000002,1.7763568394002505e-15,0.0,0,0,-895.6851676911097,False
random_regular_200_d10,2,200,1000,10.0,mean_deg,10.0,sinkhorn,hybrid_sinkhorn,0.0,ideal,zero,1,graph,50.0,50.0,100,100,4426,2.07584810256958,0.0,0,646.0,646.0,670.0,0.0,0.0,,timeout,0.0,646,6.46,9,9.734058997676131,10.000000000000002,1.7763568394002505e-15,0.0,0,0,-895.6881320905475,False
random_regular_200_d10,2,200,1000,10.0,mean_deg,10.0,sinkhorn,hybrid_sinkhorn,0.0,ideal,zero,2,graph,50.0,50.0,100,100,4426,2.060558319091797,0.0,0,676.0,676.0,686.0,0.0,0.0,,timeout,0.0,676,6.76,9,9.758111843742514,10.000000000000002,1.7763568394002505e-15,0.0,0,0,-901.9522328678734,False
random_regular_200_d10,2,200,1000,10.0,mean_deg,10.0,sinkhorn,hybrid_sinkhorn,0.0,ideal,zero,3,graph,50.0,50.0,100,100,4546,2.137819528579712,0.0,0,668.0,668.0,680.0,0.0,0.0,,timeout,0.0,668,6.68,10,9.723506185700051,10.000000000000004,3.552713678800501e-15,0.0,0,0,-897.5891935204625,False
random_regular_200_d10,2,200,1000,10.0,mean_deg,10.0,sinkhorn,hybrid_sinkhorn,0.0,ideal,zero,4,graph,50.0,50.0,100,100,4582,2.1606664657592773,0.0,0,650.0,650.0,664.0,0.0,0.0,,timeout,0.0,650,6.5,10,9.660314947581858,10.000000000000002,1.7763568394002505e-15,0.0,0,0,-889.8496026145042,False
random_regular_200_d10,2,200,1000,10.0,mean_deg,10.0,sinkhorn,hybrid_sinkhorn,0.0,ideal,zero,5,graph,50.0,50.0,100,100,4678,2.1633524894714355,0.0,0,650.0,650.0,672.0,0.0,0.0,,timeout,0.0,650,6.5,10,9.71063271167395,10.000000000000002,1.7763568394002505e-15,0.0,0,0,-894.1241594122248,False
random_regular_200_d10,2,200,1000,10.0,mean_deg,10.0,sinkhorn,hybrid_sinkhorn,0.0,ideal,zero,6,graph,50.0,50.0,100,100,4414,2.107508659362793,0.0,0,656.0,656.0,684.0,0.0,0.0,,timeout,0.0,656,6.56,10,9.55495787740044,10.000000000000002,1.7763568394002505e-15,0.0,0,0,-881.3700398595994,False
random_regular_200_d10,2,200,1000,10.0,mean_deg,10.0,sinkhorn,hybrid_sinkhorn,0.0,ideal,zero,7,graph,50.0,50.0,100,100,4570,5.311652421951294,0.0,0,660.0,660.0,680.0,0.0,0.0,,timeout,0.0,660,6.6,9,9.700718032340045,10.000000000000002,1.7763568394002505e-15,0.0,0,1,-895.1423219734955,False
random_regular_200_d10,2,200,1000,10.0,mean_deg,10.0,sinkhorn,hybrid_sinkhorn,0.0,ideal,zero,8,graph,50.0,50.0,100,100,4522,2.1338398456573486,0.0,0,658.0,658.0,686.0,0.0,0.0,,timeout,0.0,658,6.58,9,9.700661048523212,10.000000000000002,1.7763568394002505e-15,0.0,0,0,-893.9905658952142,False
random_regular_200_d10,2,200,1000,10.0,mean_deg,10.0,sinkhorn,hybrid_sinkhorn,0.0,ideal,zero,9,graph,50.0,50.0,100,100,5062,2.4725213050842285,0.0,0,662.0,662.0,666.0,0.0,0.0,,timeout,0.0,662,6.62,10,9.772739346538337,10.000000000000004,3.552713678800501e-15,0.0,0,0,-902.0621045425079,False
random_regular_200_d10,2,200,1000,10.0,mean_deg,10.0,frobenius,hebbian_frobenius,0.0,ideal,zero,0,graph,50.0,50.0,100,101,2768,15.294019937515259,14.19408130645752,101,672.0,672.0,678.0,0.0,0.0,,timeout,0.0,672,6.72,10,9.999999999999996,10.000000000000993,9.9298347322474e-13,0.0,0,0,-919.5566568346633,False
random_regular_200_d10,2,200,1000,10.0,mean_deg,10.0,frobenius,hebbian_frobenius,0.0,ideal,zero,1,graph,50.0,50.0,100,101,2816,23.051713705062866,21.884434461593628,101,642.0,642.0,668.0,0.0,0.0,,timeout,0.0,642,6.42,9,9.9,10.000000000000002,1.7763568394002505e-15,0.0,0,0,-908.5796854501658,False
random_regular_200_d10,2,200,1000,10.0,mean_deg,10.0,frobenius,hebbian_frobenius,0.0,ideal,zero,2,graph,50.0,50.0,100,101,2972,29.846885442733765,28.574715852737427,101,676.0,676.0,686.0,0.0,0.0,,timeout,0.0,676,6.76,9,9.99999999999967,10.000000000000002,1.7763568394002505e-15,0.0,0,0,-920.4750622858121,False
random_regular_200_d10,2,200,1000,10.0,mean_deg,10.0,frobenius,hebbian_frobenius,0.0,ideal,zero,3,graph,50.0,50.0,100,101,2984,27.895652294158936,26.64847207069397,101,664.0,664.0,678.0,0.0,0.0,,timeout,0.0,664,6.64,10,9.999999999999808,10.000000000000004,3.552713678800501e-15,0.0,0,0,-918.3710605702017,False
random_regular_200_d10,2,200,1000,10.0,mean_deg,10.0,frobenius,hebbian_frobenius,0.0,ideal,zero,4,graph,50.0,50.0,100,101,3296,34.6276638507843,33.1982364654541,101,660.0,660.0,672.0,0.0,0.0,,timeout,0.0,660,6.6,10,10.000000000000066,10.000000000000998,9.983125437429408e-13,0.0,0,0,-918.2652773087145,False
random_regular_200_d10,2,200,1000,10.0,mean_deg,10.0,frobenius,hebbian_frobenius,0.0,ideal,zero,5,graph,50.0,50.0,100,101,2972,20.638957500457764,19.42414927482605,101,654.0,654.0,666.0,0.0,0.0,,timeout,0.0,654,6.54,10,9.999999999999948,10.000000000000956,9.556799795973347e-13,0.0,0,0,-916.8165330111018,False
random_regular_200_d10,2,200,1000,10.0,mean_deg,10.0,frobenius,hebbian_frobenius,0.0,ideal,zero,6,graph,50.0,50.0,100,101,2828,26.015039205551147,24.866880893707275,101,648.0,648.0,666.0,0.0,0.0,,timeout,0.0,648,6.48,10,9.999999999999705,10.000000000000002,1.7763568394002505e-15,0.0,0,0,-915.8847623802665,False
random_regular_200_d10,2,200,1000,10.0,mean_deg,10.0,frobenius,hebbian_frobenius,0.0,ideal,zero,7,graph,50.0,50.0,100,101,2684,13.7122483253479,12.620116949081421,101,658.0,658.0,680.0,0.0,0.0,,timeout,0.0,658,6.58,10,9.99999999999966,10.000000000000002,1.7763568394002505e-15,0.0,0,0,-916.6900572336651,False
random_regular_200_d10,2,200,1000,10.0,mean_deg,10.0,frobenius,hebbian_frobenius,0.0,ideal,zero,8,graph,50.0,50.0,100,101,3116,30.832552671432495,29.555405855178833,101,658.0,658.0,696.0,0.0,0.0,,timeout,0.0,658,6.58,9,9.99999999999984,10.000000000000002,1.7763568394002505e-15,0.0,0,0,-916.6608036495305,False
random_regular_200_d10,2,200,1000,10.0,mean_deg,10.0,frobenius,hebbian_frobenius,0.0,ideal,zero,9,graph,50.0,50.0,100,101,3548,42.081413984298706,38.636637687683105,101,656.0,656.0,668.0,0.0,0.0,,timeout,0.0,656,6.56,10,9.999999999999666,10.000000000000004,3.552713678800501e-15,0.0,0,0,-918.6447382146528,False
random_regular_200_d10,2,200,1000,10.0,mean_deg,10.0,frobenius,hybrid_frobenius,0.0,ideal,zero,0,graph,50.0,50.0,100,101,4678,16.028295040130615,14.271878480911255,101,672.0,672.0,678.0,0.0,0.0,,timeout,0.0,672,6.72,10,9.999999999999996,10.000000000000993,9.9298347322474e-13,0.0,0,0,-919.5566568346633,False
random_regular_200_d10,2,200,1000,10.0,mean_deg,10.0,frobenius,hybrid_frobenius,0.0,ideal,zero,1,graph,50.0,50.0,100,101,4738,23.5078866481781,21.71239137649536,101,642.0,642.0,668.0,0.0,0.0,,timeout,0.0,642,6.42,9,9.9,10.000000000000002,1.7763568394002505e-15,0.0,0,0,-908.5796854501658,False
random_regular_200_d10,2,200,1000,10.0,mean_deg,10.0,frobenius,hybrid_frobenius,0.0,ideal,zero,2,graph,50.0,50.0,100,101,4906,30.404643535614014,28.53174090385437,101,676.0,676.0,686.0,0.0,0.0,,timeout,0.0,676,6.76,9,9.99999999999967,10.000000000000002,1.7763568394002505e-15,0.0,0,0,-920.4750622858121,False
random_regular_200_d10,2,200,1000,10.0,mean_deg,10.0,frobenius,hybrid_frobenius,0.0,ideal,zero,3,graph,50.0,50.0,100,101,4894,27.92486882209778,24.183913469314575,101,664.0,664.0,678.0,0.0,0.0,,timeout,0.0,664,6.64,10,9.999999999999808,10.000000000000004,3.552713678800501e-15,0.0,0,0,-918.3710605702017,False
random_regular_200_d10,2,200,1000,10.0,mean_deg,10.0,frobenius,hybrid_frobenius,0.0,ideal,zero,4,graph,50.0,50.0,100,101,5218,34.5090856552124,32.39377760887146,101,660.0,660.0,672.0,0.0,0.0,,timeout,0.0,660,6.6,10,10.000000000000066,10.000000000000998,9.983125437429408e-13,0.0,0,0,-918.2652773087145,False
random_regular_200_d10,2,200,1000,10.0,mean_deg,10.0,frobenius,hybrid_frobenius,0.0,ideal,zero,5,graph,50.0,50.0,100,101,4918,21.54995608329773,19.656225204467773,101,654.0,654.0,666.0,0.0,0.0,,timeout,0.0,654,6.54,10,9.999999999999948,10.000000000000956,9.556799795973347e-13,0.0,0,0,-916.8165330111018,False
random_regular_200_d10,2,200,1000,10.0,mean_deg,10.0,frobenius,hybrid_frobenius,0.0,ideal,zero,6,graph,50.0,50.0,100,101,4750,26.487053632736206,24.68706750869751,101,648.0,648.0,666.0,0.0,0.0,,timeout,0.0,648,6.48,10,9.999999999999705,10.000000000000002,1.7763568394002505e-15,0.0,0,0,-915.8847623802665,False
random_regular_200_d10,2,200,1000,10.0,mean_deg,10.0,frobenius,hybrid_frobenius,0.0,ideal,zero,7,graph,50.0,50.0,100,101,4606,17.335273027420044,14.31487774848938,101,658.0,658.0,680.0,0.0,0.0,,timeout,0.0,658,6.58,10,9.99999999999966,10.000000000000002,1.7763568394002505e-15,0.0,0,0,-916.6900572336651,False
random_regular_200_d10,2,200,1000,10.0,mean_deg,10.0,frobenius,hybrid_frobenius,0.0,ideal,zero,8,graph,50.0,50.0,100,101,5038,31.68188786506653,26.596442222595215,101,658.0,658.0,696.0,0.0,0.0,,timeout,0.0,658,6.58,9,9.99999999999984,10.000000000000002,1.7763568394002505e-15,0.0,0,0,-916.6608036495305,False
random_regular_200_d10,2,200,1000,10.0,mean_deg,10.0,frobenius,hybrid_frobenius,0.0,ideal,zero,9,graph,50.0,50.0,100,101,5470,39.58146929740906,37.33986258506775,101,656.0,656.0,668.0,0.0,0.0,,timeout,0.0,656,6.56,10,9.999999999999666,10.000000000000004,3.552713678800501e-15,0.0,0,0,-918.6447382146528,False
exact_small,0,20,88,8.8,half_mean_deg,4.4,none,static,0.0,ideal,zero,0,graph,50.0,50.0,0,0,1262,0.022312402725219727,0.0,0,56.0,61.0,61.0,0.0,0.0,61.0,proven_optimal,1.0,88,8.8,14,8.8,14.0,9.6,0.0,0,0,0.0,False
exact_small,0,20,88,8.8,half_mean_deg,4.4,none,static,0.0,ideal,zero,1,graph,50.0,50.0,0,0,1286,0.020743608474731445,0.0,0,61.0,61.0,61.0,0.0,0.0,61.0,proven_optimal,1.0,88,8.8,14,8.8,14.0,9.6,0.0,0,0,0.0,False
exact_small,0,20,88,8.8,half_mean_deg,4.4,none,static,0.0,ideal,zero,2,graph,50.0,50.0,0,0,1286,0.020356416702270508,0.0,0,57.0,61.0,61.0,0.0,0.0,61.0,proven_optimal,1.0,88,8.8,14,8.8,14.0,9.6,0.0,0,0,0.0,False
exact_small,0,20,88,8.8,half_mean_deg,4.4,none,static,0.0,ideal,zero,3,graph,50.0,50.0,0,0,1466,0.023446321487426758,0.0,0,61.0,61.0,61.0,0.0,0.0,61.0,proven_optimal,1.0,88,8.8,14,8.8,14.0,9.6,0.0,0,0,0.0,False
exact_small,0,20,88,8.8,half_mean_deg,4.4,none,static,0.0,ideal,zero,4,graph,50.0,50.0,0,0,1418,0.022156715393066406,0.0,0,61.0,61.0,61.0,0.0,0.0,61.0,proven_optimal,1.0,88,8.8,14,8.8,14.0,9.6,0.0,0,0,0.0,False
exact_small,0,20,88,8.8,half_mean_deg,4.4,none,static,0.0,ideal,zero,5,graph,50.0,50.0,0,0,1358,0.021347522735595703,0.0,0,56.0,61.0,61.0,0.0,0.0,61.0,proven_optimal,1.0,88,8.8,14,8.8,14.0,9.6,0.0,0,0,0.0,False
exact_small,0,20,88,8.8,half_mean_deg,4.4,none,static,0.0,ideal,zero,6,graph,50.0,50.0,0,0,1226,0.020671367645263672,0.0,0,61.0,61.0,61.0,0.0,0.0,61.0,proven_optimal,1.0,88,8.8,14,8.8,14.0,9.6,0.0,0,0,0.0,False
exact_small,0,20,88,8.8,half_mean_deg,4.4,none,static,0.0,ideal,zero,7,graph,50.0,50.0,0,0,1382,0.02169942855834961,0.0,0,58.0,61.0,61.0,0.0,0.0,61.0,proven_optimal,1.0,88,8.8,14,8.8,14.0,9.6,0.0,0,0,0.0,False
exact_small,0,20,88,8.8,half_mean_deg,4.4,none,static,0.0,ideal,zero,8,graph,50.0,50.0,0,0,1406,0.0221405029296875,0.0,0,61.0,61.0,61.0,0.0,0.0,61.0,proven_optimal,1.0,88,8.8,14,8.8,14.0,9.6,0.0,0,0,0.0,False
exact_small,0,20,88,8.8,half_mean_deg,4.4,none,static,0.0,ideal,zero,9,graph,50.0,50.0,0,0,1334,0.020658016204833984,0.0,0,61.0,61.0,61.0,0.0,0.0,61.0,proven_optimal,1.0,88,8.8,14,8.8,14.0,9.6,0.0,0,0,0.0,False
exact_small,0,20,88,8.8,half_mean_deg,4.4,none,random_rounding,0.0,ideal,zero,0,graph,50.0,50.0,0,0,1262,0.02075958251953125,0.0,0,56.0,61.0,61.0,0.0,0.0,61.0,proven_optimal,1.0,88,8.8,14,8.8,14.0,9.6,0.0,0,0,0.0,False
exact_small,0,20,88,8.8,half_mean_deg,4.4,none,random_rounding,0.0,ideal,zero,1,graph,50.0,50.0,0,0,1286,0.019924402236938477,0.0,0,61.0,61.0,61.0,0.0,0.0,61.0,proven_optimal,1.0,88,8.8,14,8.8,14.0,9.6,0.0,0,0,0.0,False
exact_small,0,20,88,8.8,half_mean_deg,4.4,none,random_rounding,0.0,ideal,zero,2,graph,50.0,50.0,0,0,1286,0.020338058471679688,0.0,0,57.0,61.0,61.0,0.0,0.0,61.0,proven_optimal,1.0,88,8.8,14,8.8,14.0,9.6,0.0,0,0,0.0,False
exact_small,0,20,88,8.8,half_mean_deg,4.4,none,random_rounding,0.0,ideal,zero,3,graph,50.0,50.0,0,0,1466,0.02323007583618164,0.0,0,61.0,61.0,61.0,0.0,0.0,61.0,proven_optimal,1.0,88,8.8,14,8.8,14.0,9.6,0.0,0,0,0.0,False
exact_small,0,20,88,8.8,half_mean_deg,4.4,none,random_rounding,0.0,ideal,zero,4,graph,50.0,50.0,0,0,1418,0.023377418518066406,0.0,0,61.0,61.0,61.0,0.0,0.0,61.0,proven_optimal,1.0,88,8.8,14,8.8,14.0,9.6,0.0,0,0,0.0,False
exact_small,0,20,88,8.8,half_mean_deg,4.4,none,random_rounding,0.0,ideal,zero,5,graph,50.0,50.0,0,0,1358,0.021439075469970703,0.0,0,56.0,61.0,61.0,0.0,0.0,61.0,proven_optimal,1.0,88,8.8,14,8.8,14.0,9.6,0.0,0,0,0.0,False
exact_small,0,20,88,8.8,half_mean_deg,4.4,none,random_rounding,0.0,ideal,zero,6,graph,50.0,50.0,0,0,1226,0.019286632537841797,0.0,0,61.0,61.0,61.0,0.0,0.0,61.0,proven_optimal,1.0,88,8.8,14,8.8,14.0,9.6,0.0,0,0,0.0,False
exact_small,0,20,88,8.8,half_mean_deg,4.4,none,random_rounding,0.0,ideal,zero,7,graph,50.0,50.0,0,0,1382,0.02187180519104004,0.0,0,58.0,61.0,61.0,0.0,0.0,61.0,proven_optimal,1.0,88,8.8,14,8.8,14.0,9.6,0.0,0,0,0.0,False
exact_small,0,20,88,8.8,half_mean_deg,4.4,none,random_rounding,0.0,ideal,zero,8,graph,50.0,50.0,0,0,1406,0.022485017776489258,0.0,0,61.0,61.0,61.0,0.0,0.0,61.0,proven_optimal,1.0,88,8.8,14,8.8,14.0,9.6,0.0,0,0,0.0,False
exact_small,0,20,88,8.8,half_mean_deg,4.4,none,random_rounding,0.0,ideal,zero,9,graph,50.0,50.0,0,0,1334,0.021262645721435547,0.0,0,61.0,61.0,61.0,0.0,0.0,61.0,proven_optimal,1.0,88,8.8,14,8.8,14.0,9.6,0.0,0,0,0.0,False
exact_small,0,20,88,8.8,half_mean_deg,4.4,none,greedy,0.0,ideal,zero,0,graph,50.0,50.0,0,0,0,9.107589721679688e-05,0.0,0,55.0,55.0,55.0,0.0,0.0,61.0,proven_optimal,0.9016393442622951,0,0.0,0,0.0,0.0,0.0,0.0,0,0,0.0,False
exact_small,0,20,88,8.8,half_mean_deg,4.4,none,greedy,0.0,ideal,zero,1,graph,50.0,50.0,0,0,0,5.8650970458984375e-05,0.0,0,61.0,61.0,61.0,0.0,0.0,61.0,proven_optimal,1.0,0,0.0,0,0.0,0.0,0.0,0.0,0,0,0.0,False
exact_small,0,20,88,8.8,half_mean_deg,4.4,none,greedy,0.0,ideal,zero,2,graph,50.0,50.0,0,0,0,5.7220458984375e-05,0.0,0,59.0,59.0,59.0,0.0,0.0,61.0,proven_optimal,0.9672131147540983,0,0.0,0,0.0,0.0,0.0,0.0,0,0,0.0,False
exact_small,0,20,88,8.8,half_mean_deg,4.4,none,greedy,0.0,ideal,zero,3,graph,50.0,50.0,0,0,0,6.341934204101562e-05,0.0,0,61.0,61.0,61.0,0.0,0.0,61.0,proven_optimal,1.0,0,0.0,0,0.0,0.0,0.0,0.0,0,0,0.0,False
exact_small,0,20,88,8.8,half_mean_deg,4.4,none,greedy,0.0,ideal,zero,4,graph,50.0,50.0,0,0,0,8.893013000488281e-05,0.0,0,57.0,57.0,57.0,0.0,0.0,61.0,proven_optimal,0.9344262295081968,0,0.0,0,0.0,0.0,0.0,0.0,0,0,0.0,False
exact_small,0,20,88,8.8,half_mean_deg,4.4,none,greedy,0.0,ideal,zero,5,graph,50.0,50.0,0,0,0,5.53131103515625e-05,0.0,0,61.0,61.0,61.0,0.0,0.0,61.0,proven_optimal,1.0,0,0.0,0,0.0,0.0,0.0,0.0,0,0,0.0,False
exact_small,0,20,88,8.8,half_mean_deg,4.4,none,greedy,0.0,ideal,zero,6,graph,50.0,50.0,0,0,0,4.3392181396484375e-05,0.0,0,59.0,59.0,59.0,0.0,0.0,61.0,proven_optimal,0.9672131147540983,0,0.0,0,0.0,0.0,0.0,0.0,0,0,0.0,False
exact_small,0,20,88,8.8,half_mean_deg,4.4,none,greedy,0.0,ideal,zero,7,graph,50.0,50.0,0,0,0,3.8623809814453125e-05,0.0,0,54.0,54.0,54.0,0.0,0.0,61.0,proven_optimal,0.8852459016393442,0,0.0,0,0.0,0.0,0.0,0.0,0,0,0.0,False
exact_small,0,20,88,8.8,half_mean_deg,4.4,none,greedy,0.0,ideal,zero,8,graph,50.0,50.0,0,0,0,5.125999450683594e-05,0.0,0,57.0,57.0,57.0,0.0,0.0,61.0,proven_optimal,0.9344262295081968,0,0.0,0,0.0,0.0,0.0,0.0,0,0,0.0,False
exact_small,0,20,88,8.8,half_mean_deg,4.4,none,greedy,0.0,ideal,zero,9,graph,50.0,50.0,0,0,0,0.00022840499877929688,0.0,0,59.0,59.0,59.0,0.0,0.0,61.0,proven_optimal,0.9672131147540983,0,0.0,0,0.0,0.0,0.0,0.0,0,0,0.0,False
exact_small,0,20,88,8.8,half_mean_deg,4.4,none,static_projected,0.0,ideal,zero,0,graph,50.0,50.0,0,1,830,0.018991708755493164,0.004920005798339844,1,54.0,61.0,61.0,0.0,0.0,61.0,proven_optimal,1.0,88,8.8,14,4.292084266437213,4.4,0.0,0.0,0,0,0.0,False
exact_small,0,20,88,8.8,half_mean_deg,4.4,none,static_projected,0.0,ideal,zero,1,graph,50.0,50.0,0,1,794,0.01828455924987793,0.004868507385253906,1,61.0,61.0,61.0,0.0,0.0,61.0,proven_optimal,1.0,88,8.8,14,4.292084266437213,4.4,0.0,0.0,0,0,0.0,False
exact_small,0,20,88,8.8,half_mean_deg,4.4,none,static_projected,0.0,ideal,zero,2,graph,50.0,50.0,0,1,806,0.018233537673950195,0.0047872066497802734,1,54.0,61.0,61.0,0.0,0.0,61.0,proven_optimal,1.0,88,8.8,14,4.292084266437213,4.4,0.0,0.0,0,0,0.0,False
exact_small,0,20,88,8.8,half_mean_deg,4.4,none,static_projected,0.0,ideal,zero,3,graph,50.0,50.0,0,1,830,0.018836259841918945,0.004868507385253906,1,61.0,61.0,61.0,0.0,0.0,61.0,proven_optimal,1.0,88,8.8,14,4.292084266437213,4.4,0.0,0.0,0,0,0.0,False
exact_small,0,20,88,8.8,half_mean_deg,4.4,none,static_projected,0.0,ideal,zero,4,graph,50.0,50.0,0,1,842,0.01902174949645996,0.0048258304595947266,1,61.0,61.0,61.0,0.0,0.0,61.0,proven_optimal,1.0,88,8.8,14,4.292084266437213,4.4,0.0,0.0,0,0,0.0,False
exact_small,0,20,88,8.8,half_mean_deg,4.4,none,static_projected,0.0,ideal,zero,5,graph,50.0,50.0,0,1,854,0.01925349235534668,0.005079984664916992,1,58.0,61.0,61.0,0.0,0.0,61.0,proven_optimal,1.0,88,8.8,14,4.292084266437213,4.4,0.0,0.0,0,0,0.0,False
exact_small,0,20,88,8.8,half_mean_deg,4.4,none,static_projected,0.0,ideal,zero,6,graph,50.0,50.0,0,1,746,0.017730712890625,0.004897594451904297,1,61.0,61.0,61.0,0.0,0.0,61.0,proven_optimal,1.0,88,8.8,14,4.292084266437213,4.4,0.0,0.0,0,0,0.0,False
exact_small,0,20,88,8.8,half_mean_deg,4.4,none,static_projected,0.0,ideal,zero,7,graph,50.0,50.0,0,1,866,0.019913434982299805,0.004845380783081055,1,57.0,61.0,61.0,0.0,0.0,61.0,proven_optimal,1.0,88,8.8,14,4.292084266437213,4.4,0.0,0.0,0,0,0.0,False
exact_small,0,20,88,8.8,half_mean_deg,4.4,none,static_projected,0.0,ideal,zero,8,graph,50.0,50.0,0,1,830,0.01956462860107422,0.0053386688232421875,1,60.0,61.0,61.0,0.0,0.0,61.0,proven_optimal,1.0,88,8.8,14,4.292084266437213,4.4,0.0,0.0,0,0,0.0,False
exact_small,0,20,88,8.8,half_mean_deg,4.4,none,static_projected,0.0,ideal,zero,9,graph,50.0,50.0,0,1,1118,0.022746801376342773,0.0054018497467041016,1,60.0,61.0,61.0,0.0,0.0,61.0,proven_optimal,1.0,88,8.8,14,4.292084266437213,4.4,0.0,0.0,0,0,0.0,False
exact_small,0,20,88,8.8,half_mean_deg,4.4,none,static_budgeted,0.0,ideal,zero,0,graph,50.0,50.0,0,1,866,0.019658327102661133,0.005778074264526367,1,60.0,61.0,61.0,0.0,0.0,61.0,proven_optimal,1.0,65,6.5,9,4.246571220345153,4.400000000000001,8.881784197001252e-16,0.0,0,0,0.0,False
exact_small,0,20,88,8.8,half_mean_deg,4.4,none,static_budgeted,0.0,ideal,zero,1,graph,50.0,50.0,0,1,902,0.017484664916992188,0.0036172866821289062,1,51.0,59.0,59.0,0.0,0.0,61.0,proven_optimal,0.9672131147540983,64,6.4,10,4.066714515555424,4.400000000000001,8.881784197001252e-16,0.0,0,0,0.0,False
exact_small,0,20,88,8.8,half_mean_deg,4.4,none,static_budgeted,0.0,ideal,zero,2,graph,50.0,50.0,0,1,1022,0.019127845764160156,0.0031404495239257812,1,61.0,61.0,61.0,0.0,0.0,61.0,proven_optimal,1.0,60,6.0,11,4.041848975755814,4.400000000000148,1.474376176702208e-13,0.0,0,0,0.0,False
exact_small,0,20,88,8.8,half_mean_deg,4.4,none,static_budgeted,0.0,ideal,zero,3,graph,50.0,50.0,0,1,794,0.015847206115722656,0.0032181739807128906,1,58.0,61.0,61.0,0.0,0.0,61.0,proven_optimal,1.0,65,6.5,10,4.099711191958843,4.4000000000004285,4.2810199829546036e-13,0.0,0,0,0.0,False
exact_small,0,20,88,8.8,half_mean_deg,4.4,none,static_budgeted,0.0,ideal,zero,4,graph,50.0,50.0,0,1,806,0.016170024871826172,0.003297090530395508,1,61.0,61.0,61.0,0.0,0.0,61.0,proven_optimal,1.0,64,6.4,11,4.0911771424857575,4.400000000000359,3.588240815588506e-13,0.0,0,0,0.0,False
exact_small,0,20,88,8.8,half_mean_deg,4.4,none,static_budgeted,0.0,ideal,zero,5,graph,50.0,50.0,0,1,914,0.01783132553100586,0.0035126209259033203,1,57.0,61.0,61.0,0.0,0.0,61.0,proven_optimal,1.0,65,6.5,10,4.1412702892087365,4.400000000000092,9.14823772291129e-14,0.0,0,0,0.0,False
exact_small,0,20,88,8.8,half_mean_deg,4.4,none,static_budgeted,0.0,ideal,zero,6,graph,50.0,50.0,0,1,866,0.01666998863220215,0.003109455108642578,1,58.0,60.0,61.0,0.0,0.0,61.0,proven_optimal,1.0,60,6.0,8,4.08220345077204,4.400000000000517,5.169198402654729e-13,0.0,0,0,0.0,False
exact_small,0,20,88,8.8,half_mean_deg,4.4,none,static_budgeted,0.0,ideal,zero,7,graph,50.0,50.0,0,1,974,0.01850128173828125,0.003269195556640625,1,55.0,61.0,61.0,0.0,0.0,61.0,proven_optimal,1.0,62,6.2,10,4.126421492178854,4.400000000000838,8.375522497772181e-13,0.0,0,0,0.0,False
exact_small,0,20,88,8.8,half_mean_deg,4.4,none,static_budgeted,0.0,ideal,zero,8,graph,50.0,50.0,0,1,842,0.01708984375,0.003776073455810547,1,59.0,61.0,61.0,0.0,0.0,61.0,proven_optimal,1.0,60,6.0,9,4.166101591749142,4.400000000000114,1.1368683772161603e-13,0.0,0,0,0.0,False
exact_small,0,20,88,8.8,half_mean_deg,4.4,none,static_budgeted,0.0,ideal,zero,9,graph,50.0,50.0,0,1,998,0.019690752029418945,0.004205465316772461,1,59.0,61.0,61.0,0.0,0.0,61.0,proven_optimal,1.0,62,6.2,10,4.076474766841334,4.4000000000003245,3.241851231905457e-13,0.0,0,0,0.0,False
exact_small,0,20,88,8.8,half_mean_deg,4.4,none,random_budgeted,0.0,ideal,zero,0,graph,50.0,50.0,0,1,614,0.012796163558959961,0.002349376678466797,1,55.0,61.0,61.0,0.0,0.0,61.0,proven_optimal,1.0,85,8.5,14,3.601669714688034,4.400000000000044,4.3520742565306136e-14,0.0,0,0,0.0,False
exact_small,0,20,88,8.8,half_mean_deg,4.4,none,random_budgeted,0.0,ideal,zero,1,graph,50.0,50.0,0,1,806,0.015420913696289062,0.0023500919342041016,1,54.0,60.0,61.0,0.0,0.0,61.0,proven_optimal,1.0,86,8.6,13,3.6909761569432513,4.400000000000243,2.424727085781342e-13,0.0,0,0,0.0,False
exact_small,0,20,88,8.8,half_mean_deg,4.4,none,random_budgeted,0.0,ideal,zero,2,graph,50.0,50.0,0,1,818,0.015466690063476562,0.002162456512451172,1,53.0,61.0,61.0,0.0,0.0,61.0,proven_optimal,1.0,88,8.8,14,3.4907562209524436,4.40000000000012,1.199040866595169e-13,0.0,0,0,0.0,False
exact_small,0,20,88,8.8,half_mean_deg,4.4,none,random_budgeted,0.0,ideal,zero,3,graph,50.0,50.0,0,1,638,0.012925386428833008,0.002367258071899414,1,60.0,60.0,61.0,0.0,0.0,61.0,proven_optimal,1.0,87,8.7,14,3.464076818991257,4.400000000000022,2.1316282072803006e-14,0.0,0,0,0.0,False
exact_small,0,20,88,8.8,half_mean_deg,4.4,none,random_budgeted,0.0,ideal,zero,4,graph,50.0,50.0,0,1,722,0.014520883560180664,0.0025827884674072266,1,53.0,61.0,61.0,0.0,0.0,61.0,proven_optimal,1.0,85,8.5,13,3.3976170934989844,4.40000000000002,1.9539925233402755e-14,0.0,0,0,0.0,False
exact_small,0,20,88,8.8,half_mean_deg,4.4,none,random_budgeted,0.0,ideal,zero,5,graph,50.0,50.0,0,1,710,0.01415705680847168,0.0023555755615234375,1,55.0,61.0,61.0,0.0,0.0,61.0,proven_optimal,1.0,87,8.7,14,3.631541533411692,4.400000000000004,3.552713678800501e-15,0.0,0,0,0.0,False
exact_small,0,20,88,8.8,half_mean_deg,4.4,none,random_budgeted,0.0,ideal,zero,6,graph,50.0,50.0,0,1,734,0.013488292694091797,0.0019800662994384766,1,58.0,58.0,61.0,0.0,0.0,61.0,proven_optimal,1.0,87,8.7,14,3.5464465735121835,4.400000000000205,2.042810365310288e-13,0.0,0,0,0.0,False
exact_small,0,20,88,8.8,half_mean_deg,4.4,none,random_budgeted,0.0,ideal,zero,7,graph,50.0,50.0,0,1,854,0.01564931869506836,0.0019109249114990234,1,61.0,61.0,61.0,0.0,0.0,61.0,proven_optimal,1.0,87,8.7,13,3.6918508007136657,4.3999999999999995,-8.881784197001252e-16,0.0,0,0,0.0,False
exact_small,0,20,88,8.8,half_mean_deg,4.4,none,random_budgeted,0.0,ideal,zero,8,graph,50.0,50.0,0,1,698,0.013949394226074219,0.0027947425842285156,1,60.0,61.0,61.0,0.0,0.0,61.0,proven_optimal,1.0,84,8.4,12,3.6268287653145506,4.400000000000299,2.984279490192421e-13,0.0,0,0,0.0,False
exact_small,0,20,88,8.8,half_mean_deg,4.4,none,random_budgeted,0.0,ideal,zero,9,graph,50.0,50.0,0,1,890,0.016571521759033203,0.0023839473724365234,1,61.0,61.0,61.0,0.0,0.0,61.0,proven_optimal,1.0,88,8.8,14,3.5917481562218136,4.400000000000099,9.85878045867139e-14,0.0,0,0,0.0,False
exact_small,0,20,88,8.8,half_mean_deg,4.4,none,learned_support_random_weights,0.0,ideal,zero,0,hebbian_seed0,50.0,50.0,0,1,746,0.011978626251220703,0.0003612041473388672,1,53.0,53.0,59.0,0.0,0.0,61.0,proven_optimal,0.9672131147540983,53,5.3,8,2.783231583035354,4.4,0.0,0.0,0,0,0.0,False
exact_small,0,20,88,8.8,half_mean_deg,4.4,none,learned_support_random_weights,0.0,ideal,zero,1,hebbian_seed0,50.0,50.0,0,1,746,0.01194143295288086,0.00044155120849609375,1,53.0,53.0,59.0,0.0,0.0,61.0,proven_optimal,0.9672131147540983,53,5.3,8,2.67655503244872,4.4,0.0,0.0,0,0,0.0,False
exact_small,0,20,88,8.8,half_mean_deg,4.4,none,learned_support_random_weights,0.0,ideal,zero,2,hebbian_seed0,50.0,50.0,0,1,746,0.011782646179199219,0.00024080276489257812,1,53.0,53.0,59.0,0.0,0.0,61.0,proven_optimal,0.9672131147540983,53,5.3,8,2.421550624284145,4.118863499210588,-0.28113650078941266,0.0,0,0,0.0,False
exact_small,0,20,88,8.8,half_mean_deg,4.4,none,learned_support_random_weights,0.0,ideal,zero,3,hebbian_seed0,50.0,50.0,0,1,794,0.012643098831176758,0.00043463706970214844,1,53.0,53.0,59.0,0.0,0.0,61.0,proven_optimal,0.9672131147540983,53,5.3,8,2.658667543767268,4.4,0.0,0.0,0,0,0.0,False
exact_small,0,20,88,8.8,half_mean_deg,4.4,none,learned_support_random_weights,0.0,ideal,zero,4,hebbian_seed0,50.0,50.0,0,1,842,0.01309347152709961,0.00016427040100097656,1,53.0,53.0,59.0,0.0,0.0,61.0,proven_optimal,0.9672131147540983,53,5.3,8,2.725021812152673,4.179404475481871,-0.2205955245181297,0.0,0,0,0.0,False
exact_small,0,20,88,8.8,half_mean_deg,4.4,none,learned_support_random_weights,0.0,ideal,zero,5,hebbian_seed0,50.0,50.0,0,1,830,0.013147115707397461,0.00016927719116210938,1,53.0,53.0,59.0,0.0,0.0,61.0,proven_optimal,0.9672131147540983,53,5.3,8,2.513855059644005,4.3760469802251505,-0.02395301977484987,0.0,0,0,0.0,False
exact_small,0,20,88,8.8,half_mean_deg,4.4,none,learned_support_random_weights,0.0,ideal,zero,6,hebbian_seed0,50.0,50.0,0,1,734,0.011790275573730469,0.0003414154052734375,1,53.0,53.0,59.0,0.0,0.0,61.0,proven_optimal,0.9672131147540983,53,5.3,8,2.545338699198143,4.4,0.0,0.0,0,0,0.0,False
exact_small,0,20,88,8.8,half_mean_deg,4.4,none,learned_support_random_weights,0.0,ideal,zero,7,hebbian_seed0,50.0,50.0,0,1,770,0.012184381484985352,0.00016450881958007812,1,53.0,53.0,59.0,0.0,0.0,61.0,proven_optimal,0.9672131147540983,53,5.3,8,2.7612373721569563,4.023859196485889,-0.3761408035141116,0.0,0,0,0.0,False
exact_small,0,20,88,8.8,half_mean_deg,4.4,none,learned_support_random_weights,0.0,ideal,zero,8,hebbian_seed0,50.0,50.0,0,1,878,0.013837337493896484,0.00037360191345214844,1,53.0,53.0,59.0,0.0,0.0,61.0,proven_optimal,0.9672131147540983,53,5.3,8,2.8124099342892834,4.4,0.0,0.0,0,0,0.0,False
exact_small,0,20,88,8.8,half_mean_deg,4.4,none,learned_support_random_weights,0.0,ideal,zero,9,hebbian_seed0,50.0,50.0,0,1,758,0.011882543563842773,0.0001652240753173828,1,53.0,53.0,59.0,0.0,0.0,61.0,proven_optimal,0.9672131147540983,53,5.3,8,2.601667160568046,4.3244287959155745,-0.07557120408442586,0.0,0,0,0.0,False
exact_small,0,20,88,8.8,half_mean_deg,4.4,none,topology_scrambled,0.0,ideal,zero,0,graph,50.0,50.0,100,101,3380,0.4321422576904297,0.3536374568939209,101,52.0,52.0,61.0,0.0,0.0,61.0,proven_optimal,1.0,43,4.3,6,4.400000000000001,4.400000000000001,8.881784197001252e-16,0.0,0,0,-41.086213766556796,False
exact_small,0,20,88,8.8,half_mean_deg,4.4,none,topology_scrambled,0.0,ideal,zero,1,graph,50.0,50.0,100,101,3584,1.5011475086212158,1.4152517318725586,101,55.0,55.0,59.0,0.0,0.0,61.0,proven_optimal,0.9672131147540983,31,3.1,5,4.400000000000001,4.400000000000001,8.881784197001252e-16,0.0,0,0,-39.95854500887309,False
exact_small,0,20,88,8.8,half_mean_deg,4.4,none,topology_scrambled,0.0,ideal,zero,2,graph,50.0,50.0,100,101,4568,0.30025696754455566,0.2005608081817627,101,47.0,47.0,60.0,0.0,0.0,61.0,proven_optimal,0.9836065573770492,51,5.1,8,4.400000000000001,4.400000000000001,8.881784197001252e-16,0.0,0,0,-41.554496088064774,False
exact_small,0,20,88,8.8,half_mean_deg,4.4,none,topology_scrambled,0.0,ideal,zero,3,graph,50.0,50.0,100,101,4304,0.47616124153137207,0.38346290588378906,101,54.0,54.0,61.0,0.0,0.0,61.0,proven_optimal,1.0,50,5.0,8,4.400000000000001,4.400000000000001,8.881784197001252e-16,0.0,0,0,-41.210460628188734,False
exact_small,0,20,88,8.8,half_mean_deg,4.4,none,topology_scrambled,0.0,ideal,zero,4,graph,50.0,50.0,100,101,3908,1.143526315689087,1.0570640563964844,101,47.0,47.0,55.0,0.0,0.0,61.0,proven_optimal,0.9016393442622951,50,5.0,8,4.400000000000001,4.400000000000001,8.881784197001252e-16,0.0,0,0,-40.8106973245804,False
exact_small,0,20,88,8.8,half_mean_deg,4.4,none,topology_scrambled,0.0,ideal,zero,5,graph,50.0,50.0,100,101,2864,2.469135284423828,2.386903762817383,101,46.0,49.0,58.0,0.0,0.0,61.0,proven_optimal,0.9508196721311475,37,3.7,6,4.400000000000001,4.400000000000002,1.7763568394002505e-15,0.0,0,0,-40.58108794756058,False
exact_small,0,20,88,8.8,half_mean_deg,4.4,none,topology_scrambled,0.0,ideal,zero,6,graph,50.0,50.0,100,101,3476,0.6095166206359863,0.5240459442138672,101,54.0,54.0,61.0,0.0,0.0,61.0,proven_optimal,1.0,44,4.4,7,3.9600000000000017,4.400000000000002,1.7763568394002505e-15,0.0,0,0,-37.512508534080304,False
exact_small,0,20,88,8.8,half_mean_deg,4.4,none,topology_scrambled,0.0,ideal,zero,7,graph,50.0,50.0,100,101,3704,0.30124449729919434,0.21732449531555176,101,50.0,50.0,55.0,0.0,0.0,61.0,proven_optimal,0.9016393442622951,48,4.8,8,3.96,4.400000000000001,8.881784197001252e-16,0.0,0,0,-37.63404515918391,False
exact_small,0,20,88,8.8,half_mean_deg,4.4,none,topology_scrambled,0.0,ideal,zero,8,graph,50.0,50.0,100,101,2960,2.9182095527648926,2.8408730030059814,101,48.0,54.0,57.0,0.0,0.0,61.0,proven_optimal,0.9344262295081968,35,3.5,6,4.400000000000001,4.400000000000001,8.881784197001252e-16,0.0,0,0,-39.948614242252084,False
exact_small,0,20,88,8.8,half_mean_deg,4.4,none,topology_scrambled,0.0,ideal,zero,9,graph,50.0,50.0,100,101,4544,0.44133639335632324,0.3409311771392822,101,53.0,53.0,57.0,0.0,0.0,61.0,proven_optimal,0.9344262295081968,51,5.1,8,4.400000000000001,4.400000000000001,8.881784197001252e-16,0.0,0,0,-41.752781568562305,False
exact_small,0,20,88,8.8,half_mean_deg,4.4,sinkhorn,hebbian_sinkhorn,0.0,ideal,zero,0,graph,50.0,50.0,100,100,4916,0.14308500289916992,0.0,0,55.0,55.0,59.0,0.0,0.0,61.0,proven_optimal,0.9672131147540983,55,5.5,8,3.9268872488705404,4.400000000000001,8.881784197001252e-16,0.0,0,5,-37.728130048750316,False
exact_small,0,20,88,8.8,half_mean_deg,4.4,sinkhorn,hebbian_sinkhorn,0.0,ideal,zero,1,graph,50.0,50.0,100,100,5096,0.13132882118225098,0.0,0,59.0,59.0,61.0,0.0,0.0,61.0,proven_optimal,1.0,59,5.9,9,4.134743802387114,4.4,0.0,0.0,0,0,-39.73315373620154,False
exact_small,0,20,88,8.8,half_mean_deg,4.4,sinkhorn,hebbian_sinkhorn,0.0,ideal,zero,2,graph,50.0,50.0,100,100,4796,0.12571263313293457,0.0,0,56.0,56.0,56.0,0.0,0.0,61.0,proven_optimal,0.9180327868852459,56,5.6,8,4.147705573581779,4.400000000000001,8.881784197001252e-16,0.0,0,0,-39.79818330880295,False
exact_small,0,20,88,8.8,half_mean_deg,4.4,sinkhorn,hebbian_sinkhorn,0.0,ideal,zero,3,graph,50.0,50.0,100,100,4472,0.12701082229614258,0.0,0,52.0,52.0,61.0,0.0,0.0,61.0,proven_optimal,1.0,52,5.2,8,4.241064559706212,4.4,0.0,0.0,0,0,-40.46972950758713,False
exact_small,0,20,88,8.8,half_mean_deg,4.4,sinkhorn,hebbian_sinkhorn,0.0,ideal,zero,4,graph,50.0,50.0,100,100,4376,0.13276219367980957,0.0,0,48.0,48.0,55.0,0.0,0.0,61.0,proven_optimal,0.9016393442622951,48,4.8,9,4.079049399110231,4.4,0.0,0.0,0,12,-38.72388097422093,False
exact_small,0,20,88,8.8,half_mean_deg,4.4,sinkhorn,hebbian_sinkhorn,0.0,ideal,zero,5,graph,50.0,50.0,100,100,4784,0.13534045219421387,0.0,0,55.0,55.0,55.0,0.0,0.0,61.0,proven_optimal,0.9016393442622951,55,5.5,8,4.173222214468201,4.400000000000001,8.881784197001252e-16,0.0,0,11,-39.92057870419365,False
exact_small,0,20,88,8.8,half_mean_deg,4.4,sinkhorn,hebbian_sinkhorn,0.0,ideal,zero,6,graph,50.0,50.0,100,100,4556,0.12838482856750488,0.0,0,57.0,57.0,61.0,0.0,0.0,61.0,proven_optimal,1.0,57,5.7,8,4.111177922134558,4.400000000000001,8.881784197001252e-16,0.0,0,3,-39.38480345420628,False
exact_small,0,20,88,8.8,half_mean_deg,4.4,sinkhorn,hebbian_sinkhorn,0.0,ideal,zero,7,graph,50.0,50.0,100,100,4592,0.12105965614318848,0.0,0,51.0,51.0,55.0,0.0,0.0,61.0,proven_optimal,0.9016393442622951,51,5.1,7,4.206020177504284,4.400000000000001,8.881784197001252e-16,0.0,0,0,-40.03911406101893,False
exact_small,0,20,88,8.8,half_mean_deg,4.4,sinkhorn,hebbian_sinkhorn,0.0,ideal,zero,8,graph,50.0,50.0,100,100,4436,0.12150454521179199,0.0,0,53.0,53.0,57.0,0.0,0.0,61.0,proven_optimal,0.9344262295081968,53,5.3,8,4.0738255554964775,4.4,0.0,0.0,0,0,-38.87187815859105,False
exact_small,0,20,88,8.8,half_mean_deg,4.4,sinkhorn,hebbian_sinkhorn,0.0,ideal,zero,9,graph,50.0,50.0,100,100,4508,0.12485265731811523,0.0,0,50.0,50.0,56.0,0.0,0.0,61.0,proven_optimal,0.9180327868852459,50,5.0,8,3.855673614495428,4.400000000000001,8.881784197001252e-16,0.0,0,0,-36.80119498201139,False
exact_small,0,20,88,8.8,half_mean_deg,4.4,sinkhorn,hybrid_sinkhorn,0.0,ideal,zero,0,graph,50.0,50.0,100,100,5746,0.14313077926635742,0.0,0,55.0,55.0,59.0,0.0,0.0,61.0,proven_optimal,0.9672131147540983,55,5.5,8,3.9268872488705404,4.400000000000001,8.881784197001252e-16,0.0,0,5,-37.728130048750316,False
exact_small,0,20,88,8.8,half_mean_deg,4.4,sinkhorn,hybrid_sinkhorn,0.0,ideal,zero,1,graph,50.0,50.0,100,100,5950,0.14309453964233398,0.0,0,59.0,59.0,61.0,0.0,0.0,61.0,proven_optimal,1.0,59,5.9,9,4.134743802387114,4.4,0.0,0.0,0,0,-39.73315373620154,False
exact_small,0,20,88,8.8,half_mean_deg,4.4,sinkhorn,hybrid_sinkhorn,0.0,ideal,zero,2,graph,50.0,50.0,100,100,5674,0.13666462898254395,0.0,0,56.0,56.0,56.0,0.0,0.0,61.0,proven_optimal,0.9180327868852459,56,5.6,8,4.147705573581779,4.400000000000001,8.881784197001252e-16,0.0,0,0,-39.79818330880295,False
exact_small,0,20,88,8.8,half_mean_deg,4.4,sinkhorn,hybrid_sinkhorn,0.0,ideal,zero,3,graph,50.0,50.0,100,100,5350,0.13285470008850098,0.0,0,52.0,52.0,61.0,0.0,0.0,61.0,proven_optimal,1.0,52,5.2,8,4.241064559706212,4.4,0.0,0.0,0,0,-40.46972950758713,False
exact_small,0,20,88,8.8,half_mean_deg,4.4,sinkhorn,hybrid_sinkhorn,0.0,ideal,zero,4,graph,50.0,50.0,100,100,5230,0.13418102264404297,0.0,0,48.0,48.0,55.0,0.0,0.0,61.0,proven_optimal,0.9016393442622951,48,4.8,9,4.079049399110231,4.4,0.0,0.0,0,12,-38.72388097422093,False
exact_small,0,20,88,8.8,half_mean_deg,4.4,sinkhorn,hybrid_sinkhorn,0.0,ideal,zero,5,graph,50.0,50.0,100,100,5650,0.13993358612060547,0.0,0,55.0,55.0,55.0,0.0,0.0,61.0,proven_optimal,0.9016393442622951,55,5.5,8,4.173222214468201,4.400000000000001,8.881784197001252e-16,0.0,0,11,-39.92057870419365,False
exact_small,0,20,88,8.8,half_mean_deg,4.4,sinkhorn,hybrid_sinkhorn,0.0,ideal,zero,6,graph,50.0,50.0,100,100,5398,0.13736224174499512,0.0,0,57.0,57.0,61.0,0.0,0.0,61.0,proven_optimal,1.0,57,5.7,8,4.111177922134558,4.400000000000001,8.881784197001252e-16,0.0,0,3,-39.38480345420628,False
exact_small,0,20,88,8.8,half_mean_deg,4.4,sinkhorn,hybrid_sinkhorn,0.0,ideal,zero,7,graph,50.0,50.0,100,100,5482,0.14062213897705078,0.0,0,51.0,51.0,55.0,0.0,0.0,61.0,proven_optimal,0.9016393442622951,51,5.1,7,4.206020177504284,4.400000000000001,8.881784197001252e-16,0.0,0,0,-40.03911406101893,False
exact_small,0,20,88,8.8,half_mean_deg,4.4,sinkhorn,hybrid_sinkhorn,0.0,ideal,zero,8,graph,50.0,50.0,100,100,5278,0.14027714729309082,0.0,0,53.0,53.0,57.0,0.0,0.0,61.0,proven_optimal,0.9344262295081968,53,5.3,8,4.0738255554964775,4.4,0.0,0.0,0,0,-38.87187815859105,False
exact_small,0,20,88,8.8,half_mean_deg,4.4,sinkhorn,hybrid_sinkhorn,0.0,ideal,zero,9,graph,50.0,50.0,100,100,5338,0.14295148849487305,0.0,0,50.0,50.0,56.0,0.0,0.0,61.0,proven_optimal,0.9180327868852459,50,5.0,8,3.855673614495428,4.400000000000001,8.881784197001252e-16,0.0,0,0,-36.80119498201139,False
exact_small,0,20,88,8.8,half_mean_deg,4.4,frobenius,hebbian_frobenius,0.0,ideal,zero,0,graph,50.0,50.0,100,101,4892,0.2727370262145996,0.18712949752807617,101,53.0,53.0,59.0,0.0,0.0,61.0,proven_optimal,0.9672131147540983,53,5.3,8,4.400000000000001,4.400000000000001,8.881784197001252e-16,0.0,0,0,-41.85731800564104,True
exact_small,0,20,88,8.8,half_mean_deg,4.4,frobenius,hebbian_frobenius,0.0,ideal,zero,1,graph,50.0,50.0,100,101,5120,0.2901782989501953,0.19285178184509277,101,59.0,59.0,61.0,0.0,0.0,61.0,proven_optimal,1.0,59,5.9,9,4.400000000000001,4.400000000000002,1.7763568394002505e-15,0.0,0,0,-42.02875827481496,True
exact_small,0,20,88,8.8,half_mean_deg,4.4,frobenius,hebbian_frobenius,0.0,ideal,zero,2,graph,50.0,50.0,100,101,4628,0.3100130558013916,0.2235867977142334,101,56.0,56.0,56.0,0.0,0.0,61.0,proven_optimal,0.9180327868852459,56,5.6,8,4.400000000000001,4.400000000000002,1.7763568394002505e-15,0.0,0,0,-41.84790330080989,True
exact_small,0,20,88,8.8,half_mean_deg,4.4,frobenius,hebbian_frobenius,0.0,ideal,zero,3,graph,50.0,50.0,100,101,4220,0.3471674919128418,0.27095675468444824,101,52.0,52.0,61.0,0.0,0.0,61.0,proven_optimal,1.0,52,5.2,8,4.400000000000001,4.400000000000001,8.881784197001252e-16,0.0,0,0,-41.77871628102253,True
exact_small,0,20,88,8.8,half_mean_deg,4.4,frobenius,hebbian_frobenius,0.0,ideal,zero,4,graph,50.0,50.0,100,101,4508,0.3312225341796875,0.2501988410949707,101,49.0,49.0,57.0,0.0,0.0,61.0,proven_optimal,0.9344262295081968,49,4.9,8,4.400000000000001,4.400000000000001,8.881784197001252e-16,0.0,0,0,-41.407703785520766,True
exact_small,0,20,88,8.8,half_mean_deg,4.4,frobenius,hebbian_frobenius,0.0,ideal,zero,5,graph,50.0,50.0,100,101,4592,0.3084299564361572,0.22783470153808594,101,55.0,55.0,55.0,0.0,0.0,61.0,proven_optimal,0.9016393442622951,55,5.5,8,4.400000000000001,4.400000000000001,8.881784197001252e-16,0.0,0,0,-41.897314940398076,True
exact_small,0,20,88,8.8,half_mean_deg,4.4,frobenius,hebbian_frobenius,0.0,ideal,zero,6,graph,50.0,50.0,100,101,4232,0.5967137813568115,0.5193536281585693,101,57.0,57.0,61.0,0.0,0.0,61.0,proven_optimal,1.0,57,5.7,8,4.400000000000001,4.400000000000001,8.881784197001252e-16,0.0,0,0,-41.78515061913084,True
exact_small,0,20,88,8.8,half_mean_deg,4.4,frobenius,hebbian_frobenius,0.0,ideal,zero,7,graph,50.0,50.0,100,101,4580,0.33712196350097656,0.2536287307739258,101,51.0,51.0,55.0,0.0,0.0,61.0,proven_optimal,0.9016393442622951,51,5.1,7,4.400000000000001,4.400000000000002,1.7763568394002505e-15,0.0,0,0,-41.6621977087545,True
exact_small,0,20,88,8.8,half_mean_deg,4.4,frobenius,hebbian_frobenius,0.0,ideal,zero,8,graph,50.0,50.0,100,101,4052,0.30478715896606445,0.21210479736328125,101,51.0,51.0,57.0,0.0,0.0,61.0,proven_optimal,0.9344262295081968,51,5.1,7,3.960000000000001,4.400000000000001,8.881784197001252e-16,0.0,0,0,-37.95917446905509,True
exact_small,0,20,88,8.8,half_mean_deg,4.4,frobenius,hebbian_frobenius,0.0,ideal,zero,9,graph,50.0,50.0,100,101,3452,0.34064149856567383,0.2752988338470459,101,51.0,51.0,59.0,0.0,0.0,61.0,proven_optimal,0.9672131147540983,51,5.1,9,4.400000000000001,4.400000000000002,1.7763568394002505e-15,0.0,0,0,-41.41789635356291,True
exact_small,0,20,88,8.8,half_mean_deg,4.4,frobenius,hybrid_frobenius,0.0,ideal,zero,0,graph,50.0,50.0,100,101,5794,0.2883796691894531,0.1841726303100586,101,53.0,53.0,59.0,0.0,0.0,61.0,proven_optimal,0.9672131147540983,53,5.3,8,4.400000000000001,4.400000000000001,8.881784197001252e-16,0.0,0,0,-41.85731800564104,True
exact_small,0,20,88,8.8,half_mean_deg,4.4,frobenius,hybrid_frobenius,0.0,ideal,zero,1,graph,50.0,50.0,100,101,6046,0.30603575706481934,0.19551897048950195,101,59.0,59.0,61.0,0.0,0.0,61.0,proven_optimal,1.0,59,5.9,9,4.400000000000001,4.400000000000002,1.7763568394002505e-15,0.0,0,0,-42.02875827481496,True
exact_small,0,20,88,8.8,half_mean_deg,4.4,frobenius,hybrid_frobenius,0.0,ideal,zero,2,graph,50.0,50.0,100,101,5530,0.3148477077484131,0.21481895446777344,101,56.0,56.0,56.0,0.0,0.0,61.0,proven_optimal,0.9180327868852459,56,5.6,8,4.400000000000001,4.400000000000002,1.7763568394002505e-15,0.0,0,0,-41.84790330080989,True
exact_small,0,20,88,8.8,half_mean_deg,4.4,frobenius,hybrid_frobenius,0.0,ideal,zero,3,graph,50.0,50.0,100,101,5122,0.3639214038848877,0.2746925354003906,101,52.0,52.0,61.0,0.0,0.0,61.0,proven_optimal,1.0,52,5.2,8,4.400000000000001,4.400000000000001,8.881784197001252e-16,0.0,0,0,-41.77871628102253,True
exact_small,0,20,88,8.8,half_mean_deg,4.4,frobenius,hybrid_frobenius,0.0,ideal,zero,4,graph,50.0,50.0,100,101,5434,0.3439311981201172,0.2501976490020752,101,49.0,49.0,57.0,0.0,0.0,61.0,proven_optimal,0.9344262295081968,49,4.9,8,4.400000000000001,4.400000000000001,8.881784197001252e-16,0.0,0,0,-41.407703785520766,True
exact_small,0,20,88,8.8,half_mean_deg,4.4,frobenius,hybrid_frobenius,0.0,ideal,zero,5,graph,50.0,50.0,100,101,5494,0.3218815326690674,0.22702503204345703,101,55.0,55.0,55.0,0.0,0.0,61.0,proven_optimal,0.9016393442622951,55,5.5,8,4.400000000000001,4.400000000000001,8.881784197001252e-16,0.0,0,0,-41.897314940398076,True
exact_small,0,20,88,8.8,half_mean_deg,4.4,frobenius,hybrid_frobenius,0.0,ideal,zero,6,graph,50.0,50.0,100,101,5122,0.6113300323486328,0.5218119621276855,101,57.0,57.0,61.0,0.0,0.0,61.0,proven_optimal,1.0,57,5.7,8,4.400000000000001,4.400000000000001,8.881784197001252e-16,0.0,0,0,-41.78515061913084,True
exact_small,0,20,88,8.8,half_mean_deg,4.4,frobenius,hybrid_frobenius,0.0,ideal,zero,7,graph,50.0,50.0,100,101,5506,0.34366583824157715,0.24875974655151367,101,51.0,51.0,55.0,0.0,0.0,61.0,proven_optimal,0.9016393442622951,51,5.1,7,4.400000000000001,4.400000000000002,1.7763568394002505e-15,0.0,0,0,-41.6621977087545,True
exact_small,0,20,88,8.8,half_mean_deg,4.4,frobenius,hybrid_frobenius,0.0,ideal,zero,8,graph,50.0,50.0,100,101,4942,0.29086971282958984,0.20415687561035156,101,51.0,51.0,57.0,0.0,0.0,61.0,proven_optimal,0.9344262295081968,51,5.1,7,3.960000000000001,4.400000000000001,8.881784197001252e-16,0.0,0,0,-37.95917446905509,True
exact_small,0,20,88,8.8,half_mean_deg,4.4,frobenius,hybrid_frobenius,0.0,ideal,zero,9,graph,50.0,50.0,100,101,4354,0.35935068130493164,0.27997636795043945,101,51.0,51.0,59.0,0.0,0.0,61.0,proven_optimal,0.9672131147540983,51,5.1,9,4.400000000000001,4.400000000000002,1.7763568394002505e-15,0.0,0,0,-41.41789635356291,True
exact_small,0,20,88,8.8,half_mean_deg,4.4,none,sdp_gw,0.0,ideal,zero,0,graph,50.0,50.0,0,0,0,0.08055615425109863,0.0,0,61.0,61.0,61.0,62.671843010665974,61.0,61.0,proven_optimal,1.0,0,0.0,0,0.0,0.0,0.0,0.0,0,0,0.0,False
exact_small,0,20,88,8.8,mean_deg,8.8,none,static,0.0,ideal,zero,0,graph,50.0,50.0,0,0,1262,0.02079296112060547,0.0,0,56.0,61.0,61.0,0.0,0.0,61.0,proven_optimal,1.0,88,8.8,14,8.8,14.0,5.199999999999999,0.0,0,0,0.0,False
exact_small,0,20,88,8.8,mean_deg,8.8,none,static,0.0,ideal,zero,1,graph,50.0,50.0,0,0,1286,0.02111983299255371,0.0,0,61.0,61.0,61.0,0.0,0.0,61.0,proven_optimal,1.0,88,8.8,14,8.8,14.0,5.199999999999999,0.0,0,0,0.0,False
exact_small,0,20,88,8.8,mean_deg,8.8,none,static,0.0,ideal,zero,2,graph,50.0,50.0,0,0,1286,0.021412372589111328,0.0,0,57.0,61.0,61.0,0.0,0.0,61.0,proven_optimal,1.0,88,8.8,14,8.8,14.0,5.199999999999999,0.0,0,0,0.0,False
exact_small,0,20,88,8.8,mean_deg,8.8,none,static,0.0,ideal,zero,3,graph,50.0,50.0,0,0,1466,0.024672269821166992,0.0,0,61.0,61.0,61.0,0.0,0.0,61.0,proven_optimal,1.0,88,8.8,14,8.8,14.0,5.199999999999999,0.0,0,0,0.0,False
exact_small,0,20,88,8.8,mean_deg,8.8,none,static,0.0,ideal,zero,4,graph,50.0,50.0,0,0,1418,0.02380204200744629,0.0,0,61.0,61.0,61.0,0.0,0.0,61.0,proven_optimal,1.0,88,8.8,14,8.8,14.0,5.199999999999999,0.0,0,0,0.0,False
exact_small,0,20,88,8.8,mean_deg,8.8,none,static,0.0,ideal,zero,5,graph,50.0,50.0,0,0,1358,0.02253246307373047,0.0,0,56.0,61.0,61.0,0.0,0.0,61.0,proven_optimal,1.0,88,8.8,14,8.8,14.0,5.199999999999999,0.0,0,0,0.0,False
exact_small,0,20,88,8.8,mean_deg,8.8,none,static,0.0,ideal,zero,6,graph,50.0,50.0,0,0,1226,0.020548343658447266,0.0,0,61.0,61.0,61.0,0.0,0.0,61.0,proven_optimal,1.0,88,8.8,14,8.8,14.0,5.199999999999999,0.0,0,0,0.0,False
exact_small,0,20,88,8.8,mean_deg,8.8,none,static,0.0,ideal,zero,7,graph,50.0,50.0,0,0,1382,0.022907257080078125,0.0,0,58.0,61.0,61.0,0.0,0.0,61.0,proven_optimal,1.0,88,8.8,14,8.8,14.0,5.199999999999999,0.0,0,0,0.0,False
exact_small,0,20,88,8.8,mean_deg,8.8,none,static,0.0,ideal,zero,8,graph,50.0,50.0,0,0,1406,0.023046255111694336,0.0,0,61.0,61.0,61.0,0.0,0.0,61.0,proven_optimal,1.0,88,8.8,14,8.8,14.0,5.199999999999999,0.0,0,0,0.0,False
exact_small,0,20,88,8.8,mean_deg,8.8,none,static,0.0,ideal,zero,9,graph,50.0,50.0,0,0,1334,0.02200627326965332,0.0,0,61.0,61.0,61.0,0.0,0.0,61.0,proven_optimal,1.0,88,8.8,14,8.8,14.0,5.199999999999999,0.0,0,0,0.0,False
exact_small,0,20,88,8.8,mean_deg,8.8,none,random_rounding,0.0,ideal,zero,0,graph,50.0,50.0,0,0,1262,0.020856618881225586,0.0,0,56.0,61.0,61.0,0.0,0.0,61.0,proven_optimal,1.0,88,8.8,14,8.8,14.0,5.199999999999999,0.0,0,0,0.0,False
exact_small,0,20,88,8.8,mean_deg,8.8,none,random_rounding,0.0,ideal,zero,1,graph,50.0,50.0,0,0,1286,0.021313190460205078,0.0,0,61.0,61.0,61.0,0.0,0.0,61.0,proven_optimal,1.0,88,8.8,14,8.8,14.0,5.199999999999999,0.0,0,0,0.0,False
exact_small,0,20,88,8.8,mean_deg,8.8,none,random_rounding,0.0,ideal,zero,2,graph,50.0,50.0,0,0,1286,0.022763967514038086,0.0,0,57.0,61.0,61.0,0.0,0.0,61.0,proven_optimal,1.0,88,8.8,14,8.8,14.0,5.199999999999999,0.0,0,0,0.0,False
exact_small,0,20,88,8.8,mean_deg,8.8,none,random_rounding,0.0,ideal,zero,3,graph,50.0,50.0,0,0,1466,0.024967670440673828,0.0,0,61.0,61.0,61.0,0.0,0.0,61.0,proven_optimal,1.0,88,8.8,14,8.8,14.0,5.199999999999999,0.0,0,0,0.0,False
exact_small,0,20,88,8.8,mean_deg,8.8,none,random_rounding,0.0,ideal,zero,4,graph,50.0,50.0,0,0,1418,0.023248672485351562,0.0,0,61.0,61.0,61.0,0.0,0.0,61.0,proven_optimal,1.0,88,8.8,14,8.8,14.0,5.199999999999999,0.0,0,0,0.0,False
exact_small,0,20,88,8.8,mean_deg,8.8,none,random_rounding,0.0,ideal,zero,5,graph,50.0,50.0,0,0,1358,0.022368192672729492,0.0,0,56.0,61.0,61.0,0.0,0.0,61.0,proven_optimal,1.0,88,8.8,14,8.8,14.0,5.199999999999999,0.0,0,0,0.0,False
exact_small,0,20,88,8.8,mean_deg,8.8,none,random_rounding,0.0,ideal,zero,6,graph,50.0,50.0,0,0,1226,0.020556211471557617,0.0,0,61.0,61.0,61.0,0.0,0.0,61.0,proven_optimal,1.0,88,8.8,14,8.8,14.0,5.199999999999999,0.0,0,0,0.0,False
exact_small,0,20,88,8.8,mean_deg,8.8,none,random_rounding,0.0,ideal,zero,7,graph,50.0,50.0,0,0,1382,0.02265143394470215,0.0,0,58.0,61.0,61.0,0.0,0.0,61.0,proven_optimal,1.0,88,8.8,14,8.8,14.0,5.199999999999999,0.0,0,0,0.0,False
exact_small,0,20,88,8.8,mean_deg,8.8,none,random_rounding,0.0,ideal,zero,8,graph,50.0,50.0,0,0,1406,0.023365259170532227,0.0,0,61.0,61.0,61.0,0.0,0.0,61.0,proven_optimal,1.0,88,8.8,14,8.8,14.0,5.199999999999999,0.0,0,0,0.0,False
exact_small,0,20,88,8.8,mean_deg,8.8,none,random_rounding,0.0,ideal,zero,9,graph,50.0,50.0,0,0,1334,0.022125720977783203,0.0,0,61.0,61.0,61.0,0.0,0.0,61.0,proven_optimal,1.0,88,8.8,14,8.8,14.0,5.199999999999999,0.0,0,0,0.0,False
exact_small,0,20,88,8.8,mean_deg,8.8,none,greedy,0.0,ideal,zero,0,graph,50.0,50.0,0,0,0,4.363059997558594e-05,0.0,0,55.0,55.0,55.0,0.0,0.0,61.0,proven_optimal,0.9016393442622951,0,0.0,0,0.0,0.0,0.0,0.0,0,0,0.0,False
exact_small,0,20,88,8.8,mean_deg,8.8,none,greedy,0.0,ideal,zero,1,graph,50.0,50.0,0,0,0,5.53131103515625e-05,0.0,0,61.0,61.0,61.0,0.0,0.0,61.0,proven_optimal,1.0,0,0.0,0,0.0,0.0,0.0,0.0,0,0,0.0,False
exact_small,0,20,88,8.8,mean_deg,8.8,none,greedy,0.0,ideal,zero,2,graph,50.0,50.0,0,0,0,5.3882598876953125e-05,0.0,0,59.0,59.0,59.0,0.0,0.0,61.0,proven_optimal,0.9672131147540983,0,0.0,0,0.0,0.0,0.0,0.0,0,0,0.0,False
exact_small,0,20,88,8.8,mean_deg,8.8,none,greedy,0.0,ideal,zero,3,graph,50.0,50.0,0,0,0,4.792213439941406e-05,0.0,0,61.0,61.0,61.0,0.0,0.0,61.0,proven_optimal,1.0,0,0.0,0,0.0,0.0,0.0,0.0,0,0,0.0,False
exact_small,0,20,88,8.8,mean_deg,8.8,none,greedy,0.0,ideal,zero,4,graph,50.0,50.0,0,0,0,4.839897155761719e-05,0.0,0,57.0,57.0,57.0,0.0,0.0,61.0,proven_optimal,0.9344262295081968,0,0.0,0,0.0,0.0,0.0,0.0,0,0,0.0,False
exact_small,0,20,88,8.8,mean_deg,8.8,none,greedy,0.0,ideal,zero,5,graph,50.0,50.0,0,0,0,5.078315734863281e-05,0.0,0,61.0,61.0,61.0,0.0,0.0,61.0,proven_optimal,1.0,0,0.0,0,0.0,0.0,0.0,0.0,0,0,0.0,False
exact_small,0,20,88,8.8,mean_deg,8.8,none,greedy,0.0,ideal,zero,6,graph,50.0,50.0,0,0,0,4.8160552978515625e-05,0.0,0,59.0,59.0,59.0,0.0,0.0,61.0,proven_optimal,0.9672131147540983,0,0.0,0,0.0,0.0,0.0,0.0,0,0,0.0,False
exact_small,0,20,88,8.8,mean_deg,8.8,none,greedy,0.0,ideal,zero,7,graph,50.0,50.0,0,0,0,3.8623809814453125e-05,0.0,0,54.0,54.0,54.0,0.0,0.0,61.0,proven_optimal,0.8852459016393442,0,0.0,0,0.0,0.0,0.0,0.0,0,0,0.0,False
exact_small,0,20,88,8.8,mean_deg,8.8,none,greedy,0.0,ideal,zero,8,graph,50.0,50.0,0,0,0,4.2438507080078125e-05,0.0,0,57.0,57.0,57.0,0.0,0.0,61.0,proven_optimal,0.9344262295081968,0,0.0,0,0.0,0.0,0.0,0.0,0,0,0.0,False
exact_small,0,20,88,8.8,mean_deg,8.8,none,greedy,0.0,ideal,zero,9,graph,50.0,50.0,0,0,0,6.437301635742188e-05,0.0,0,59.0,59.0,59.0,0.0,0.0,61.0,proven_optimal,0.9672131147540983,0,0.0,0,0.0,0.0,0.0,0.0,0,0,0.0,False
exact_small,0,20,88,8.8,mean_deg,8.8,none,static_projected,0.0,ideal,zero,0,graph,50.0,50.0,0,1,1142,0.02147984504699707,0.002687215805053711,1,55.0,61.0,61.0,0.0,0.0,61.0,proven_optimal,1.0,88,8.8,14,7.164163970238967,8.800000000000022,2.1316282072803006e-14,0.0,0,0,0.0,False
exact_small,0,20,88,8.8,mean_deg,8.8,none,static_projected,0.0,ideal,zero,1,graph,50.0,50.0,0,1,1262,0.02336716651916504,0.002637624740600586,1,61.0,61.0,61.0,0.0,0.0,61.0,proven_optimal,1.0,88,8.8,14,7.164163970238967,8.800000000000022,2.1316282072803006e-14,0.0,0,0,0.0,False
exact_small,0,20,88,8.8,mean_deg,8.8,none,static_projected,0.0,ideal,zero,2,graph,50.0,50.0,0,1,1226,0.022757530212402344,0.0025932788848876953,1,61.0,61.0,61.0,0.0,0.0,61.0,proven_optimal,1.0,88,8.8,14,7.164163970238967,8.800000000000022,2.1316282072803006e-14,0.0,0,0,0.0,False
exact_small,0,20,88,8.8,mean_deg,8.8,none,static_projected,0.0,ideal,zero,3,graph,50.0,50.0,0,1,1154,0.0218660831451416,0.002838134765625,1,61.0,61.0,61.0,0.0,0.0,61.0,proven_optimal,1.0,88,8.8,14,7.164163970238967,8.800000000000022,2.1316282072803006e-14,0.0,0,0,0.0,False
exact_small,0,20,88,8.8,mean_deg,8.8,none,static_projected,0.0,ideal,zero,4,graph,50.0,50.0,0,1,1214,0.0226287841796875,0.002696514129638672,1,61.0,61.0,61.0,0.0,0.0,61.0,proven_optimal,1.0,88,8.8,14,7.164163970238967,8.800000000000022,2.1316282072803006e-14,0.0,0,0,0.0,False
exact_small,0,20,88,8.8,mean_deg,8.8,none,static_projected,0.0,ideal,zero,5,graph,50.0,50.0,0,1,1154,0.021979331970214844,0.002752065658569336,1,58.0,61.0,61.0,0.0,0.0,61.0,proven_optimal,1.0,88,8.8,14,7.164163970238967,8.800000000000022,2.1316282072803006e-14,0.0,0,0,0.0,False
exact_small,0,20,88,8.8,mean_deg,8.8,none,static_projected,0.0,ideal,zero,6,graph,50.0,50.0,0,1,1202,0.022757291793823242,0.0028238296508789062,1,61.0,61.0,61.0,0.0,0.0,61.0,proven_optimal,1.0,88,8.8,14,7.164163970238967,8.800000000000022,2.1316282072803006e-14,0.0,0,0,0.0,False
exact_small,0,20,88,8.8,mean_deg,8.8,none,static_projected,0.0,ideal,zero,7,graph,50.0,50.0,0,1,1370,0.024979591369628906,0.002667665481567383,1,59.0,61.0,61.0,0.0,0.0,61.0,proven_optimal,1.0,88,8.8,14,7.164163970238967,8.800000000000022,2.1316282072803006e-14,0.0,0,0,0.0,False
exact_small,0,20,88,8.8,mean_deg,8.8,none,static_projected,0.0,ideal,zero,8,graph,50.0,50.0,0,1,1250,0.023421764373779297,0.0026471614837646484,1,61.0,61.0,61.0,0.0,0.0,61.0,proven_optimal,1.0,88,8.8,14,7.164163970238967,8.800000000000022,2.1316282072803006e-14,0.0,0,0,0.0,False
exact_small,0,20,88,8.8,mean_deg,8.8,none,static_projected,0.0,ideal,zero,9,graph,50.0,50.0,0,1,1298,0.023876428604125977,0.0026264190673828125,1,61.0,61.0,61.0,0.0,0.0,61.0,proven_optimal,1.0,88,8.8,14,7.164163970238967,8.800000000000022,2.1316282072803006e-14,0.0,0,0,0.0,False
exact_small,0,20,88,8.8,mean_deg,8.8,none,static_budgeted,0.0,ideal,zero,0,graph,50.0,50.0,0,1,1202,0.0220639705657959,0.0024797916412353516,1,59.0,61.0,61.0,0.0,0.0,61.0,proven_optimal,1.0,85,8.5,12,7.206182263598123,8.800000000000097,9.592326932761353e-14,0.0,0,0,0.0,False
exact_small,0,20,88,8.8,mean_deg,8.8,none,static_budgeted,0.0,ideal,zero,1,graph,50.0,50.0,0,1,1262,0.02314925193786621,0.0026526451110839844,1,61.0,61.0,61.0,0.0,0.0,61.0,proven_optimal,1.0,88,8.8,14,7.164163970238967,8.800000000000022,2.1316282072803006e-14,0.0,0,0,0.0,False
exact_small,0,20,88,8.8,mean_deg,8.8,none,static_budgeted,0.0,ideal,zero,2,graph,50.0,50.0,0,1,1454,0.026160717010498047,0.0027151107788085938,1,60.0,61.0,61.0,0.0,0.0,61.0,proven_optimal,1.0,87,8.7,14,7.1878442035182415,8.8,0.0,0.0,0,0,0.0,False
exact_small,0,20,88,8.8,mean_deg,8.8,none,static_budgeted,0.0,ideal,zero,3,graph,50.0,50.0,0,1,1190,0.021967649459838867,0.002740621566772461,1,61.0,61.0,61.0,0.0,0.0,61.0,proven_optimal,1.0,85,8.5,13,7.259047945362882,8.80000000000001,8.881784197001252e-15,0.0,0,0,0.0,False
exact_small,0,20,88,8.8,mean_deg,8.8,none,static_budgeted,0.0,ideal,zero,4,graph,50.0,50.0,0,1,1190,0.021898984909057617,0.0026493072509765625,1,61.0,61.0,61.0,0.0,0.0,61.0,proven_optimal,1.0,87,8.7,13,7.182797456674884,8.800000000000221,2.2026824808563106e-13,0.0,0,0,0.0,False
exact_small,0,20,88,8.8,mean_deg,8.8,none,static_budgeted,0.0,ideal,zero,5,graph,50.0,50.0,0,1,1154,0.02161240577697754,0.002754688262939453,1,58.0,61.0,61.0,0.0,0.0,61.0,proven_optimal,1.0,88,8.8,14,7.164163970238967,8.800000000000022,2.1316282072803006e-14,0.0,0,0,0.0,False
exact_small,0,20,88,8.8,mean_deg,8.8,none,static_budgeted,0.0,ideal,zero,6,graph,50.0,50.0,0,1,1202,0.021901845932006836,0.0024864673614501953,1,61.0,61.0,61.0,0.0,0.0,61.0,proven_optimal,1.0,88,8.8,14,7.164163970238967,8.800000000000022,2.1316282072803006e-14,0.0,0,0,0.0,False
exact_small,0,20,88,8.8,mean_deg,8.8,none,static_budgeted,0.0,ideal,zero,7,graph,50.0,50.0,0,1,1394,0.025756120681762695,0.002724170684814453,1,59.0,61.0,61.0,0.0,0.0,61.0,proven_optimal,1.0,87,8.7,13,7.184618800543977,8.800000000000033,3.197442310920451e-14,0.0,0,0,0.0,False
exact_small,0,20,88,8.8,mean_deg,8.8,none,static_budgeted,0.0,ideal,zero,8,graph,50.0,50.0,0,1,1130,0.020624399185180664,0.0021915435791015625,1,60.0,61.0,61.0,0.0,0.0,61.0,proven_optimal,1.0,85,8.5,13,7.159493602098014,8.800000000000182,1.8118839761882555e-13,0.0,0,0,0.0,False
exact_small,0,20,88,8.8,mean_deg,8.8,none,static_budgeted,0.0,ideal,zero,9,graph,50.0,50.0,0,1,1478,0.02546215057373047,0.0027120113372802734,1,61.0,61.0,61.0,0.0,0.0,61.0,proven_optimal,1.0,87,8.7,14,7.150433820391415,8.800000000000248,2.469136006766348e-13,0.0,0,0,0.0,False
exact_small,0,20,88,8.8,mean_deg,8.8,none,random_budgeted,0.0,ideal,zero,0,graph,50.0,50.0,0,1,638,0.010351419448852539,0.00016880035400390625,1,55.0,61.0,61.0,0.0,0.0,61.0,proven_optimal,1.0,88,8.8,14,4.524732983375239,7.117227963681373,-1.682772036318628,0.0,0,0,0.0,False
exact_small,0,20,88,8.8,mean_deg,8.8,none,random_budgeted,0.0,ideal,zero,1,graph,50.0,50.0,0,1,1130,0.018561840057373047,0.0001773834228515625,1,59.0,61.0,61.0,0.0,0.0,61.0,proven_optimal,1.0,88,8.8,14,4.4378828816114595,7.751267507973495,-1.048732492026506,0.0,0,0,0.0,False
exact_small,0,20,88,8.8,mean_deg,8.8,none,random_budgeted,0.0,ideal,zero,2,graph,50.0,50.0,0,1,794,0.013265609741210938,0.0002071857452392578,1,53.0,59.0,61.0,0.0,0.0,61.0,proven_optimal,1.0,88,8.8,14,4.160068413094554,6.920008594397005,-1.879991405602996,0.0,0,0,0.0,False
exact_small,0,20,88,8.8,mean_deg,8.8,none,random_budgeted,0.0,ideal,zero,3,graph,50.0,50.0,0,1,770,0.012674808502197266,0.0001876354217529297,1,60.0,61.0,61.0,0.0,0.0,61.0,proven_optimal,1.0,88,8.8,14,4.491426564791086,8.3724792027666,-0.42752079723340053,0.0,0,0,0.0,False
exact_small,0,20,88,8.8,mean_deg,8.8,none,random_budgeted,0.0,ideal,zero,4,graph,50.0,50.0,0,1,986,0.0161588191986084,0.00021195411682128906,1,61.0,61.0,61.0,0.0,0.0,61.0,proven_optimal,1.0,88,8.8,14,4.435824906843818,7.594645923609509,-1.205354076390492,0.0,0,0,0.0,False
exact_small,0,20,88,8.8,mean_deg,8.8,none,random_budgeted,0.0,ideal,zero,5,graph,50.0,50.0,0,1,806,0.01355886459350586,0.00016570091247558594,1,52.0,61.0,61.0,0.0,0.0,61.0,proven_optimal,1.0,88,8.8,14,4.3353876180311195,6.622001213328773,-2.1779987866712274,0.0,0,0,0.0,False
exact_small,0,20,88,8.8,mean_deg,8.8,none,random_budgeted,0.0,ideal,zero,6,graph,50.0,50.0,0,1,950,0.015610456466674805,0.00020503997802734375,1,60.0,61.0,61.0,0.0,0.0,61.0,proven_optimal,1.0,88,8.8,14,4.521709503801285,7.718603696252647,-1.0813963037473533,0.0,0,0,0.0,False
exact_small,0,20,88,8.8,mean_deg,8.8,none,random_budgeted,0.0,ideal,zero,7,graph,50.0,50.0,0,1,914,0.014944791793823242,0.00016760826110839844,1,61.0,61.0,61.0,0.0,0.0,61.0,proven_optimal,1.0,88,8.8,14,4.488362756587988,7.003091019896749,-1.796908980103252,0.0,0,0,0.0,False
exact_small,0,20,88,8.8,mean_deg,8.8,none,random_budgeted,0.0,ideal,zero,8,graph,50.0,50.0,0,1,998,0.01568436622619629,0.00020456314086914062,1,60.0,61.0,61.0,0.0,0.0,61.0,proven_optimal,1.0,88,8.8,14,4.758077941388319,8.295658600044874,-0.504341399955127,0.0,0,0,0.0,False
exact_small,0,20,88,8.8,mean_deg,8.8,none,random_budgeted,0.0,ideal,zero,9,graph,50.0,50.0,0,1,938,0.015006303787231445,0.0001685619354248047,1,60.0,61.0,61.0,0.0,0.0,61.0,proven_optimal,1.0,88,8.8,14,4.607080799723088,7.606175109323212,-1.1938248906767885,0.0,0,0,0.0,False
exact_small,0,20,88,8.8,mean_deg,8.8,none,learned_support_random_weights,0.0,ideal,zero,0,hebbian_seed0,50.0,50.0,0,1,806,0.012578487396240234,0.00023317337036132812,1,55.0,55.0,59.0,0.0,0.0,61.0,proven_optimal,0.9672131147540983,55,5.5,8,2.934388459276229,4.858482039213817,-3.941517960786184,0.0,0,0,0.0,False
exact_small,0,20,88,8.8,mean_deg,8.8,none,learned_support_random_weights,0.0,ideal,zero,1,hebbian_seed0,50.0,50.0,0,1,830,0.012938261032104492,0.0001704692840576172,1,55.0,55.0,59.0,0.0,0.0,61.0,proven_optimal,0.9672131147540983,55,5.5,8,2.887089764726297,4.685695204763267,-4.114304795236734,0.0,0,0,0.0,False
exact_small,0,20,88,8.8,mean_deg,8.8,none,learned_support_random_weights,0.0,ideal,zero,2,hebbian_seed0,50.0,50.0,0,1,734,0.011570215225219727,0.0001862049102783203,1,55.0,55.0,59.0,0.0,0.0,61.0,proven_optimal,0.9672131147540983,55,5.5,8,2.523915750018811,4.118863499210588,-4.681136500789413,0.0,0,0,0.0,False
exact_small,0,20,88,8.8,mean_deg,8.8,none,learned_support_random_weights,0.0,ideal,zero,3,hebbian_seed0,50.0,50.0,0,1,794,0.01247262954711914,0.00022101402282714844,1,55.0,55.0,59.0,0.0,0.0,61.0,proven_optimal,0.9672131147540983,55,5.5,8,2.7769949798105946,4.703474374710254,-4.096525625289747,0.0,0,0,0.0,False
exact_small,0,20,88,8.8,mean_deg,8.8,none,learned_support_random_weights,0.0,ideal,zero,4,hebbian_seed0,50.0,50.0,0,1,902,0.014097452163696289,0.00018072128295898438,1,55.0,55.0,59.0,0.0,0.0,61.0,proven_optimal,0.9672131147540983,55,5.5,8,2.752385935380429,4.794502370888091,-4.005497629111909,0.0,0,0,0.0,False
exact_small,0,20,88,8.8,mean_deg,8.8,none,learned_support_random_weights,0.0,ideal,zero,5,hebbian_seed0,50.0,50.0,0,1,794,0.012385845184326172,0.0001685619354248047,1,55.0,55.0,59.0,0.0,0.0,61.0,proven_optimal,0.9672131147540983,55,5.5,8,2.6998450434138856,4.070762165700012,-4.729237834299989,0.0,0,0,0.0,False
exact_small,0,20,88,8.8,mean_deg,8.8,none,learned_support_random_weights,0.0,ideal,zero,6,hebbian_seed0,50.0,50.0,0,1,806,0.012659072875976562,0.00016832351684570312,1,55.0,55.0,59.0,0.0,0.0,61.0,proven_optimal,0.9672131147540983,55,5.5,8,2.734100506768786,4.759267619099094,-4.040732380900907,0.0,0,0,0.0,False
exact_small,0,20,88,8.8,mean_deg,8.8,none,learned_support_random_weights,0.0,ideal,zero,7,hebbian_seed0,50.0,50.0,0,1,818,0.012879371643066406,0.00019288063049316406,1,55.0,55.0,59.0,0.0,0.0,61.0,proven_optimal,0.9672131147540983,55,5.5,8,2.8624325948827103,4.208916519517696,-4.591083480482305,0.0,0,0,0.0,False
exact_small,0,20,88,8.8,mean_deg,8.8,none,learned_support_random_weights,0.0,ideal,zero,8,hebbian_seed0,50.0,50.0,0,1,926,0.016159772872924805,0.0001735687255859375,1,55.0,55.0,59.0,0.0,0.0,61.0,proven_optimal,0.9672131147540983,55,5.5,8,3.0307090158071555,5.285994600971366,-3.514005399028635,0.0,0,0,0.0,False
exact_small,0,20,88,8.8,mean_deg,8.8,none,learned_support_random_weights,0.0,ideal,zero,9,hebbian_seed0,50.0,50.0,0,1,818,0.012874603271484375,0.00019049644470214844,1,55.0,55.0,59.0,0.0,0.0,61.0,proven_optimal,0.9672131147540983,55,5.5,8,2.876465546941217,4.670588030893562,-4.129411969106439,0.0,0,0,0.0,False
exact_small,0,20,88,8.8,mean_deg,8.8,none,topology_scrambled,0.0,ideal,zero,0,graph,50.0,50.0,100,101,2420,0.43201136589050293,0.36805272102355957,101,53.0,53.0,59.0,0.0,0.0,61.0,proven_optimal,0.9672131147540983,50,5.0,7,8.800000000000031,8.800000000000262,2.611244553918368e-13,0.0,0,0,-78.17678390570269,False
exact_small,0,20,88,8.8,mean_deg,8.8,none,topology_scrambled,0.0,ideal,zero,1,graph,50.0,50.0,100,101,2432,0.21985816955566406,0.15565824508666992,101,53.0,53.0,61.0,0.0,0.0,61.0,proven_optimal,1.0,49,4.9,9,7.040000000000013,8.800000000000088,8.704148513061227e-14,0.0,0,0,-63.77435167322302,False
exact_small,0,20,88,8.8,mean_deg,8.8,none,topology_scrambled,0.0,ideal,zero,2,graph,50.0,50.0,100,101,2468,0.2307593822479248,0.1621689796447754,101,56.0,56.0,60.0,0.0,0.0,61.0,proven_optimal,0.9836065573770492,50,5.0,9,7.919999999999516,8.800000000000058,5.684341886080802e-14,0.0,0,0,-71.29692845080106,False
exact_small,0,20,88,8.8,mean_deg,8.8,none,topology_scrambled,0.0,ideal,zero,3,graph,50.0,50.0,100,101,2372,0.27187561988830566,0.2065143585205078,101,51.0,51.0,57.0,0.0,0.0,61.0,proven_optimal,0.9344262295081968,51,5.1,8,7.920000000000305,8.800000000000763,7.620570841027074e-13,0.0,0,0,-71.82214514190392,False
exact_small,0,20,88,8.8,mean_deg,8.8,none,topology_scrambled,0.0,ideal,zero,4,graph,50.0,50.0,100,101,2336,0.21438980102539062,0.15230941772460938,101,50.0,50.0,54.0,0.0,0.0,61.0,proven_optimal,0.8852459016393442,54,5.4,9,7.920000000000046,8.800000000000127,1.2612133559741778e-13,0.0,0,0,-71.648183065236,False
exact_small,0,20,88,8.8,mean_deg,8.8,none,topology_scrambled,0.0,ideal,zero,5,graph,50.0,50.0,100,101,2444,0.8516604900360107,0.7844290733337402,101,50.0,50.0,61.0,0.0,0.0,61.0,proven_optimal,1.0,48,4.8,7,8.800000000000006,8.800000000000205,2.042810365310288e-13,0.0,0,0,-76.43407036544767,False
exact_small,0,20,88,8.8,mean_deg,8.8,none,topology_scrambled,0.0,ideal,zero,6,graph,50.0,50.0,100,101,2420,0.3150520324707031,0.2467806339263916,101,52.0,52.0,61.0,0.0,0.0,61.0,proven_optimal,1.0,52,5.2,9,7.920000000000366,8.80000000000086,8.597567102697212e-13,0.0,0,0,-72.13188839055175,False
exact_small,0,20,88,8.8,mean_deg,8.8,none,topology_scrambled,0.0,ideal,zero,7,graph,50.0,50.0,100,101,2504,0.27649593353271484,0.2084338665008545,101,50.0,50.0,55.0,0.0,0.0,61.0,proven_optimal,0.9016393442622951,39,3.9,7,7.920000000000002,8.800000000000002,1.7763568394002505e-15,0.0,0,0,-68.6528248386268,False
exact_small,0,20,88,8.8,mean_deg,8.8,none,topology_scrambled,0.0,ideal,zero,8,graph,50.0,50.0,100,101,2408,0.2657887935638428,0.19769811630249023,101,49.0,49.0,57.0,0.0,0.0,61.0,proven_optimal,0.9344262295081968,53,5.3,8,7.920000000000326,8.800000000000722,7.212008767965017e-13,0.0,0,0,-72.05573547988674,False
exact_small,0,20,88,8.8,mean_deg,8.8,none,topology_scrambled,0.0,ideal,zero,9,graph,50.0,50.0,100,101,2456,0.2180767059326172,0.1537637710571289,101,51.0,51.0,57.0,0.0,0.0,61.0,proven_optimal,0.9344262295081968,51,5.1,8,7.919999999999982,8.800000000000084,8.348877145181177e-14,0.0,0,0,-72.31865207179307,False
exact_small,0,20,88,8.8,mean_deg,8.8,sinkhorn,hebbian_sinkhorn,0.0,ideal,zero,0,graph,50.0,50.0,100,100,2324,0.09421682357788086,0.0,0,55.0,55.0,59.0,0.0,0.0,61.0,proven_optimal,0.9672131147540983,55,5.5,8,7.892773293182655,8.800000000000002,1.7763568394002505e-15,0.0,0,0,-72.71201750789281,False
exact_small,0,20,88,8.8,mean_deg,8.8,sinkhorn,hebbian_sinkhorn,0.0,ideal,zero,1,graph,50.0,50.0,100,100,2288,0.09229350090026855,0.0,0,59.0,59.0,61.0,0.0,0.0,61.0,proven_optimal,1.0,59,5.9,9,8.391524728594742,8.799999999999999,-1.7763568394002505e-15,0.0,0,0,-77.1862949028423,False
exact_small,0,20,88,8.8,mean_deg,8.8,sinkhorn,hebbian_sinkhorn,0.0,ideal,zero,2,graph,50.0,50.0,100,100,2288,0.09136462211608887,0.0,0,56.0,56.0,56.0,0.0,0.0,61.0,proven_optimal,0.9180327868852459,56,5.6,8,8.328588503493895,8.8,0.0,0.0,0,0,-76.51647260888906,False
exact_small,0,20,88,8.8,mean_deg,8.8,sinkhorn,hebbian_sinkhorn,0.0,ideal,zero,3,graph,50.0,50.0,100,100,2312,0.089599609375,0.0,0,58.0,58.0,61.0,0.0,0.0,61.0,proven_optimal,1.0,58,5.8,8,8.593221326183821,8.800000000000002,1.7763568394002505e-15,0.0,0,0,-78.93156719831177,False
exact_small,0,20,88,8.8,mean_deg,8.8,sinkhorn,hebbian_sinkhorn,0.0,ideal,zero,4,graph,50.0,50.0,100,100,2420,0.09353232383728027,0.0,0,55.0,55.0,56.0,0.0,0.0,61.0,proven_optimal,0.9180327868852459,55,5.5,9,7.92,8.800000000000002,1.7763568394002505e-15,0.0,0,0,-73.0415594137003,False
exact_small,0,20,88,8.8,mean_deg,8.8,sinkhorn,hebbian_sinkhorn,0.0,ideal,zero,5,graph,50.0,50.0,100,100,2324,0.0912027359008789,0.0,0,55.0,55.0,55.0,0.0,0.0,61.0,proven_optimal,0.9016393442622951,55,5.5,8,8.485677287899147,8.8,0.0,0.0,0,0,-77.18252297024164,False
exact_small,0,20,88,8.8,mean_deg,8.8,sinkhorn,hebbian_sinkhorn,0.0,ideal,zero,6,graph,50.0,50.0,100,100,2216,0.08883166313171387,0.0,0,61.0,61.0,61.0,0.0,0.0,61.0,proven_optimal,1.0,61,6.1,9,8.492994579554638,8.800000000000002,1.7763568394002505e-15,0.0,0,0,-78.33164090354671,False
exact_small,0,20,88,8.8,mean_deg,8.8,sinkhorn,hebbian_sinkhorn,0.0,ideal,zero,7,graph,50.0,50.0,100,100,2300,0.09290575981140137,0.0,0,53.0,53.0,55.0,0.0,0.0,61.0,proven_optimal,0.9016393442622951,53,5.3,8,7.909037684385334,8.800000000000002,1.7763568394002505e-15,0.0,0,15,-72.24966325628995,False
exact_small,0,20,88,8.8,mean_deg,8.8,sinkhorn,hebbian_sinkhorn,0.0,ideal,zero,8,graph,50.0,50.0,100,100,2228,0.09154224395751953,0.0,0,57.0,57.0,57.0,0.0,0.0,61.0,proven_optimal,0.9344262295081968,57,5.7,10,7.040000000000001,8.800000000000002,1.7763568394002505e-15,0.0,0,0,-65.71820864982895,False
exact_small,0,20,88,8.8,mean_deg,8.8,sinkhorn,hebbian_sinkhorn,0.0,ideal,zero,9,graph,50.0,50.0,100,100,2276,0.09156632423400879,0.0,0,50.0,50.0,56.0,0.0,0.0,61.0,proven_optimal,0.9180327868852459,50,5.0,8,7.781039476106964,8.800000000000002,1.7763568394002505e-15,0.0,0,0,-70.60964335601071,False
exact_small,0,20,88,8.8,mean_deg,8.8,sinkhorn,hybrid_sinkhorn,0.0,ideal,zero,0,graph,50.0,50.0,100,100,3910,0.11931943893432617,0.0,0,55.0,55.0,59.0,0.0,0.0,61.0,proven_optimal,0.9672131147540983,55,5.5,8,7.892773293182655,8.800000000000002,1.7763568394002505e-15,0.0,0,0,-72.71201750789281,False
exact_small,0,20,88,8.8,mean_deg,8.8,sinkhorn,hybrid_sinkhorn,0.0,ideal,zero,1,graph,50.0,50.0,100,100,3898,0.11648011207580566,0.0,0,59.0,59.0,61.0,0.0,0.0,61.0,proven_optimal,1.0,59,5.9,9,8.391524728594742,8.799999999999999,-1.7763568394002505e-15,0.0,0,0,-77.1862949028423,False
exact_small,0,20,88,8.8,mean_deg,8.8,sinkhorn,hybrid_sinkhorn,0.0,ideal,zero,2,graph,50.0,50.0,100,100,3922,0.11668014526367188,0.0,0,56.0,56.0,56.0,0.0,0.0,61.0,proven_optimal,0.9180327868852459,56,5.6,8,8.328588503493895,8.8,0.0,0.0,0,0,-76.51647260888906,False
exact_small,0,20,88,8.8,mean_deg,8.8,sinkhorn,hybrid_sinkhorn,0.0,ideal,zero,3,graph,50.0,50.0,100,100,3946,0.11823296546936035,0.0,0,58.0,58.0,61.0,0.0,0.0,61.0,proven_optimal,1.0,58,5.8,8,8.593221326183821,8.800000000000002,1.7763568394002505e-15,0.0,0,0,-78.93156719831177,False
exact_small,0,20,88,8.8,mean_deg,8.8,sinkhorn,hybrid_sinkhorn,0.0,ideal,zero,4,graph,50.0,50.0,100,100,4006,0.1188809871673584,0.0,0,55.0,55.0,56.0,0.0,0.0,61.0,proven_optimal,0.9180327868852459,55,5.5,9,7.92,8.800000000000002,1.7763568394002505e-15,0.0,0,0,-73.0415594137003,False
exact_small,0,20,88,8.8,mean_deg,8.8,sinkhorn,hybrid_sinkhorn,0.0,ideal,zero,5,graph,50.0,50.0,100,100,3946,0.11954331398010254,0.0,0,55.0,55.0,55.0,0.0,0.0,61.0,proven_optimal,0.9016393442622951,55,5.5,8,8.485677287899147,8.8,0.0,0.0,0,0,-77.18252297024164,False
exact_small,0,20,88,8.8,mean_deg,8.8,sinkhorn,hybrid_sinkhorn,0.0,ideal,zero,6,graph,50.0,50.0,100,100,3862,0.11925697326660156,0.0,0,61.0,61.0,61.0,0.0,0.0,61.0,proven_optimal,1.0,61,6.1,9,8.492994579554638,8.800000000000002,1.7763568394002505e-15,0.0,0,0,-78.33164090354671,False
exact_small,0,20,88,8.8,mean_deg,8.8,sinkhorn,hybrid_sinkhorn,0.0,ideal,zero,7,graph,50.0,50.0,100,100,3862,0.12201642990112305,0.0,0,53.0,53.0,55.0,0.0,0.0,61.0,proven_optimal,0.9016393442622951,53,5.3,8,7.909037684385334,8.800000000000002,1.7763568394002505e-15,0.0,0,15,-72.24966325628995,False
exact_small,0,20,88,8.8,mean_deg,8.8,sinkhorn,hybrid_sinkhorn,0.0,ideal,zero,8,graph,50.0,50.0,100,100,3694,0.11280274391174316,0.0,0,57.0,57.0,57.0,0.0,0.0,61.0,proven_optimal,0.9344262295081968,57,5.7,10,7.040000000000001,8.800000000000002,1.7763568394002505e-15,0.0,0,0,-65.71820864982895,False
exact_small,0,20,88,8.8,mean_deg,8.8,sinkhorn,hybrid_sinkhorn,0.0,ideal,zero,9,graph,50.0,50.0,100,100,3826,0.1146395206451416,0.0,0,50.0,50.0,56.0,0.0,0.0,61.0,proven_optimal,0.9180327868852459,50,5.0,8,7.781039476106964,8.800000000000002,1.7763568394002505e-15,0.0,0,0,-70.60964335601071,False
exact_small,0,20,88,8.8,mean_deg,8.8,frobenius,hebbian_frobenius,0.0,ideal,zero,0,graph,50.0,50.0,100,101,2300,0.15746688842773438,0.11008191108703613,101,55.0,55.0,59.0,0.0,0.0,61.0,proven_optimal,0.9672131147540983,55,5.5,8,7.919999999999801,8.800000000000122,1.2079226507921703e-13,0.0,0,0,-73.07119755621095,False
exact_small,0,20,88,8.8,mean_deg,8.8,frobenius,hebbian_frobenius,0.0,ideal,zero,1,graph,50.0,50.0,100,101,2288,0.3387110233306885,0.29007458686828613,101,59.0,59.0,61.0,0.0,0.0,61.0,proven_optimal,1.0,59,5.9,9,8.80000000000008,8.800000000000255,2.540190280342358e-13,0.0,0,0,-80.11503979622798,False
exact_small,0,20,88,8.8,mean_deg,8.8,frobenius,hebbian_frobenius,0.0,ideal,zero,2,graph,50.0,50.0,100,101,2336,0.38999223709106445,0.34157371520996094,101,56.0,56.0,56.0,0.0,0.0,61.0,proven_optimal,0.9180327868852459,56,5.6,8,8.80000000000013,8.800000000000413,4.121147867408581e-13,0.0,0,0,-79.39162364503972,False
exact_small,0,20,88,8.8,mean_deg,8.8,frobenius,hebbian_frobenius,0.0,ideal,zero,3,graph,50.0,50.0,100,101,2324,0.2758152484893799,0.22817420959472656,101,58.0,58.0,61.0,0.0,0.0,61.0,proven_optimal,1.0,58,5.8,8,8.799999999999788,8.800000000000002,1.7763568394002505e-15,0.0,0,0,-80.52597689204093,False
exact_small,0,20,88,8.8,mean_deg,8.8,frobenius,hebbian_frobenius,0.0,ideal,zero,4,graph,50.0,50.0,100,101,4004,2.7460546493530273,2.660243511199951,101,53.0,53.0,56.0,0.0,0.0,61.0,proven_optimal,0.9180327868852459,52,5.2,8,8.800000000000036,8.800000000000804,8.029132914089132e-13,0.0,0,0,-77.53674654365541,False
exact_small,0,20,88,8.8,mean_deg,8.8,frobenius,hebbian_frobenius,0.0,ideal,zero,5,graph,50.0,50.0,100,101,2336,0.38440799713134766,0.3356485366821289,101,55.0,55.0,55.0,0.0,0.0,61.0,proven_optimal,0.9016393442622951,55,5.5,8,8.799999999999766,8.8,0.0,0.0,0,0,-79.58933394140095,False
exact_small,0,20,88,8.8,mean_deg,8.8,frobenius,hebbian_frobenius,0.0,ideal,zero,6,graph,50.0,50.0,100,101,2372,0.3094136714935303,0.2569591999053955,101,61.0,61.0,61.0,0.0,0.0,61.0,proven_optimal,1.0,61,6.1,9,8.800000000000022,8.800000000000507,5.062616992290714e-13,0.0,0,0,-80.68357633764163,False
exact_small,0,20,88,8.8,mean_deg,8.8,frobenius,hebbian_frobenius,0.0,ideal,zero,7,graph,50.0,50.0,100,101,2372,0.17768025398254395,0.12681913375854492,101,53.0,53.0,55.0,0.0,0.0,61.0,proven_optimal,0.9016393442622951,53,5.3,8,7.919999999999869,8.800000000000018,1.7763568394002505e-14,0.0,0,0,-72.64623864622024,False
exact_small,0,20,88,8.8,mean_deg,8.8,frobenius,hebbian_frobenius,0.0,ideal,zero,8,graph,50.0,50.0,100,101,2312,0.10465788841247559,0.05501055717468262,101,57.0,57.0,57.0,0.0,0.0,61.0,proven_optimal,0.9344262295081968,57,5.7,10,7.039999999999999,8.800000000000002,1.7763568394002505e-15,0.0,0,0,-65.74897465067507,False
exact_small,0,20,88,8.8,mean_deg,8.8,frobenius,hebbian_frobenius,0.0,ideal,zero,9,graph,50.0,50.0,100,101,2312,0.17197179794311523,0.12543869018554688,101,50.0,50.0,56.0,0.0,0.0,61.0,proven_optimal,0.9180327868852459,50,5.0,8,7.9199999999999635,8.800000000000109,1.0835776720341528e-13,0.0,0,0,-71.7598846344621,False
exact_small,0,20,88,8.8,mean_deg,8.8,frobenius,hybrid_frobenius,0.0,ideal,zero,0,graph,50.0,50.0,100,101,3922,0.17685818672180176,0.10738611221313477,101,55.0,55.0,59.0,0.0,0.0,61.0,proven_optimal,0.9672131147540983,55,5.5,8,7.919999999999801,8.800000000000122,1.2079226507921703e-13,0.0,0,0,-73.07119755621095,False
exact_small,0,20,88,8.8,mean_deg,8.8,frobenius,hybrid_frobenius,0.0,ideal,zero,1,graph,50.0,50.0,100,101,3958,0.36180591583251953,0.29034924507141113,101,59.0,59.0,61.0,0.0,0.0,61.0,proven_optimal,1.0,59,5.9,9,8.80000000000008,8.800000000000255,2.540190280342358e-13,0.0,0,0,-80.11503979622798,False
exact_small,0,20,88,8.8,mean_deg,8.8,frobenius,hybrid_frobenius,0.0,ideal,zero,2,graph,50.0,50.0,100,101,4006,0.4301939010620117,0.35385608673095703,101,56.0,56.0,56.0,0.0,0.0,61.0,proven_optimal,0.9180327868852459,56,5.6,8,8.80000000000013,8.800000000000413,4.121147867408581e-13,0.0,0,0,-79.39162364503972,False
exact_small,0,20,88,8.8,mean_deg,8.8,frobenius,hybrid_frobenius,0.0,ideal,zero,3,graph,50.0,50.0,100,101,3994,0.3012533187866211,0.2292490005493164,101,58.0,58.0,61.0,0.0,0.0,61.0,proven_optimal,1.0,58,5.8,8,8.799999999999788,8.800000000000002,1.7763568394002505e-15,0.0,0,0,-80.52597689204093,False
exact_small,0,20,88,8.8,mean_deg,8.8,frobenius,hybrid_frobenius,0.0,ideal,zero,4,graph,50.0,50.0,100,101,5734,2.7903199195861816,2.6785502433776855,101,53.0,53.0,56.0,0.0,0.0,61.0,proven_optimal,0.9180327868852459,52,5.2,8,8.800000000000036,8.800000000000804,8.029132914089132e-13,0.0,0,0,-77.53674654365541,False
exact_small,0,20,88,8.8,mean_deg,8.8,frobenius,hybrid_frobenius,0.0,ideal,zero,5,graph,50.0,50.0,100,101,4006,0.402172327041626,0.3294951915740967,101,55.0,55.0,55.0,0.0,0.0,61.0,proven_optimal,0.9016393442622951,55,5.5,8,8.799999999999766,8.8,0.0,0.0,0,0,-79.58933394140095,False
exact_small,0,20,88,8.8,mean_deg,8.8,frobenius,hybrid_frobenius,0.0,ideal,zero,6,graph,50.0,50.0,100,101,4042,0.31366705894470215,0.2413952350616455,101,61.0,61.0,61.0,0.0,0.0,61.0,proven_optimal,1.0,61,6.1,9,8.800000000000022,8.800000000000507,5.062616992290714e-13,0.0,0,0,-80.68357633764163,False
exact_small,0,20,88,8.8,mean_deg,8.8,frobenius,hybrid_frobenius,0.0,ideal,zero,7,graph,50.0,50.0,100,101,4018,0.19212746620178223,0.1187903881072998,101,53.0,53.0,55.0,0.0,0.0,61.0,proven_optimal,0.9016393442622951,53,5.3,8,7.919999999999869,8.800000000000018,1.7763568394002505e-14,0.0,0,0,-72.64623864622024,False
exact_small,0,20,88,8.8,mean_deg,8.8,frobenius,hybrid_frobenius,0.0,ideal,zero,8,graph,50.0,50.0,100,101,3778,0.11970853805541992,0.05181527137756348,101,57.0,57.0,57.0,0.0,0.0,61.0,proven_optimal,0.9344262295081968,57,5.7,10,7.039999999999999,8.800000000000002,1.7763568394002505e-15,0.0,0,0,-65.74897465067507,False
exact_small,0,20,88,8.8,mean_deg,8.8,frobenius,hybrid_frobenius,0.0,ideal,zero,9,graph,50.0,50.0,100,101,3910,0.19474053382873535,0.1250910758972168,101,50.0,50.0,56.0,0.0,0.0,61.0,proven_optimal,0.9180327868852459,50,5.0,8,7.9199999999999635,8.800000000000109,1.0835776720341528e-13,0.0,0,0,-71.7598846344621,False
exact_small,0,20,88,8.8,mean_deg,8.8,none,sdp_gw,0.0,ideal,zero,0,graph,50.0,50.0,0,0,0,0.02892613410949707,0.0,0,61.0,61.0,61.0,62.671843010665974,61.0,61.0,proven_optimal,1.0,0,0.0,0,0.0,0.0,0.0,0.0,0,0,0.0,False
gset_g1,0,800,19176,47.94,half_mean_deg,23.97,none,static,0.0,ideal,zero,0,graph,50.0,50.0,0,0,5366,58.16189241409302,0.0,0,11467.0,11500.0,11576.0,0.0,0.0,11624.0,best_known,0.9958706125258087,19176,47.94,67,47.94,67.0,43.03,0.0,0,0,0.0,False
gset_g1,0,800,19176,47.94,half_mean_deg,23.97,none,static,0.0,ideal,zero,1,graph,50.0,50.0,0,0,5114,52.875720739364624,0.0,0,11440.0,11495.0,11560.0,0.0,0.0,11624.0,best_known,0.9944941500344116,19176,47.94,67,47.94,67.0,43.03,0.0,0,0,0.0,False
gset_g1,0,800,19176,47.94,half_mean_deg,23.97,none,static,0.0,ideal,zero,2,graph,50.0,50.0,0,0,5006,54.196645975112915,0.0,0,11403.0,11505.0,11599.0,0.0,0.0,11624.0,best_known,0.997849277357192,19176,47.94,67,47.94,67.0,43.03,0.0,0,0,0.0,False
gset_g1,0,800,19176,47.94,half_mean_deg,23.97,none,static,0.0,ideal,zero,3,graph,50.0,50.0,0,0,5294,57.038559913635254,0.0,0,11442.0,11469.0,11527.0,0.0,0.0,11624.0,best_known,0.991655196145905,19176,47.94,67,47.94,67.0,43.03,0.0,0,0,0.0,False
gset_g1,0,800,19176,47.94,half_mean_deg,23.97,none,static,0.0,ideal,zero,4,graph,50.0,50.0,0,0,4658,47.29754877090454,0.0,0,11410.0,11469.0,11523.0,0.0,0.0,11624.0,best_known,0.9913110805230557,19176,47.94,67,47.94,67.0,43.03,0.0,0,0,0.0,False
gset_g1,0,800,19176,47.94,half_mean_deg,23.97,none,static,0.0,ideal,zero,5,graph,50.0,50.0,0,0,4814,52.539915323257446,0.0,0,11437.0,11502.0,11546.0,0.0,0.0,11624.0,best_known,0.9932897453544391,19176,47.94,67,47.94,67.0,43.03,0.0,0,0,0.0,False
gset_g1,0,800,19176,47.94,half_mean_deg,23.97,none,static,0.0,ideal,zero,6,graph,50.0,50.0,0,0,5138,54.37391495704651,0.0,0,11396.0,11485.0,11543.0,0.0,0.0,11624.0,best_known,0.9930316586373021,19176,47.94,67,47.94,67.0,43.03,0.0,0,0,0.0,False
gset_g1,0,800,19176,47.94,half_mean_deg,23.97,none,static,0.0,ideal,zero,7,graph,50.0,50.0,0,0,5234,58.03757572174072,0.0,0,11398.0,11468.0,11521.0,0.0,0.0,11624.0,best_known,0.9911390227116311,19176,47.94,67,47.94,67.0,43.03,0.0,0,0,0.0,False
gset_g1,0,800,19176,47.94,half_mean_deg,23.97,none,static,0.0,ideal,zero,8,graph,50.0,50.0,0,0,4670,53.016329288482666,0.0,0,11375.0,11481.0,11543.0,0.0,0.0,11624.0,best_known,0.9930316586373021,19176,47.94,67,47.94,67.0,43.03,0.0,0,0,0.0,False
gset_g1,0,800,19176,47.94,half_mean_deg,23.97,none,static,0.0,ideal,zero,9,graph,50.0,50.0,0,0,4862,53.1335551738739,0.0,0,11423.0,11477.0,11530.0,0.0,0.0,11624.0,best_known,0.991913282863042,19176,47.94,67,47.94,67.0,43.03,0.0,0,0,0.0,False
gset_g1,0,800,19176,47.94,half_mean_deg,23.97,none,random_rounding,0.0,ideal,zero,0,graph,50.0,50.0,0,0,5366,60.03442692756653,0.0,0,11467.0,11500.0,11576.0,0.0,0.0,11624.0,best_known,0.9958706125258087,19176,47.94,67,47.94,67.0,43.03,0.0,0,0,0.0,False
gset_g1,0,800,19176,47.94,half_mean_deg,23.97,none,random_rounding,0.0,ideal,zero,1,graph,50.0,50.0,0,0,5114,56.980851888656616,0.0,0,11440.0,11495.0,11560.0,0.0,0.0,11624.0,best_known,0.9944941500344116,19176,47.94,67,47.94,67.0,43.03,0.0,0,0,0.0,False
gset_g1,0,800,19176,47.94,half_mean_deg,23.97,none,random_rounding,0.0,ideal,zero,2,graph,50.0,50.0,0,0,5006,54.80723261833191,0.0,0,11403.0,11505.0,11599.0,0.0,0.0,11624.0,best_known,0.997849277357192,19176,47.94,67,47.94,67.0,43.03,0.0,0,0,0.0,False
gset_g1,0,800,19176,47.94,half_mean_deg,23.97,none,random_rounding,0.0,ideal,zero,3,graph,50.0,50.0,0,0,5294,52.97312116622925,0.0,0,11442.0,11469.0,11527.0,0.0,0.0,11624.0,best_known,0.991655196145905,19176,47.94,67,47.94,67.0,43.03,0.0,0,0,0.0,False
gset_g1,0,800,19176,47.94,half_mean_deg,23.97,none,random_rounding,0.0,ideal,zero,4,graph,50.0,50.0,0,0,4658,50.28291654586792,0.0,0,11410.0,11469.0,11523.0,0.0,0.0,11624.0,best_known,0.9913110805230557,19176,47.94,67,47.94,67.0,43.03,0.0,0,0,0.0,False
gset_g1,0,800,19176,47.94,half_mean_deg,23.97,none,random_rounding,0.0,ideal,zero,5,graph,50.0,50.0,0,0,4814,49.791183948516846,0.0,0,11437.0,11502.0,11546.0,0.0,0.0,11624.0,best_known,0.9932897453544391,19176,47.94,67,47.94,67.0,43.03,0.0,0,0,0.0,False
gset_g1,0,800,19176,47.94,half_mean_deg,23.97,none,random_rounding,0.0,ideal,zero,6,graph,50.0,50.0,0,0,5138,56.058032512664795,0.0,0,11396.0,11485.0,11543.0,0.0,0.0,11624.0,best_known,0.9930316586373021,19176,47.94,67,47.94,67.0,43.03,0.0,0,0,0.0,False
gset_g1,0,800,19176,47.94,half_mean_deg,23.97,none,random_rounding,0.0,ideal,zero,7,graph,50.0,50.0,0,0,5234,56.433404207229614,0.0,0,11398.0,11468.0,11521.0,0.0,0.0,11624.0,best_known,0.9911390227116311,19176,47.94,67,47.94,67.0,43.03,0.0,0,0,0.0,False
gset_g1,0,800,19176,47.94,half_mean_deg,23.97,none,random_rounding,0.0,ideal,zero,8,graph,50.0,50.0,0,0,4670,48.38263392448425,0.0,0,11375.0,11481.0,11543.0,0.0,0.0,11624.0,best_known,0.9930316586373021,19176,47.94,67,47.94,67.0,43.03,0.0,0,0,0.0,False
gset_g1,0,800,19176,47.94,half_mean_deg,23.97,none,random_rounding,0.0,ideal,zero,9,graph,50.0,50.0,0,0,4862,53.6675922870636,0.0,0,11423.0,11477.0,11530.0,0.0,0.0,11624.0,best_known,0.991913282863042,19176,47.94,67,47.94,67.0,43.03,0.0,0,0,0.0,False
gset_g1,0,800,19176,47.94,half_mean_deg,23.97,none,greedy,0.0,ideal,zero,0,graph,50.0,50.0,0,0,0,0.014208555221557617,0.0,0,11411.0,11411.0,11411.0,0.0,0.0,11624.0,best_known,0.9816758430832759,0,0.0,0,0.0,0.0,0.0,0.0,0,0,0.0,False
gset_g1,0,800,19176,47.94,half_mean_deg,23.97,none,greedy,0.0,ideal,zero,1,graph,50.0,50.0,0,0,0,0.020830869674682617,0.0,0,11309.0,11309.0,11309.0,0.0,0.0,11624.0,best_known,0.9729008947006194,0,0.0,0,0.0,0.0,0.0,0.0,0,0,0.0,False
gset_g1,0,800,19176,47.94,half_mean_deg,23.97,none,greedy,0.0,ideal,zero,2,graph,50.0,50.0,0,0,0,0.00878763198852539,0.0,0,11363.0,11363.0,11363.0,0.0,0.0,11624.0,best_known,0.9775464556090847,0,0.0,0,0.0,0.0,0.0,0.0,0,0,0.0,False
gset_g1,0,800,19176,47.94,half_mean_deg,23.97,none,greedy,0.0,ideal,zero,3,graph,50.0,50.0,0,0,0,0.007917404174804688,0.0,0,11282.0,11282.0,11282.0,0.0,0.0,11624.0,best_known,0.9705781142463867,0,0.0,0,0.0,0.0,0.0,0.0,0,0,0.0,False
gset_g1,0,800,19176,47.94,half_mean_deg,23.97,none,greedy,0.0,ideal,zero,4,graph,50.0,50.0,0,0,0,0.012050628662109375,0.0,0,11403.0,11403.0,11403.0,0.0,0.0,11624.0,best_known,0.9809876118375774,0,0.0,0,0.0,0.0,0.0,0.0,0,0,0.0,False
gset_g1,0,800,19176,47.94,half_mean_deg,23.97,none,greedy,0.0,ideal,zero,5,graph,50.0,50.0,0,0,0,0.010531187057495117,0.0,0,11375.0,11375.0,11375.0,0.0,0.0,11624.0,best_known,0.9785788024776325,0,0.0,0,0.0,0.0,0.0,0.0,0,0,0.0,False
gset_g1,0,800,19176,47.94,half_mean_deg,23.97,none,greedy,0.0,ideal,zero,6,graph,50.0,50.0,0,0,0,0.008061885833740234,0.0,0,11319.0,11319.0,11319.0,0.0,0.0,11624.0,best_known,0.9737611837577426,0,0.0,0,0.0,0.0,0.0,0.0,0,0,0.0,False
gset_g1,0,800,19176,47.94,half_mean_deg,23.97,none,greedy,0.0,ideal,zero,7,graph,50.0,50.0,0,0,0,0.012354373931884766,0.0,0,11343.0,11343.0,11343.0,0.0,0.0,11624.0,best_known,0.9758258774948383,0,0.0,0,0.0,0.0,0.0,0.0,0,0,0.0,False
gset_g1,0,800,19176,47.94,half_mean_deg,23.97,none,greedy,0.0,ideal,zero,8,graph,50.0,50.0,0,0,0,0.009249448776245117,0.0,0,11351.0,11351.0,11351.0,0.0,0.0,11624.0,best_known,0.9765141087405368,0,0.0,0,0.0,0.0,0.0,0.0,0,0,0.0,False
gset_g1,0,800,19176,47.94,half_mean_deg,23.97,none,greedy,0.0,ideal,zero,9,graph,50.0,50.0,0,0,0,0.012578964233398438,0.0,0,11368.0,11368.0,11368.0,0.0,0.0,11624.0,best_known,0.9779766001376462,0,0.0,0,0.0,0.0,0.0,0.0,0,0,0.0,False
gset_g1,0,800,19176,47.94,half_mean_deg,23.97,none,static_projected,0.0,ideal,zero,0,graph,50.0,50.0,0,1,2522,24.771710872650146,0.31932544708251953,1,11419.0,11489.0,11539.0,0.0,0.0,11624.0,best_known,0.9926875430144528,19176,47.94,67,23.962164249845856,23.970000000000006,7.105427357601002e-15,0.0,0,0,0.0,False
gset_g1,0,800,19176,47.94,half_mean_deg,23.97,none,static_projected,0.0,ideal,zero,1,graph,50.0,50.0,0,1,2570,28.445177793502808,0.2962357997894287,1,11421.0,11438.0,11501.0,0.0,0.0,11624.0,best_known,0.9894184445973847,19176,47.94,67,23.962164249845856,23.970000000000006,7.105427357601002e-15,0.0,0,0,0.0,False
gset_g1,0,800,19176,47.94,half_mean_deg,23.97,none,static_projected,0.0,ideal,zero,2,graph,50.0,50.0,0,1,2378,26.038352251052856,0.28775954246520996,1,11404.0,11503.0,11579.0,0.0,0.0,11624.0,best_known,0.9961286992429457,19176,47.94,67,23.962164249845856,23.970000000000006,7.105427357601002e-15,0.0,0,0,0.0,False
gset_g1,0,800,19176,47.94,half_mean_deg,23.97,none,static_projected,0.0,ideal,zero,3,graph,50.0,50.0,0,1,2558,27.74967646598816,0.27240538597106934,1,11416.0,11504.0,11567.0,0.0,0.0,11624.0,best_known,0.9950963523743978,19176,47.94,67,23.962164249845856,23.970000000000006,7.105427357601002e-15,0.0,0,0,0.0,False
gset_g1,0,800,19176,47.94,half_mean_deg,23.97,none,static_projected,0.0,ideal,zero,4,graph,50.0,50.0,0,1,2474,27.52660632133484,0.2830350399017334,1,11406.0,11475.0,11550.0,0.0,0.0,11624.0,best_known,0.9936338609772883,19176,47.94,67,23.962164249845856,23.970000000000006,7.105427357601002e-15,0.0,0,0,0.0,False
gset_g1,0,800,19176,47.94,half_mean_deg,23.97,none,static_projected,0.0,ideal,zero,5,graph,50.0,50.0,0,1,2690,29.710819959640503,0.28717041015625,1,11460.0,11489.0,11544.0,0.0,0.0,11624.0,best_known,0.9931176875430144,19176,47.94,67,23.962164249845856,23.970000000000006,7.105427357601002e-15,0.0,0,0,0.0,False
gset_g1,0,800,19176,47.94,half_mean_deg,23.97,none,static_projected,0.0,ideal,zero,6,graph,50.0,50.0,0,1,2474,24.278802394866943,0.29880189895629883,1,11401.0,11417.0,11502.0,0.0,0.0,11624.0,best_known,0.989504473503097,19176,47.94,67,23.962164249845856,23.970000000000006,7.105427357601002e-15,0.0,0,0,0.0,False
gset_g1,0,800,19176,47.94,half_mean_deg,23.97,none,static_projected,0.0,ideal,zero,7,graph,50.0,50.0,0,1,2474,27.996021032333374,0.28848981857299805,1,11404.0,11467.0,11516.0,0.0,0.0,11624.0,best_known,0.9907088781830695,19176,47.94,67,23.962164249845856,23.970000000000006,7.105427357601002e-15,0.0,0,0,0.0,False
gset_g1,0,800,19176,47.94,half_mean_deg,23.97,none,static_projected,0.0,ideal,zero,8,graph,50.0,50.0,0,1,2450,26.99937391281128,0.282789945602417,1,11404.0,11444.0,11510.0,0.0,0.0,11624.0,best_known,0.9901927047487956,19176,47.94,67,23.962164249845856,23.970000000000006,7.105427357601002e-15,0.0,0,0,0.0,False
gset_g1,0,800,19176,47.94,half_mean_deg,23.97,none,static_projected,0.0,ideal,zero,9,graph,50.0,50.0,0,1,2402,25.961857795715332,0.26703310012817383,1,11453.0,11469.0,11509.0,0.0,0.0,11624.0,best_known,0.9901066758430833,19176,47.94,67,23.962164249845856,23.970000000000006,7.105427357601002e-15,0.0,0,0,0.0,False
gset_g1,0,800,19176,47.94,half_mean_deg,23.97,none,static_budgeted,0.0,ideal,zero,0,graph,50.0,50.0,0,1,2714,29.36275005340576,0.2564241886138916,1,11221.0,11251.0,11479.0,0.0,0.0,11624.0,best_known,0.9875258086717137,14424,36.06,48,23.950523378251564,23.970000000000002,3.552713678800501e-15,0.0,0,0,0.0,False
gset_g1,0,800,19176,47.94,half_mean_deg,23.97,none,static_budgeted,0.0,ideal,zero,1,graph,50.0,50.0,0,1,2678,25.89449691772461,0.2630577087402344,1,11162.0,11205.0,11366.0,0.0,0.0,11624.0,best_known,0.9778045423262216,14371,35.9275,49,23.924082183796955,23.970000000000002,3.552713678800501e-15,0.0,0,0,0.0,False
gset_g1,0,800,19176,47.94,half_mean_deg,23.97,none,static_budgeted,0.0,ideal,zero,2,graph,50.0,50.0,0,1,2570,28.976309537887573,3.4766435623168945,1,11192.0,11238.0,11421.0,0.0,0.0,11624.0,best_known,0.9825361321403991,14370,35.925,48,23.93082328107937,23.970000000000002,3.552713678800501e-15,0.0,0,0,0.0,False
gset_g1,0,800,19176,47.94,half_mean_deg,23.97,none,static_budgeted,0.0,ideal,zero,3,graph,50.0,50.0,0,1,2666,28.841344833374023,0.27477574348449707,1,11114.0,11195.0,11434.0,0.0,0.0,11624.0,best_known,0.9836545079146594,14386,35.965,54,23.941762536837576,23.970000000000002,3.552713678800501e-15,0.0,0,0,0.0,False
gset_g1,0,800,19176,47.94,half_mean_deg,23.97,none,static_budgeted,0.0,ideal,zero,4,graph,50.0,50.0,0,1,2474,26.6171658039093,0.2700798511505127,1,11150.0,11266.0,11497.0,0.0,0.0,11624.0,best_known,0.9890743289745354,14429,36.0725,51,23.93874781411377,23.970000000000006,7.105427357601002e-15,0.0,0,0,0.0,False
gset_g1,0,800,19176,47.94,half_mean_deg,23.97,none,static_budgeted,0.0,ideal,zero,5,graph,50.0,50.0,0,1,2702,28.303465843200684,0.26075196266174316,1,11175.0,11213.0,11427.0,0.0,0.0,11624.0,best_known,0.983052305574673,14394,35.985,49,23.93469478772331,23.970000000000002,3.552713678800501e-15,0.0,0,0,0.0,False
gset_g1,0,800,19176,47.94,half_mean_deg,23.97,none,static_budgeted,0.0,ideal,zero,6,graph,50.0,50.0,0,1,2798,29.195441484451294,0.251753568649292,1,11116.0,11220.0,11450.0,0.0,0.0,11624.0,best_known,0.9850309704060565,14376,35.94,52,23.924160876940082,23.970000000000002,3.552713678800501e-15,0.0,0,0,0.0,False
gset_g1,0,800,19176,47.94,half_mean_deg,23.97,none,static_budgeted,0.0,ideal,zero,7,graph,50.0,50.0,0,1,2582,27.583608865737915,0.269697904586792,1,11150.0,11228.0,11448.0,0.0,0.0,11624.0,best_known,0.9848589125946318,14382,35.955,50,23.92389695780711,23.970000000000002,3.552713678800501e-15,0.0,0,0,0.0,False
gset_g1,0,800,19176,47.94,half_mean_deg,23.97,none,static_budgeted,0.0,ideal,zero,8,graph,50.0,50.0,0,1,2666,25.370630741119385,0.2633366584777832,1,11087.0,11184.0,11427.0,0.0,0.0,11624.0,best_known,0.983052305574673,14376,35.94,51,23.941182802489894,23.970000000000002,3.552713678800501e-15,0.0,0,0,0.0,False
gset_g1,0,800,19176,47.94,half_mean_deg,23.97,none,static_budgeted,0.0,ideal,zero,9,graph,50.0,50.0,0,1,2738,29.543131589889526,0.24899673461914062,1,11108.0,11145.0,11405.0,0.0,0.0,11624.0,best_known,0.981159669649002,14305,35.7625,51,23.922886780590865,23.970000000000002,3.552713678800501e-15,0.0,0,0,0.0,False
gset_g1,0,800,19176,47.94,half_mean_deg,23.97,none,random_budgeted,0.0,ideal,zero,0,graph,50.0,50.0,0,1,2474,25.840643167495728,0.12226629257202148,1,11312.0,11357.0,11522.0,0.0,0.0,11624.0,best_known,0.9912250516173434,19082,47.705,64,21.98738858546203,23.97000000000085,8.526512829121202e-13,0.0,0,0,0.0,False
gset_g1,0,800,19176,47.94,half_mean_deg,23.97,none,random_budgeted,0.0,ideal,zero,1,graph,50.0,50.0,0,1,2366,25.266505241394043,0.1333317756652832,1,11289.0,11365.0,11463.0,0.0,0.0,11624.0,best_known,0.9861493461803166,19069,47.6725,65,22.12568623291975,23.970000000000006,7.105427357601002e-15,0.0,0,0,0.0,False
gset_g1,0,800,19176,47.94,half_mean_deg,23.97,none,random_budgeted,0.0,ideal,zero,2,graph,50.0,50.0,0,1,2474,22.585790157318115,0.14201021194458008,1,11285.0,11328.0,11457.0,0.0,0.0,11624.0,best_known,0.9856331727460427,19084,47.71,66,22.15968840718476,23.970000000000006,7.105427357601002e-15,0.0,0,0,0.0,False
gset_g1,0,800,19176,47.94,half_mean_deg,23.97,none,random_budgeted,0.0,ideal,zero,3,graph,50.0,50.0,0,1,2498,26.77476143836975,0.13464021682739258,1,11230.0,11340.0,11471.0,0.0,0.0,11624.0,best_known,0.9868375774260152,19075,47.6875,66,22.086423664437163,23.970000000000002,3.552713678800501e-15,0.0,0,0,0.0,False
gset_g1,0,800,19176,47.94,half_mean_deg,23.97,none,random_budgeted,0.0,ideal,zero,4,graph,50.0,50.0,0,1,2330,24.921780109405518,0.13896536827087402,1,11257.0,11311.0,11458.0,0.0,0.0,11624.0,best_known,0.985719201651755,19073,47.6825,64,22.16048692468688,23.970000000000002,3.552713678800501e-15,0.0,0,0,0.0,False
gset_g1,0,800,19176,47.94,half_mean_deg,23.97,none,random_budgeted,0.0,ideal,zero,5,graph,50.0,50.0,0,1,2414,25.160835027694702,0.1468336582183838,1,11290.0,11328.0,11479.0,0.0,0.0,11624.0,best_known,0.9875258086717137,19040,47.6,64,22.107322413272403,23.970000000000002,3.552713678800501e-15,0.0,0,0,0.0,False
gset_g1,0,800,19176,47.94,half_mean_deg,23.97,none,random_budgeted,0.0,ideal,zero,6,graph,50.0,50.0,0,1,2510,23.250773906707764,0.14355921745300293,1,11249.0,11337.0,11460.0,0.0,0.0,11624.0,best_known,0.9858912594631797,19068,47.67,64,22.06911995243891,23.970000000000002,3.552713678800501e-15,0.0,0,0,0.0,False
gset_g1,0,800,19176,47.94,half_mean_deg,23.97,none,random_budgeted,0.0,ideal,zero,7,graph,50.0,50.0,0,1,2522,26.484817266464233,0.14268970489501953,1,11232.0,11283.0,11433.0,0.0,0.0,11624.0,best_known,0.9835684790089471,19060,47.65,63,22.08842445920912,23.97,0.0,0.0,0,0,0.0,False
gset_g1,0,800,19176,47.94,half_mean_deg,23.97,none,random_budgeted,0.0,ideal,zero,8,graph,50.0,50.0,0,1,2522,27.575433492660522,0.1509547233581543,1,11261.0,11284.0,11460.0,0.0,0.0,11624.0,best_known,0.9858912594631797,19073,47.6825,66,22.130294421006532,23.970000000000002,3.552713678800501e-15,0.0,0,0,0.0,False
gset_g1,0,800,19176,47.94,half_mean_deg,23.97,none,random_budgeted,0.0,ideal,zero,9,graph,50.0,50.0,0,1,2330,25.857577800750732,0.13486170768737793,1,11267.0,11346.0,11464.0,0.0,0.0,11624.0,best_known,0.9862353750860289,19065,47.6625,64,22.109033580343016,23.970000000000002,3.552713678800501e-15,0.0,0,0,0.0,False
gset_g1,0,800,19176,47.94,half_mean_deg,23.97,none,learned_support_random_weights,0.0,ideal,zero,0,hebbian_seed0,50.0,50.0,0,1,2894,16.81105947494507,0.01654839515686035,1,10903.0,10903.0,11368.0,0.0,0.0,11624.0,best_known,0.9779766001376462,10903,27.2575,43,13.475601298324358,21.502588287855765,-2.4674117121442336,0.0,0,0,0.0,False
gset_g1,0,800,19176,47.94,half_mean_deg,23.97,none,learned_support_random_weights,0.0,ideal,zero,1,hebbian_seed0,50.0,50.0,0,1,3002,21.923113107681274,0.016445398330688477,1,10903.0,10903.0,11368.0,0.0,0.0,11624.0,best_known,0.9779766001376462,10903,27.2575,43,13.70522639033609,22.40663263381758,-1.563367366182419,0.0,0,0,0.0,False
gset_g1,0,800,19176,47.94,half_mean_deg,23.97,none,learned_support_random_weights,0.0,ideal,zero,2,hebbian_seed0,50.0,50.0,0,1,2918,21.6336452960968,0.01865696907043457,1,10903.0,10903.0,11368.0,0.0,0.0,11624.0,best_known,0.9779766001376462,10903,27.2575,43,13.623302409436638,22.044408497231565,-1.9255915027684338,0.0,0,0,0.0,False
gset_g1,0,800,19176,47.94,half_mean_deg,23.97,none,learned_support_random_weights,0.0,ideal,zero,3,hebbian_seed0,50.0,50.0,0,1,2942,17.442306518554688,0.019467830657958984,1,10903.0,10903.0,11368.0,0.0,0.0,11624.0,best_known,0.9779766001376462,10903,27.2575,43,13.65042403536695,23.06812445305038,-0.9018755469496185,0.0,0,0,0.0,False
gset_g1,0,800,19176,47.94,half_mean_deg,23.97,none,learned_support_random_weights,0.0,ideal,zero,4,hebbian_seed0,50.0,50.0,0,1,2990,21.694785356521606,0.04103565216064453,1,10903.0,10903.0,11368.0,0.0,0.0,11624.0,best_known,0.9779766001376462,10903,27.2575,43,13.730447752609411,23.970000000000006,7.105427357601002e-15,0.0,0,0,0.0,False
gset_g1,0,800,19176,47.94,half_mean_deg,23.97,none,learned_support_random_weights,0.0,ideal,zero,5,hebbian_seed0,50.0,50.0,0,1,2942,18.37265920639038,0.0188596248626709,1,10903.0,10903.0,11368.0,0.0,0.0,11624.0,best_known,0.9779766001376462,10903,27.2575,43,13.694638224306765,20.61721912351514,-3.3527808764848572,0.0,0,0,0.0,False
gset_g1,0,800,19176,47.94,half_mean_deg,23.97,none,learned_support_random_weights,0.0,ideal,zero,6,hebbian_seed0,50.0,50.0,0,1,2942,21.65054178237915,0.0208742618560791,1,10903.0,10903.0,11368.0,0.0,0.0,11624.0,best_known,0.9779766001376462,10903,27.2575,43,13.576513027986074,22.330960682434455,-1.639039317565544,0.0,0,0,0.0,False
gset_g1,0,800,19176,47.94,half_mean_deg,23.97,none,learned_support_random_weights,0.0,ideal,zero,7,hebbian_seed0,50.0,50.0,0,1,2954,21.26513171195984,0.0617525577545166,1,10903.0,10903.0,11368.0,0.0,0.0,11624.0,best_known,0.9779766001376462,10903,27.2575,43,13.639209803693543,22.34401981394467,-1.6259801860553296,0.0,0,0,0.0,False
gset_g1,0,800,19176,47.94,half_mean_deg,23.97,none,learned_support_random_weights,0.0,ideal,zero,8,hebbian_seed0,50.0,50.0,0,1,2918,18.27325701713562,0.02118086814880371,1,10903.0,10903.0,11368.0,0.0,0.0,11624.0,best_known,0.9779766001376462,10903,27.2575,43,13.633499909753553,21.389925595987776,-2.5800744040122225,0.0,0,0,0.0,False
gset_g1,0,800,19176,47.94,half_mean_deg,23.97,none,learned_support_random_weights,0.0,ideal,zero,9,hebbian_seed0,50.0,50.0,0,1,2954,21.090540885925293,0.02447652816772461,1,10903.0,10903.0,11368.0,0.0,0.0,11624.0,best_known,0.9779766001376462,10903,27.2575,43,13.662117223021156,22.635101768222185,-1.3348982317778137,0.0,0,0,0.0,False
gset_g1,0,800,19176,47.94,half_mean_deg,23.97,none,topology_scrambled,0.0,ideal,zero,0,graph,50.0,50.0,100,101,7340,277.14372634887695,225.42556738853455,101,9713.0,9713.0,11401.0,0.0,0.0,11624.0,best_known,0.9808155540261528,10049,25.1225,43,23.910074999993725,23.970000000000006,7.105427357601002e-15,0.0,0,0,-9074.602101682309,False
gset_g1,0,800,19176,47.94,half_mean_deg,23.97,none,topology_scrambled,0.0,ideal,zero,1,graph,50.0,50.0,100,101,7328,125.6591739654541,73.76745629310608,101,9754.0,9754.0,11340.0,0.0,0.0,11624.0,best_known,0.9755677907777013,10174,25.435,42,23.970000000000013,23.970000000000088,8.881784197001252e-14,0.0,0,0,-9100.315971365733,False
gset_g1,0,800,19176,47.94,half_mean_deg,23.97,none,topology_scrambled,0.0,ideal,zero,2,graph,50.0,50.0,100,101,7376,258.9849669933319,197.0787971019745,101,9864.0,9864.0,11311.0,0.0,0.0,11624.0,best_known,0.9730729525120441,10260,25.65,39,23.970000000000017,23.970000000000105,1.0658141036401503e-13,0.0,0,0,-9104.481110128709,False
gset_g1,0,800,19176,47.94,half_mean_deg,23.97,none,topology_scrambled,0.0,ideal,zero,3,graph,50.0,50.0,100,101,7436,151.45949578285217,97.80118298530579,101,9805.0,9805.0,11277.0,0.0,0.0,11624.0,best_known,0.9701479697178252,10053,25.1325,39,23.97,23.970000000000013,1.4210854715202004e-14,0.0,0,0,-9096.043781968965,False
gset_g1,0,800,19176,47.94,half_mean_deg,23.97,none,topology_scrambled,0.0,ideal,zero,4,graph,50.0,50.0,100,101,7292,231.50511050224304,178.36043310165405,101,9824.0,9824.0,11278.0,0.0,0.0,11624.0,best_known,0.9702339986235375,9966,24.915,49,23.910074999999996,23.970000000000006,7.105427357601002e-15,0.0,0,0,-9073.38720049077,False
gset_g1,0,800,19176,47.94,half_mean_deg,23.97,none,topology_scrambled,0.0,ideal,zero,5,graph,50.0,50.0,100,101,7304,241.76258659362793,183.0488257408142,101,9778.0,9778.0,11307.0,0.0,0.0,11624.0,best_known,0.9727288368891948,10022,25.055,39,23.910074999996212,23.970000000000006,7.105427357601002e-15,0.0,0,0,-9075.89260525314,False
gset_g1,0,800,19176,47.94,half_mean_deg,23.97,none,topology_scrambled,0.0,ideal,zero,6,graph,50.0,50.0,100,101,7496,132.758962392807,78.83257246017456,101,9890.0,9890.0,11377.0,0.0,0.0,11624.0,best_known,0.9787508602890571,10064,25.16,42,23.97,23.970000000000017,1.7763568394002505e-14,0.0,0,0,-9095.706476173304,False
gset_g1,0,800,19176,47.94,half_mean_deg,23.97,none,topology_scrambled,0.0,ideal,zero,7,graph,50.0,50.0,100,101,7424,375.4169294834137,314.0529773235321,101,9732.0,9732.0,11401.0,0.0,0.0,11624.0,best_known,0.9808155540261528,10100,25.25,40,23.910074999976224,23.970000000000006,7.105427357601002e-15,0.0,0,0,-9078.46563354073,False
gset_g1,0,800,19176,47.94,half_mean_deg,23.97,none,topology_scrambled,0.0,ideal,zero,8,graph,50.0,50.0,100,101,7376,309.7950029373169,258.1700174808502,101,9938.0,9938.0,11390.0,0.0,0.0,11624.0,best_known,0.9798692360633173,10136,25.34,40,23.910075000000003,23.970000000000006,7.105427357601002e-15,0.0,0,0,-9083.37322039626,False
gset_g1,0,800,19176,47.94,half_mean_deg,23.97,none,topology_scrambled,0.0,ideal,zero,9,graph,50.0,50.0,100,101,7328,108.52208375930786,57.06927537918091,101,9896.0,9896.0,11354.0,0.0,0.0,11624.0,best_known,0.9767721954576738,10050,25.125,39,23.96999999999998,23.970000000000013,1.4210854715202004e-14,0.0,0,0,-9095.493942411176,False
gset_g1,0,800,19176,47.94,half_mean_deg,23.97,sinkhorn,hebbian_sinkhorn,0.0,ideal,zero,0,graph,50.0,50.0,100,100,7244,59.923511028289795,0.0,0,10842.0,10842.0,11358.0,0.0,0.0,11624.0,best_known,0.9771163110805231,10842,27.105,43,23.406482077995094,23.970000000000006,7.105427357601002e-15,0.0,0,0,-8942.81863119372,False
gset_g1,0,800,19176,47.94,half_mean_deg,23.97,sinkhorn,hebbian_sinkhorn,0.0,ideal,zero,1,graph,50.0,50.0,100,100,7292,61.56487584114075,0.0,0,10773.0,10773.0,11292.0,0.0,0.0,11624.0,best_known,0.97143840330351,10773,26.9325,46,23.37283231779857,23.970000000000006,7.105427357601002e-15,0.0,0,0,-8926.520975843432,False
gset_g1,0,800,19176,47.94,half_mean_deg,23.97,sinkhorn,hebbian_sinkhorn,0.0,ideal,zero,2,graph,50.0,50.0,100,100,7256,63.85015678405762,0.0,0,10865.0,10865.0,11339.0,0.0,0.0,11624.0,best_known,0.975481761871989,10865,27.1625,41,23.410230589157127,23.970000000000002,3.552713678800501e-15,0.0,0,0,-8944.336230917641,False
gset_g1,0,800,19176,47.94,half_mean_deg,23.97,sinkhorn,hebbian_sinkhorn,0.0,ideal,zero,3,graph,50.0,50.0,100,100,7268,59.37403059005737,0.0,0,10867.0,10867.0,11365.0,0.0,0.0,11624.0,best_known,0.9777185134205093,10867,27.1675,46,23.42106808358806,23.970000000000002,3.552713678800501e-15,0.0,0,0,-8948.96442809396,False
gset_g1,0,800,19176,47.94,half_mean_deg,23.97,sinkhorn,hebbian_sinkhorn,0.0,ideal,zero,4,graph,50.0,50.0,100,100,7292,58.666895389556885,0.0,0,10832.0,10832.0,11294.0,0.0,0.0,11624.0,best_known,0.9716104611149347,10832,27.08,42,23.416029168173893,23.970000000000006,7.105427357601002e-15,0.0,0,0,-8945.771147405136,False
gset_g1,0,800,19176,47.94,half_mean_deg,23.97,sinkhorn,hebbian_sinkhorn,0.0,ideal,zero,5,graph,50.0,50.0,100,100,7256,57.78838896751404,0.0,0,10835.0,10835.0,11344.0,0.0,0.0,11624.0,best_known,0.9759119064005506,10835,27.0875,42,23.365598899173484,23.970000000000006,7.105427357601002e-15,0.0,0,0,-8926.873238782731,False
gset_g1,0,800,19176,47.94,half_mean_deg,23.97,sinkhorn,hebbian_sinkhorn,0.0,ideal,zero,6,graph,50.0,50.0,100,100,7256,58.48244118690491,0.0,0,10821.0,10821.0,11361.0,0.0,0.0,11624.0,best_known,0.97737439779766,10821,27.0525,41,23.394725775887256,23.970000000000002,3.552713678800501e-15,0.0,0,0,-8936.564387379178,False
gset_g1,0,800,19176,47.94,half_mean_deg,23.97,sinkhorn,hebbian_sinkhorn,0.0,ideal,zero,7,graph,50.0,50.0,100,100,7328,61.42738318443298,0.0,0,10855.0,10855.0,11367.0,0.0,0.0,11624.0,best_known,0.9778905712319339,10855,27.1375,42,23.32073256804514,23.970000000000006,7.105427357601002e-15,0.0,0,0,-8911.097376295074,False
gset_g1,0,800,19176,47.94,half_mean_deg,23.97,sinkhorn,hebbian_sinkhorn,0.0,ideal,zero,8,graph,50.0,50.0,100,100,7292,59.646658420562744,0.0,0,10857.0,10857.0,11307.0,0.0,0.0,11624.0,best_known,0.9727288368891948,10857,27.1425,41,23.421488533370795,23.970000000000006,7.105427357601002e-15,0.0,0,0,-8949.275952355772,False
gset_g1,0,800,19176,47.94,half_mean_deg,23.97,sinkhorn,hebbian_sinkhorn,0.0,ideal,zero,9,graph,50.0,50.0,100,100,7232,59.69080686569214,0.0,0,10914.0,10914.0,11384.0,0.0,0.0,11624.0,best_known,0.9793530626290433,10914,27.285,44,23.362495500234367,23.970000000000006,7.105427357601002e-15,0.0,0,0,-8929.15741294847,False
gset_g1,0,800,19176,47.94,half_mean_deg,23.97,sinkhorn,hybrid_sinkhorn,0.0,ideal,zero,0,graph,50.0,50.0,100,100,11698,86.98638725280762,0.0,0,10842.0,10842.0,11358.0,0.0,0.0,11624.0,best_known,0.9771163110805231,10842,27.105,43,23.406482077995094,23.970000000000006,7.105427357601002e-15,0.0,0,0,-8942.81863119372,False
gset_g1,0,800,19176,47.94,half_mean_deg,23.97,sinkhorn,hybrid_sinkhorn,0.0,ideal,zero,1,graph,50.0,50.0,100,100,11722,87.7454903125763,0.0,0,10773.0,10773.0,11292.0,0.0,0.0,11624.0,best_known,0.97143840330351,10773,26.9325,46,23.37283231779857,23.970000000000006,7.105427357601002e-15,0.0,0,0,-8926.520975843432,False
gset_g1,0,800,19176,47.94,half_mean_deg,23.97,sinkhorn,hybrid_sinkhorn,0.0,ideal,zero,2,graph,50.0,50.0,100,100,11722,86.48105502128601,0.0,0,10865.0,10865.0,11339.0,0.0,0.0,11624.0,best_known,0.975481761871989,10865,27.1625,41,23.410230589157127,23.970000000000002,3.552713678800501e-15,0.0,0,0,-8944.336230917641,False
gset_g1,0,800,19176,47.94,half_mean_deg,23.97,sinkhorn,hybrid_sinkhorn,0.0,ideal,zero,3,graph,50.0,50.0,100,100,11746,85.5663251876831,0.0,0,10867.0,10867.0,11365.0,0.0,0.0,11624.0,best_known,0.9777185134205093,10867,27.1675,46,23.42106808358806,23.970000000000002,3.552713678800501e-15,0.0,0,0,-8948.96442809396,False
gset_g1,0,800,19176,47.94,half_mean_deg,23.97,sinkhorn,hybrid_sinkhorn,0.0,ideal,zero,4,graph,50.0,50.0,100,100,11758,86.27957010269165,0.0,0,10832.0,10832.0,11294.0,0.0,0.0,11624.0,best_known,0.9716104611149347,10832,27.08,42,23.416029168173893,23.970000000000006,7.105427357601002e-15,0.0,0,0,-8945.771147405136,False
gset_g1,0,800,19176,47.94,half_mean_deg,23.97,sinkhorn,hybrid_sinkhorn,0.0,ideal,zero,5,graph,50.0,50.0,100,100,11710,85.88187527656555,0.0,0,10835.0,10835.0,11344.0,0.0,0.0,11624.0,best_known,0.9759119064005506,10835,27.0875,42,23.365598899173484,23.970000000000006,7.105427357601002e-15,0.0,0,0,-8926.873238782731,False
gset_g1,0,800,19176,47.94,half_mean_deg,23.97,sinkhorn,hybrid_sinkhorn,0.0,ideal,zero,6,graph,50.0,50.0,100,100,11710,86.70848560333252,0.0,0,10821.0,10821.0,11361.0,0.0,0.0,11624.0,best_known,0.97737439779766,10821,27.0525,41,23.394725775887256,23.970000000000002,3.552713678800501e-15,0.0,0,0,-8936.564387379178,False
gset_g1,0,800,19176,47.94,half_mean_deg,23.97,sinkhorn,hybrid_sinkhorn,0.0,ideal,zero,7,graph,50.0,50.0,100,100,11806,87.92307734489441,0.0,0,10855.0,10855.0,11367.0,0.0,0.0,11624.0,best_known,0.9778905712319339,10855,27.1375,42,23.32073256804514,23.970000000000006,7.105427357601002e-15,0.0,0,0,-8911.097376295074,False
gset_g1,0,800,19176,47.94,half_mean_deg,23.97,sinkhorn,hybrid_sinkhorn,0.0,ideal,zero,8,graph,50.0,50.0,100,100,11770,91.26991367340088,0.0,0,10857.0,10857.0,11307.0,0.0,0.0,11624.0,best_known,0.9727288368891948,10857,27.1425,41,23.421488533370795,23.970000000000006,7.105427357601002e-15,0.0,0,0,-8949.275952355772,False
gset_g1,0,800,19176,47.94,half_mean_deg,23.97,sinkhorn,hybrid_sinkhorn,0.0,ideal,zero,9,graph,50.0,50.0,100,100,11674,88.14222526550293,0.0,0,10914.0,10914.0,11384.0,0.0,0.0,11624.0,best_known,0.9793530626290433,10914,27.285,44,23.362495500234367,23.970000000000006,7.105427357601002e-15,0.0,0,0,-8929.15741294847,False
gset_g1,0,800,19176,47.94,half_mean_deg,23.97,frobenius,hebbian_frobenius,0.0,ideal,zero,0,graph,50.0,50.0,100,101,7352,201.60654664039612,146.45391297340393,101,10903.0,10903.0,11368.0,0.0,0.0,11624.0,best_known,0.9779766001376462,10903,27.2575,43,23.97000000000001,23.97000000000004,4.263256414560601e-14,0.0,0,0,-9143.401991692286,True
gset_g1,0,800,19176,47.94,half_mean_deg,23.97,frobenius,hebbian_frobenius,0.0,ideal,zero,1,graph,50.0,50.0,100,101,7328,117.59641623497009,68.22287058830261,101,10791.0,10791.0,11280.0,0.0,0.0,11624.0,best_known,0.9704060564349621,10791,26.9775,46,23.970000000000013,23.970000000000077,7.815970093361102e-14,0.0,0,0,-9139.15297248774,True
gset_g1,0,800,19176,47.94,half_mean_deg,23.97,frobenius,hebbian_frobenius,0.0,ideal,zero,2,graph,50.0,50.0,100,101,7280,216.78895092010498,164.61904382705688,101,10878.0,10878.0,11315.0,0.0,0.0,11624.0,best_known,0.9734170681348934,10878,27.195,41,23.91007499999723,23.970000000000006,7.105427357601002e-15,0.0,0,0,-9122.227154500068,True
gset_g1,0,800,19176,47.94,half_mean_deg,23.97,frobenius,hebbian_frobenius,0.0,ideal,zero,3,graph,50.0,50.0,100,101,7340,172.95383024215698,122.01777577400208,101,10871.0,10871.0,11434.0,0.0,0.0,11624.0,best_known,0.9836545079146594,10871,27.1775,42,23.850149999983323,23.970000000000006,7.105427357601002e-15,0.0,0,0,-9102.766259552976,True
gset_g1,0,800,19176,47.94,half_mean_deg,23.97,frobenius,hebbian_frobenius,0.0,ideal,zero,4,graph,50.0,50.0,100,101,7448,181.71733832359314,126.25182867050171,101,10803.0,10803.0,11387.0,0.0,0.0,11624.0,best_known,0.9796111493461803,10803,27.0075,43,23.97,23.970000000000024,2.4868995751603507e-14,0.0,0,0,-9140.33933631772,True
gset_g1,0,800,19176,47.94,half_mean_deg,23.97,frobenius,hebbian_frobenius,0.0,ideal,zero,5,graph,50.0,50.0,100,101,7304,254.39398646354675,201.0668420791626,101,10822.0,10822.0,11413.0,0.0,0.0,11624.0,best_known,0.9818479008947006,10822,27.055,41,23.910074999999996,23.970000000000006,7.105427357601002e-15,0.0,0,0,-9120.05326152205,True
gset_g1,0,800,19176,47.94,half_mean_deg,23.97,frobenius,hebbian_frobenius,0.0,ideal,zero,6,graph,50.0,50.0,100,101,7292,156.63163924217224,104.23011302947998,101,10816.0,10816.0,11390.0,0.0,0.0,11624.0,best_known,0.9798692360633173,10816,27.04,41,23.970000000000017,23.970000000000102,1.0302869668521453e-13,0.0,0,0,-9139.17251221266,True
gset_g1,0,800,19176,47.94,half_mean_deg,23.97,frobenius,hebbian_frobenius,0.0,ideal,zero,7,graph,50.0,50.0,100,101,7376,191.31658506393433,135.22061562538147,101,10896.0,10896.0,11405.0,0.0,0.0,11624.0,best_known,0.981159669649002,10896,27.24,41,23.97,23.970000000000013,1.4210854715202004e-14,0.0,0,0,-9142.677582662118,True
gset_g1,0,800,19176,47.94,half_mean_deg,23.97,frobenius,hebbian_frobenius,0.0,ideal,zero,8,graph,50.0,50.0,100,101,7376,266.4789686203003,212.54812145233154,101,10825.0,10825.0,11327.0,0.0,0.0,11624.0,best_known,0.9744494150034412,10825,27.0625,40,23.910074999996205,23.970000000000006,7.105427357601002e-15,0.0,0,0,-9121.651972661533,True
gset_g1,0,800,19176,47.94,half_mean_deg,23.97,frobenius,hebbian_frobenius,0.0,ideal,zero,9,graph,50.0,50.0,100,101,7400,206.37050008773804,152.3876416683197,101,10945.0,10945.0,11307.0,0.0,0.0,11624.0,best_known,0.9727288368891948,10945,27.3625,43,23.910074999999996,23.970000000000006,7.105427357601002e-15,0.0,0,0,-9125.234549520143,True
gset_g1,0,800,19176,47.94,half_mean_deg,23.97,frobenius,hybrid_frobenius,0.0,ideal,zero,0,graph,50.0,50.0,100,101,11890,234.48630213737488,150.8486351966858,101,10903.0,10903.0,11368.0,0.0,0.0,11624.0,best_known,0.9779766001376462,10903,27.2575,43,23.97000000000001,23.97000000000004,4.263256414560601e-14,0.0,0,0,-9143.401991692286,True
gset_g1,0,800,19176,47.94,half_mean_deg,23.97,frobenius,hybrid_frobenius,0.0,ideal,zero,1,graph,50.0,50.0,100,101,11866,151.61083030700684,71.26201677322388,101,10791.0,10791.0,11280.0,0.0,0.0,11624.0,best_known,0.9704060564349621,10791,26.9775,46,23.970000000000013,23.970000000000077,7.815970093361102e-14,0.0,0,0,-9139.15297248774,True
gset_g1,0,800,19176,47.94,half_mean_deg,23.97,frobenius,hybrid_frobenius,0.0,ideal,zero,2,graph,50.0,50.0,100,101,11842,244.8086280822754,165.03015971183777,101,10878.0,10878.0,11315.0,0.0,0.0,11624.0,best_known,0.9734170681348934,10878,27.195,41,23.91007499999723,23.970000000000006,7.105427357601002e-15,0.0,0,0,-9122.227154500068,True
gset_g1,0,800,19176,47.94,half_mean_deg,23.97,frobenius,hybrid_frobenius,0.0,ideal,zero,3,graph,50.0,50.0,100,101,11902,202.03371691703796,122.74109411239624,101,10871.0,10871.0,11434.0,0.0,0.0,11624.0,best_known,0.9836545079146594,10871,27.1775,42,23.850149999983323,23.970000000000006,7.105427357601002e-15,0.0,0,0,-9102.766259552976,True
gset_g1,0,800,19176,47.94,half_mean_deg,23.97,frobenius,hybrid_frobenius,0.0,ideal,zero,4,graph,50.0,50.0,100,101,11986,212.0641167163849,128.2766945362091,101,10803.0,10803.0,11387.0,0.0,0.0,11624.0,best_known,0.9796111493461803,10803,27.0075,43,23.97,23.970000000000024,2.4868995751603507e-14,0.0,0,0,-9140.33933631772,True
gset_g1,0,800,19176,47.94,half_mean_deg,23.97,frobenius,hybrid_frobenius,0.0,ideal,zero,5,graph,50.0,50.0,100,101,11830,278.91512727737427,198.94687914848328,101,10822.0,10822.0,11413.0,0.0,0.0,11624.0,best_known,0.9818479008947006,10822,27.055,41,23.910074999999996,23.970000000000006,7.105427357601002e-15,0.0,0,0,-9120.05326152205,True
gset_g1,0,800,19176,47.94,half_mean_deg,23.97,frobenius,hybrid_frobenius,0.0,ideal,zero,6,graph,50.0,50.0,100,101,11830,185.14584302902222,106.20791625976562,101,10816.0,10816.0,11390.0,0.0,0.0,11624.0,best_known,0.9798692360633173,10816,27.04,41,23.970000000000017,23.970000000000102,1.0302869668521453e-13,0.0,0,0,-9139.17251221266,True
gset_g1,0,800,19176,47.94,half_mean_deg,23.97,frobenius,hybrid_frobenius,0.0,ideal,zero,7,graph,50.0,50.0,100,101,11914,212.9566366672516,130.89535880088806,101,10896.0,10896.0,11405.0,0.0,0.0,11624.0,best_known,0.981159669649002,10896,27.24,41,23.97,23.970000000000013,1.4210854715202004e-14,0.0,0,0,-9142.677582662118,True
gset_g1,0,800,19176,47.94,half_mean_deg,23.97,frobenius,hybrid_frobenius,0.0,ideal,zero,8,graph,50.0,50.0,100,101,11938,298.86448645591736,216.72025990486145,101,10825.0,10825.0,11327.0,0.0,0.0,11624.0,best_known,0.9744494150034412,10825,27.0625,40,23.910074999996205,23.970000000000006,7.105427357601002e-15,0.0,0,0,-9121.651972661533,True
gset_g1,0,800,19176,47.94,half_mean_deg,23.97,frobenius,hybrid_frobenius,0.0,ideal,zero,9,graph,50.0,50.0,100,101,11926,234.46939897537231,154.05753540992737,101,10945.0,10945.0,11307.0,0.0,0.0,11624.0,best_known,0.9727288368891948,10945,27.3625,43,23.910074999999996,23.970000000000006,7.105427357601002e-15,0.0,0,0,-9125.234549520143,True
gset_g1,0,800,19176,47.94,mean_deg,47.94,none,static,0.0,ideal,zero,0,graph,50.0,50.0,0,0,5366,57.37242388725281,0.0,0,11467.0,11500.0,11576.0,0.0,0.0,11624.0,best_known,0.9958706125258087,19176,47.94,67,47.94,67.0,19.060000000000002,0.0,0,0,0.0,False
gset_g1,0,800,19176,47.94,mean_deg,47.94,none,static,0.0,ideal,zero,1,graph,50.0,50.0,0,0,5114,55.07182860374451,0.0,0,11440.0,11495.0,11560.0,0.0,0.0,11624.0,best_known,0.9944941500344116,19176,47.94,67,47.94,67.0,19.060000000000002,0.0,0,0,0.0,False
gset_g1,0,800,19176,47.94,mean_deg,47.94,none,static,0.0,ideal,zero,2,graph,50.0,50.0,0,0,5006,53.04473352432251,0.0,0,11403.0,11505.0,11599.0,0.0,0.0,11624.0,best_known,0.997849277357192,19176,47.94,67,47.94,67.0,19.060000000000002,0.0,0,0,0.0,False
gset_g1,0,800,19176,47.94,mean_deg,47.94,none,static,0.0,ideal,zero,3,graph,50.0,50.0,0,0,5294,58.051920652389526,0.0,0,11442.0,11469.0,11527.0,0.0,0.0,11624.0,best_known,0.991655196145905,19176,47.94,67,47.94,67.0,19.060000000000002,0.0,0,0,0.0,False
gset_g1,0,800,19176,47.94,mean_deg,47.94,none,static,0.0,ideal,zero,4,graph,50.0,50.0,0,0,4658,49.62258338928223,0.0,0,11410.0,11469.0,11523.0,0.0,0.0,11624.0,best_known,0.9913110805230557,19176,47.94,67,47.94,67.0,19.060000000000002,0.0,0,0,0.0,False
gset_g1,0,800,19176,47.94,mean_deg,47.94,none,static,0.0,ideal,zero,5,graph,50.0,50.0,0,0,4814,51.61874985694885,0.0,0,11437.0,11502.0,11546.0,0.0,0.0,11624.0,best_known,0.9932897453544391,19176,47.94,67,47.94,67.0,19.060000000000002,0.0,0,0,0.0,False
gset_g1,0,800,19176,47.94,mean_deg,47.94,none,static,0.0,ideal,zero,6,graph,50.0,50.0,0,0,5138,55.11643171310425,0.0,0,11396.0,11485.0,11543.0,0.0,0.0,11624.0,best_known,0.9930316586373021,19176,47.94,67,47.94,67.0,19.060000000000002,0.0,0,0,0.0,False
gset_g1,0,800,19176,47.94,mean_deg,47.94,none,static,0.0,ideal,zero,7,graph,50.0,50.0,0,0,5234,55.364726543426514,0.0,0,11398.0,11468.0,11521.0,0.0,0.0,11624.0,best_known,0.9911390227116311,19176,47.94,67,47.94,67.0,19.060000000000002,0.0,0,0,0.0,False
gset_g1,0,800,19176,47.94,mean_deg,47.94,none,static,0.0,ideal,zero,8,graph,50.0,50.0,0,0,4670,50.85430884361267,0.0,0,11375.0,11481.0,11543.0,0.0,0.0,11624.0,best_known,0.9930316586373021,19176,47.94,67,47.94,67.0,19.060000000000002,0.0,0,0,0.0,False
gset_g1,0,800,19176,47.94,mean_deg,47.94,none,static,0.0,ideal,zero,9,graph,50.0,50.0,0,0,4862,52.5562584400177,0.0,0,11423.0,11477.0,11530.0,0.0,0.0,11624.0,best_known,0.991913282863042,19176,47.94,67,47.94,67.0,19.060000000000002,0.0,0,0,0.0,False
gset_g1,0,800,19176,47.94,mean_deg,47.94,none,random_rounding,0.0,ideal,zero,0,graph,50.0,50.0,0,0,5366,58.35457396507263,0.0,0,11467.0,11500.0,11576.0,0.0,0.0,11624.0,best_known,0.9958706125258087,19176,47.94,67,47.94,67.0,19.060000000000002,0.0,0,0,0.0,False
gset_g1,0,800,19176,47.94,mean_deg,47.94,none,random_rounding,0.0,ideal,zero,1,graph,50.0,50.0,0,0,5114,55.71259355545044,0.0,0,11440.0,11495.0,11560.0,0.0,0.0,11624.0,best_known,0.9944941500344116,19176,47.94,67,47.94,67.0,19.060000000000002,0.0,0,0,0.0,False
gset_g1,0,800,19176,47.94,mean_deg,47.94,none,random_rounding,0.0,ideal,zero,2,graph,50.0,50.0,0,0,5006,53.00466752052307,0.0,0,11403.0,11505.0,11599.0,0.0,0.0,11624.0,best_known,0.997849277357192,19176,47.94,67,47.94,67.0,19.060000000000002,0.0,0,0,0.0,False
gset_g1,0,800,19176,47.94,mean_deg,47.94,none,random_rounding,0.0,ideal,zero,3,graph,50.0,50.0,0,0,5294,57.20180296897888,0.0,0,11442.0,11469.0,11527.0,0.0,0.0,11624.0,best_known,0.991655196145905,19176,47.94,67,47.94,67.0,19.060000000000002,0.0,0,0,0.0,False
gset_g1,0,800,19176,47.94,mean_deg,47.94,none,random_rounding,0.0,ideal,zero,4,graph,50.0,50.0,0,0,4658,50.29811930656433,0.0,0,11410.0,11469.0,11523.0,0.0,0.0,11624.0,best_known,0.9913110805230557,19176,47.94,67,47.94,67.0,19.060000000000002,0.0,0,0,0.0,False
gset_g1,0,800,19176,47.94,mean_deg,47.94,none,random_rounding,0.0,ideal,zero,5,graph,50.0,50.0,0,0,4814,51.886882066726685,0.0,0,11437.0,11502.0,11546.0,0.0,0.0,11624.0,best_known,0.9932897453544391,19176,47.94,67,47.94,67.0,19.060000000000002,0.0,0,0,0.0,False
gset_g1,0,800,19176,47.94,mean_deg,47.94,none,random_rounding,0.0,ideal,zero,6,graph,50.0,50.0,0,0,5138,54.97421479225159,0.0,0,11396.0,11485.0,11543.0,0.0,0.0,11624.0,best_known,0.9930316586373021,19176,47.94,67,47.94,67.0,19.060000000000002,0.0,0,0,0.0,False
gset_g1,0,800,19176,47.94,mean_deg,47.94,none,random_rounding,0.0,ideal,zero,7,graph,50.0,50.0,0,0,5234,55.4046790599823,0.0,0,11398.0,11468.0,11521.0,0.0,0.0,11624.0,best_known,0.9911390227116311,19176,47.94,67,47.94,67.0,19.060000000000002,0.0,0,0,0.0,False
gset_g1,0,800,19176,47.94,mean_deg,47.94,none,random_rounding,0.0,ideal,zero,8,graph,50.0,50.0,0,0,4670,50.12577152252197,0.0,0,11375.0,11481.0,11543.0,0.0,0.0,11624.0,best_known,0.9930316586373021,19176,47.94,67,47.94,67.0,19.060000000000002,0.0,0,0,0.0,False
gset_g1,0,800,19176,47.94,mean_deg,47.94,none,random_rounding,0.0,ideal,zero,9,graph,50.0,50.0,0,0,4862,51.70013451576233,0.0,0,11423.0,11477.0,11530.0,0.0,0.0,11624.0,best_known,0.991913282863042,19176,47.94,67,47.94,67.0,19.060000000000002,0.0,0,0,0.0,False
gset_g1,0,800,19176,47.94,mean_deg,47.94,none,greedy,0.0,ideal,zero,0,graph,50.0,50.0,0,0,0,0.015041112899780273,0.0,0,11411.0,11411.0,11411.0,0.0,0.0,11624.0,best_known,0.9816758430832759,0,0.0,0,0.0,0.0,0.0,0.0,0,0,0.0,False
gset_g1,0,800,19176,47.94,mean_deg,47.94,none,greedy,0.0,ideal,zero,1,graph,50.0,50.0,0,0,0,0.011590957641601562,0.0,0,11309.0,11309.0,11309.0,0.0,0.0,11624.0,best_known,0.9729008947006194,0,0.0,0,0.0,0.0,0.0,0.0,0,0,0.0,False
gset_g1,0,800,19176,47.94,mean_deg,47.94,none,greedy,0.0,ideal,zero,2,graph,50.0,50.0,0,0,0,0.008663177490234375,0.0,0,11363.0,11363.0,11363.0,0.0,0.0,11624.0,best_known,0.9775464556090847,0,0.0,0,0.0,0.0,0.0,0.0,0,0,0.0,False
gset_g1,0,800,19176,47.94,mean_deg,47.94,none,greedy,0.0,ideal,zero,3,graph,50.0,50.0,0,0,0,0.012095212936401367,0.0,0,11282.0,11282.0,11282.0,0.0,0.0,11624.0,best_known,0.9705781142463867,0,0.0,0,0.0,0.0,0.0,0.0,0,0,0.0,False
gset_g1,0,800,19176,47.94,mean_deg,47.94,none,greedy,0.0,ideal,zero,4,graph,50.0,50.0,0,0,0,0.010602474212646484,0.0,0,11403.0,11403.0,11403.0,0.0,0.0,11624.0,best_known,0.9809876118375774,0,0.0,0,0.0,0.0,0.0,0.0,0,0,0.0,False
gset_g1,0,800,19176,47.94,mean_deg,47.94,none,greedy,0.0,ideal,zero,5,graph,50.0,50.0,0,0,0,0.009693145751953125,0.0,0,11375.0,11375.0,11375.0,0.0,0.0,11624.0,best_known,0.9785788024776325,0,0.0,0,0.0,0.0,0.0,0.0,0,0,0.0,False
gset_g1,0,800,19176,47.94,mean_deg,47.94,none,greedy,0.0,ideal,zero,6,graph,50.0,50.0,0,0,0,0.007274627685546875,0.0,0,11319.0,11319.0,11319.0,0.0,0.0,11624.0,best_known,0.9737611837577426,0,0.0,0,0.0,0.0,0.0,0.0,0,0,0.0,False
gset_g1,0,800,19176,47.94,mean_deg,47.94,none,greedy,0.0,ideal,zero,7,graph,50.0,50.0,0,0,0,0.01184391975402832,0.0,0,11343.0,11343.0,11343.0,0.0,0.0,11624.0,best_known,0.9758258774948383,0,0.0,0,0.0,0.0,0.0,0.0,0,0,0.0,False
gset_g1,0,800,19176,47.94,mean_deg,47.94,none,greedy,0.0,ideal,zero,8,graph,50.0,50.0,0,0,0,0.008930206298828125,0.0,0,11351.0,11351.0,11351.0,0.0,0.0,11624.0,best_known,0.9765141087405368,0,0.0,0,0.0,0.0,0.0,0.0,0,0,0.0,False
gset_g1,0,800,19176,47.94,mean_deg,47.94,none,greedy,0.0,ideal,zero,9,graph,50.0,50.0,0,0,0,0.009308099746704102,0.0,0,11368.0,11368.0,11368.0,0.0,0.0,11624.0,best_known,0.9779766001376462,0,0.0,0,0.0,0.0,0.0,0.0,0,0,0.0,False
gset_g1,0,800,19176,47.94,mean_deg,47.94,none,static_projected,0.0,ideal,zero,0,graph,50.0,50.0,0,1,4490,49.01279020309448,0.1646254062652588,1,11447.0,11484.0,11570.0,0.0,0.0,11624.0,best_known,0.9953544390915348,19176,47.94,67,44.54231426917948,47.940000000000005,7.105427357601002e-15,0.0,0,0,0.0,False
gset_g1,0,800,19176,47.94,mean_deg,47.94,none,static_projected,0.0,ideal,zero,1,graph,50.0,50.0,0,1,4046,43.3448441028595,0.16004157066345215,1,11437.0,11479.0,11530.0,0.0,0.0,11624.0,best_known,0.991913282863042,19176,47.94,67,44.54231426917948,47.940000000000005,7.105427357601002e-15,0.0,0,0,0.0,False
gset_g1,0,800,19176,47.94,mean_deg,47.94,none,static_projected,0.0,ideal,zero,2,graph,50.0,50.0,0,1,4754,50.53221106529236,0.15561461448669434,1,11433.0,11499.0,11580.0,0.0,0.0,11624.0,best_known,0.996214728148658,19176,47.94,67,44.54231426917948,47.940000000000005,7.105427357601002e-15,0.0,0,0,0.0,False
gset_g1,0,800,19176,47.94,mean_deg,47.94,none,static_projected,0.0,ideal,zero,3,graph,50.0,50.0,0,1,4202,45.58478116989136,0.17549443244934082,1,11418.0,11469.0,11544.0,0.0,0.0,11624.0,best_known,0.9931176875430144,19176,47.94,67,44.54231426917948,47.940000000000005,7.105427357601002e-15,0.0,0,0,0.0,False
gset_g1,0,800,19176,47.94,mean_deg,47.94,none,static_projected,0.0,ideal,zero,4,graph,50.0,50.0,0,1,4694,49.37602615356445,0.15656805038452148,1,11520.0,11520.0,11568.0,0.0,0.0,11624.0,best_known,0.9951823812801102,19176,47.94,67,44.54231426917948,47.940000000000005,7.105427357601002e-15,0.0,0,0,0.0,False
gset_g1,0,800,19176,47.94,mean_deg,47.94,none,static_projected,0.0,ideal,zero,5,graph,50.0,50.0,0,1,4550,48.17462515830994,0.1743488311767578,1,11436.0,11487.0,11554.0,0.0,0.0,11624.0,best_known,0.9939779766001376,19176,47.94,67,44.54231426917948,47.940000000000005,7.105427357601002e-15,0.0,0,0,0.0,False
gset_g1,0,800,19176,47.94,mean_deg,47.94,none,static_projected,0.0,ideal,zero,6,graph,50.0,50.0,0,1,4334,46.732343912124634,0.1452655792236328,1,11430.0,11475.0,11527.0,0.0,0.0,11624.0,best_known,0.991655196145905,19176,47.94,67,44.54231426917948,47.940000000000005,7.105427357601002e-15,0.0,0,0,0.0,False
gset_g1,0,800,19176,47.94,mean_deg,47.94,none,static_projected,0.0,ideal,zero,7,graph,50.0,50.0,0,1,4778,52.48463797569275,0.17714309692382812,1,11423.0,11504.0,11569.0,0.0,0.0,11624.0,best_known,0.9952684101858225,19176,47.94,67,44.54231426917948,47.940000000000005,7.105427357601002e-15,0.0,0,0,0.0,False
gset_g1,0,800,19176,47.94,mean_deg,47.94,none,static_projected,0.0,ideal,zero,8,graph,50.0,50.0,0,1,4322,46.758323431015015,0.1563434600830078,1,11462.0,11463.0,11543.0,0.0,0.0,11624.0,best_known,0.9930316586373021,19176,47.94,67,44.54231426917948,47.940000000000005,7.105427357601002e-15,0.0,0,0,0.0,False
gset_g1,0,800,19176,47.94,mean_deg,47.94,none,static_projected,0.0,ideal,zero,9,graph,50.0,50.0,0,1,4526,48.22850179672241,0.16788482666015625,1,11471.0,11504.0,11570.0,0.0,0.0,11624.0,best_known,0.9953544390915348,19176,47.94,67,44.54231426917948,47.940000000000005,7.105427357601002e-15,0.0,0,0,0.0,False
gset_g1,0,800,19176,47.94,mean_deg,47.94,none,static_budgeted,0.0,ideal,zero,0,graph,50.0,50.0,0,1,4478,48.366756200790405,0.15840935707092285,1,11468.0,11476.0,11532.0,0.0,0.0,11624.0,best_known,0.9920853406744666,19128,47.82,66,44.56954770047778,47.94000000000007,7.105427357601002e-14,0.0,0,0,0.0,False
gset_g1,0,800,19176,47.94,mean_deg,47.94,none,static_budgeted,0.0,ideal,zero,1,graph,50.0,50.0,0,1,4514,48.12268280982971,0.16077756881713867,1,11453.0,11475.0,11536.0,0.0,0.0,11624.0,best_known,0.9924294562973159,19135,47.8375,67,44.57010073817965,47.94,0.0,0.0,0,0,0.0,False
gset_g1,0,800,19176,47.94,mean_deg,47.94,none,static_budgeted,0.0,ideal,zero,2,graph,50.0,50.0,0,1,4754,51.11856508255005,0.14020180702209473,1,11407.0,11466.0,11551.0,0.0,0.0,11624.0,best_known,0.9937198898830006,19118,47.795,65,44.583718978105665,47.940000000000005,7.105427357601002e-15,0.0,0,0,0.0,False
gset_g1,0,800,19176,47.94,mean_deg,47.94,none,static_budgeted,0.0,ideal,zero,3,graph,50.0,50.0,0,1,4058,44.3350555896759,0.14974093437194824,1,11433.0,11460.0,11526.0,0.0,0.0,11624.0,best_known,0.9915691672401927,19123,47.8075,66,44.57688736298515,47.940000000000005,7.105427357601002e-15,0.0,0,0,0.0,False
gset_g1,0,800,19176,47.94,mean_deg,47.94,none,static_budgeted,0.0,ideal,zero,4,graph,50.0,50.0,0,1,4838,52.2667281627655,0.14933085441589355,1,11456.0,11466.0,11537.0,0.0,0.0,11624.0,best_known,0.9925154852030282,19124,47.81,65,44.57816982749653,47.940000000000005,7.105427357601002e-15,0.0,0,0,0.0,False
gset_g1,0,800,19176,47.94,mean_deg,47.94,none,static_budgeted,0.0,ideal,zero,5,graph,50.0,50.0,0,1,4046,42.806211948394775,0.15253639221191406,1,11455.0,11474.0,11550.0,0.0,0.0,11624.0,best_known,0.9936338609772883,19124,47.81,66,44.57469558243104,47.940000000000005,7.105427357601002e-15,0.0,0,0,0.0,False
gset_g1,0,800,19176,47.94,mean_deg,47.94,none,static_budgeted,0.0,ideal,zero,6,graph,50.0,50.0,0,1,4778,49.871031761169434,0.1363236904144287,1,11430.0,11460.0,11526.0,0.0,0.0,11624.0,best_known,0.9915691672401927,19132,47.83,66,44.56275543287842,47.940000000000005,7.105427357601002e-15,0.0,0,0,0.0,False
gset_g1,0,800,19176,47.94,mean_deg,47.94,none,static_budgeted,0.0,ideal,zero,7,graph,50.0,50.0,0,1,4850,51.30198621749878,0.17110824584960938,1,11439.0,11460.0,11524.0,0.0,0.0,11624.0,best_known,0.991397109428768,19125,47.8125,66,44.57804595516707,47.940000000000076,7.815970093361102e-14,0.0,0,0,0.0,False
gset_g1,0,800,19176,47.94,mean_deg,47.94,none,static_budgeted,0.0,ideal,zero,8,graph,50.0,50.0,0,1,4922,52.90995669364929,0.13883256912231445,1,11467.0,11490.0,11544.0,0.0,0.0,11624.0,best_known,0.9931176875430144,19127,47.8175,66,44.57445702883396,47.940000000000005,7.105427357601002e-15,0.0,0,0,0.0,False
gset_g1,0,800,19176,47.94,mean_deg,47.94,none,static_budgeted,0.0,ideal,zero,9,graph,50.0,50.0,0,1,4862,52.19651651382446,0.17292571067810059,1,11383.0,11479.0,11548.0,0.0,0.0,11624.0,best_known,0.9934618031658637,19121,47.8025,65,44.57900827229364,47.94000000000001,1.4210854715202004e-14,0.0,0,0,0.0,False
gset_g1,0,800,19176,47.94,mean_deg,47.94,none,random_budgeted,0.0,ideal,zero,0,graph,50.0,50.0,0,1,2498,25.380692720413208,0.017325401306152344,1,11321.0,11364.0,11516.0,0.0,0.0,11624.0,best_known,0.9907088781830695,19176,47.94,67,23.756312924957815,34.58875114910735,-13.351248850892645,0.0,0,0,0.0,False
gset_g1,0,800,19176,47.94,mean_deg,47.94,none,random_budgeted,0.0,ideal,zero,1,graph,50.0,50.0,0,1,2666,28.261494398117065,0.019188642501831055,1,11417.0,11417.0,11506.0,0.0,0.0,11624.0,best_known,0.9898485891259463,19176,47.94,67,24.07192231171107,34.767683766694844,-13.172316233305153,0.0,0,0,0.0,False
gset_g1,0,800,19176,47.94,mean_deg,47.94,none,random_budgeted,0.0,ideal,zero,2,graph,50.0,50.0,0,1,2534,26.610780239105225,0.024512767791748047,1,11301.0,11350.0,11464.0,0.0,0.0,11624.0,best_known,0.9862353750860289,19176,47.94,67,24.07000334367269,35.160876004909035,-12.779123995090963,0.0,0,0,0.0,False
gset_g1,0,800,19176,47.94,mean_deg,47.94,none,random_budgeted,0.0,ideal,zero,3,graph,50.0,50.0,0,1,2510,26.471685647964478,0.02137136459350586,1,11252.0,11374.0,11509.0,0.0,0.0,11624.0,best_known,0.9901066758430833,19176,47.94,67,23.960080046024665,35.223363267542304,-12.716636732457694,0.0,0,0,0.0,False
gset_g1,0,800,19176,47.94,mean_deg,47.94,none,random_budgeted,0.0,ideal,zero,4,graph,50.0,50.0,0,1,2618,27.4714777469635,0.01692795753479004,1,11295.0,11336.0,11468.0,0.0,0.0,11624.0,best_known,0.9865794907088782,19176,47.94,67,24.103418408926668,34.91474731135173,-13.025252688648266,0.0,0,0,0.0,False
gset_g1,0,800,19176,47.94,mean_deg,47.94,none,random_budgeted,0.0,ideal,zero,5,graph,50.0,50.0,0,1,2726,28.951237678527832,0.02102804183959961,1,11285.0,11335.0,11490.0,0.0,0.0,11624.0,best_known,0.9884721266345492,19176,47.94,67,24.052431706802125,34.09605041291029,-13.84394958708971,0.0,0,0,0.0,False
gset_g1,0,800,19176,47.94,mean_deg,47.94,none,random_budgeted,0.0,ideal,zero,6,graph,50.0,50.0,0,1,2378,24.999272108078003,0.017700672149658203,1,11313.0,11332.0,11471.0,0.0,0.0,11624.0,best_known,0.9868375774260152,19176,47.94,67,23.85146388487544,33.18787348744624,-14.752126512553758,0.0,0,0,0.0,False
gset_g1,0,800,19176,47.94,mean_deg,47.94,none,random_budgeted,0.0,ideal,zero,7,graph,50.0,50.0,0,1,2834,29.197202682495117,0.017592430114746094,1,11260.0,11303.0,11447.0,0.0,0.0,11624.0,best_known,0.9847728836889195,19176,47.94,67,23.95413377290887,35.32855940744438,-12.611440592555617,0.0,0,0,0.0,False
gset_g1,0,800,19176,47.94,mean_deg,47.94,none,random_budgeted,0.0,ideal,zero,8,graph,50.0,50.0,0,1,2726,29.55031991004944,0.01749134063720703,1,11279.0,11334.0,11479.0,0.0,0.0,11624.0,best_known,0.9875258086717137,19176,47.94,67,24.009470467044107,33.77914302820917,-14.160856971790828,0.0,0,0,0.0,False
gset_g1,0,800,19176,47.94,mean_deg,47.94,none,random_budgeted,0.0,ideal,zero,9,graph,50.0,50.0,0,1,2582,27.258787631988525,0.02324962615966797,1,11277.0,11310.0,11464.0,0.0,0.0,11624.0,best_known,0.9862353750860289,19176,47.94,67,24.00562306658693,37.69706901492049,-10.24293098507951,0.0,0,0,0.0,False
gset_g1,0,800,19176,47.94,mean_deg,47.94,none,learned_support_random_weights,0.0,ideal,zero,0,hebbian_seed0,50.0,50.0,0,1,2858,18.15256118774414,0.016858577728271484,1,11072.0,11072.0,11364.0,0.0,0.0,11624.0,best_known,0.977632484514797,11072,27.68,44,13.703746035622963,22.0869327983252,-25.853067201674797,0.0,0,0,0.0,False
gset_g1,0,800,19176,47.94,mean_deg,47.94,none,learned_support_random_weights,0.0,ideal,zero,1,hebbian_seed0,50.0,50.0,0,1,3014,19.54653024673462,0.020509719848632812,1,11072.0,11072.0,11364.0,0.0,0.0,11624.0,best_known,0.977632484514797,11072,27.68,44,13.940744402187377,22.581237703637697,-25.3587622963623,0.0,0,0,0.0,False
gset_g1,0,800,19176,47.94,mean_deg,47.94,none,learned_support_random_weights,0.0,ideal,zero,2,hebbian_seed0,50.0,50.0,0,1,2966,19.733864784240723,0.021554231643676758,1,11072.0,11072.0,11364.0,0.0,0.0,11624.0,best_known,0.977632484514797,11072,27.68,44,13.828017929452885,22.443644932312754,-25.496355067687244,0.0,0,0,0.0,False
gset_g1,0,800,19176,47.94,mean_deg,47.94,none,learned_support_random_weights,0.0,ideal,zero,3,hebbian_seed0,50.0,50.0,0,1,2966,19.35164785385132,0.022064924240112305,1,11072.0,11072.0,11364.0,0.0,0.0,11624.0,best_known,0.977632484514797,11072,27.68,44,13.815423084874444,23.061859057948524,-24.878140942051473,0.0,0,0,0.0,False
gset_g1,0,800,19176,47.94,mean_deg,47.94,none,learned_support_random_weights,0.0,ideal,zero,4,hebbian_seed0,50.0,50.0,0,1,3014,19.50715160369873,0.019501686096191406,1,11072.0,11072.0,11364.0,0.0,0.0,11624.0,best_known,0.977632484514797,11072,27.68,44,13.9651551606372,25.45400890695381,-22.485991093046188,0.0,0,0,0.0,False
gset_g1,0,800,19176,47.94,mean_deg,47.94,none,learned_support_random_weights,0.0,ideal,zero,5,hebbian_seed0,50.0,50.0,0,1,2966,18.97322130203247,0.01655435562133789,1,11072.0,11072.0,11364.0,0.0,0.0,11624.0,best_known,0.977632484514797,11072,27.68,44,13.871501070595292,20.758120150099,-27.181879849900998,0.0,0,0,0.0,False
gset_g1,0,800,19176,47.94,mean_deg,47.94,none,learned_support_random_weights,0.0,ideal,zero,6,hebbian_seed0,50.0,50.0,0,1,3014,19.29432964324951,0.02238297462463379,1,11072.0,11072.0,11364.0,0.0,0.0,11624.0,best_known,0.977632484514797,11072,27.68,44,13.775403929643648,22.896427441760462,-25.043572558239536,0.0,0,0,0.0,False
gset_g1,0,800,19176,47.94,mean_deg,47.94,none,learned_support_random_weights,0.0,ideal,zero,7,hebbian_seed0,50.0,50.0,0,1,3026,19.77649164199829,0.023205041885375977,1,11072.0,11072.0,11364.0,0.0,0.0,11624.0,best_known,0.977632484514797,11072,27.68,44,13.840709329616175,22.70475094847781,-25.23524905152219,0.0,0,0,0.0,False
gset_g1,0,800,19176,47.94,mean_deg,47.94,none,learned_support_random_weights,0.0,ideal,zero,8,hebbian_seed0,50.0,50.0,0,1,2942,19.331511974334717,0.018944978713989258,1,11072.0,11072.0,11364.0,0.0,0.0,11624.0,best_known,0.977632484514797,11072,27.68,44,13.820011769782788,22.08313268918134,-25.856867310818657,0.0,0,0,0.0,False
gset_g1,0,800,19176,47.94,mean_deg,47.94,none,learned_support_random_weights,0.0,ideal,zero,9,hebbian_seed0,50.0,50.0,0,1,2966,19.193724870681763,0.025089025497436523,1,11072.0,11072.0,11364.0,0.0,0.0,11624.0,best_known,0.977632484514797,11072,27.68,44,13.887928117513539,23.98842761105056,-23.951572388949437,0.0,0,0,0.0,False
gset_g1,0,800,19176,47.94,mean_deg,47.94,none,topology_scrambled,0.0,ideal,zero,0,graph,50.0,50.0,100,101,12212,151.24939489364624,69.47882103919983,101,9598.0,9598.0,11331.0,0.0,0.0,11624.0,best_known,0.9747935306262905,10022,25.055,41,47.58044999999713,47.94000000000001,1.4210854715202004e-14,0.0,0,0,-17113.854049072816,False
gset_g1,0,800,19176,47.94,mean_deg,47.94,none,topology_scrambled,0.0,ideal,zero,1,graph,50.0,50.0,100,101,13100,144.3538589477539,58.160927534103394,101,9909.0,9909.0,11362.0,0.0,0.0,11624.0,best_known,0.9774604267033723,10123,25.3075,40,47.939999999998925,47.940000000000005,7.105427357601002e-15,0.0,0,0,-17229.50840797035,False
gset_g1,0,800,19176,47.94,mean_deg,47.94,none,topology_scrambled,0.0,ideal,zero,2,graph,50.0,50.0,100,101,12908,277.6500594615936,192.22084641456604,101,9866.0,9866.0,11277.0,0.0,0.0,11624.0,best_known,0.9701479697178252,10034,25.085,40,47.82014999999201,47.94000000000001,1.4210854715202004e-14,0.0,0,0,-17187.242580001435,False
gset_g1,0,800,19176,47.94,mean_deg,47.94,none,topology_scrambled,0.0,ideal,zero,3,graph,50.0,50.0,100,101,12068,154.06919121742249,72.15057349205017,101,9835.0,9835.0,11340.0,0.0,0.0,11624.0,best_known,0.9755677907777013,10169,25.4225,41,47.58044999999945,47.940000000000055,5.684341886080802e-14,0.0,0,0,-17141.314118895887,False
gset_g1,0,800,19176,47.94,mean_deg,47.94,none,topology_scrambled,0.0,ideal,zero,4,graph,50.0,50.0,100,101,13304,151.63200426101685,61.70007252693176,101,9829.0,9829.0,11306.0,0.0,0.0,11624.0,best_known,0.9726428079834825,10093,25.2325,42,47.34075,47.94000000000001,1.4210854715202004e-14,0.0,0,0,-17052.91679151658,False
gset_g1,0,800,19176,47.94,mean_deg,47.94,none,topology_scrambled,0.0,ideal,zero,5,graph,50.0,50.0,100,101,12932,213.27593874931335,126.5864565372467,101,9784.0,9784.0,11355.0,0.0,0.0,11624.0,best_known,0.9768582243633861,10172,25.43,40,47.7003,47.94000000000001,1.4210854715202004e-14,0.0,0,0,-17158.8416112988,False
gset_g1,0,800,19176,47.94,mean_deg,47.94,none,topology_scrambled,0.0,ideal,zero,6,graph,50.0,50.0,100,101,13340,216.87800192832947,129.11796474456787,101,9704.0,9704.0,11329.0,0.0,0.0,11624.0,best_known,0.9746214728148658,9984,24.96,40,47.82014999999874,47.94000000000001,1.4210854715202004e-14,0.0,0,0,-17157.97044436566,False
gset_g1,0,800,19176,47.94,mean_deg,47.94,none,topology_scrambled,0.0,ideal,zero,7,graph,50.0,50.0,100,101,13256,201.576566696167,115.8259711265564,101,9830.0,9830.0,11307.0,0.0,0.0,11624.0,best_known,0.9727288368891948,9920,24.8,43,47.820150000000005,47.94000000000001,1.4210854715202004e-14,0.0,0,0,-17153.98910399178,False
gset_g1,0,800,19176,47.94,mean_deg,47.94,none,topology_scrambled,0.0,ideal,zero,8,graph,50.0,50.0,100,101,13040,221.84444165229797,133.5723750591278,101,9751.0,9751.0,11362.0,0.0,0.0,11624.0,best_known,0.9774604267033723,10137,25.3425,40,47.700300000000006,47.94000000000001,1.4210854715202004e-14,0.0,0,0,-17169.216341162228,False
gset_g1,0,800,19176,47.94,mean_deg,47.94,none,topology_scrambled,0.0,ideal,zero,9,graph,50.0,50.0,100,101,13544,152.20145273208618,60.25384187698364,101,9766.0,9766.0,11384.0,0.0,0.0,11624.0,best_known,0.9793530626290433,10062,25.155,38,47.22089999998583,47.94000000000001,1.4210854715202004e-14,0.0,0,0,-17004.8528726604,False
gset_g1,0,800,19176,47.94,mean_deg,47.94,sinkhorn,hebbian_sinkhorn,0.0,ideal,zero,0,graph,50.0,50.0,100,100,13196,97.0621166229248,0.0,0,11079.0,11079.0,11376.0,0.0,0.0,11624.0,best_known,0.9786648313833448,11079,27.6975,45,47.12397316201607,47.94000000000001,1.4210854715202004e-14,0.0,0,0,-17179.13542181492,False
gset_g1,0,800,19176,47.94,mean_deg,47.94,sinkhorn,hebbian_sinkhorn,0.0,ideal,zero,1,graph,50.0,50.0,100,100,13376,97.9521222114563,0.0,0,11018.0,11018.0,11265.0,0.0,0.0,11624.0,best_known,0.9691156228492773,11018,27.545,40,47.20061971665711,47.94000000000001,1.4210854715202004e-14,0.0,0,0,-17192.712913721945,False
gset_g1,0,800,19176,47.94,mean_deg,47.94,sinkhorn,hebbian_sinkhorn,0.0,ideal,zero,2,graph,50.0,50.0,100,100,13004,95.55658555030823,0.0,0,11164.0,11164.0,11372.0,0.0,0.0,11624.0,best_known,0.9783207157604955,11164,27.91,41,47.17839510677726,47.94000000000001,1.4210854715202004e-14,0.0,0,0,-17204.589895218465,False
gset_g1,0,800,19176,47.94,mean_deg,47.94,sinkhorn,hebbian_sinkhorn,0.0,ideal,zero,3,graph,50.0,50.0,100,100,13364,96.83406853675842,0.0,0,11110.0,11110.0,11375.0,0.0,0.0,11624.0,best_known,0.9785788024776325,11110,27.775,44,47.10940414251705,47.94000000000001,1.4210854715202004e-14,0.0,0,0,-17172.941389895266,False
gset_g1,0,800,19176,47.94,mean_deg,47.94,sinkhorn,hebbian_sinkhorn,0.0,ideal,zero,4,graph,50.0,50.0,100,100,13256,98.69735217094421,0.0,0,11058.0,11058.0,11323.0,0.0,0.0,11624.0,best_known,0.9741052993805919,11058,27.645,42,47.201132841093234,47.94000000000001,1.4210854715202004e-14,0.0,0,0,-17199.59323789179,False
gset_g1,0,800,19176,47.94,mean_deg,47.94,sinkhorn,hebbian_sinkhorn,0.0,ideal,zero,5,graph,50.0,50.0,100,100,12824,100.33641624450684,0.0,0,11074.0,11074.0,11354.0,0.0,0.0,11624.0,best_known,0.9767721954576738,11074,27.685,43,46.98665337790842,47.94000000000001,1.4210854715202004e-14,0.0,0,0,-17129.39500509248,False
gset_g1,0,800,19176,47.94,mean_deg,47.94,sinkhorn,hebbian_sinkhorn,0.0,ideal,zero,6,graph,50.0,50.0,100,100,12836,97.23247957229614,0.0,0,11109.0,11109.0,11374.0,0.0,0.0,11624.0,best_known,0.9784927735719202,11109,27.7725,40,47.00926692496941,47.94000000000001,1.4210854715202004e-14,0.0,0,0,-17143.831833714485,False
gset_g1,0,800,19176,47.94,mean_deg,47.94,sinkhorn,hebbian_sinkhorn,0.0,ideal,zero,7,graph,50.0,50.0,100,100,13016,95.39019417762756,0.0,0,11089.0,11089.0,11378.0,0.0,0.0,11624.0,best_known,0.9788368891947694,11089,27.7225,41,47.15655964695239,47.94000000000001,1.4210854715202004e-14,0.0,0,0,-17183.98942806048,False
gset_g1,0,800,19176,47.94,mean_deg,47.94,sinkhorn,hebbian_sinkhorn,0.0,ideal,zero,8,graph,50.0,50.0,100,100,13496,99.21844172477722,0.0,0,11188.0,11188.0,11400.0,0.0,0.0,11624.0,best_known,0.9807295251204404,11188,27.97,41,47.00826553868235,47.94000000000001,1.4210854715202004e-14,0.0,0,0,-17149.619358828877,False
gset_g1,0,800,19176,47.94,mean_deg,47.94,sinkhorn,hebbian_sinkhorn,0.0,ideal,zero,9,graph,50.0,50.0,100,100,13052,96.92839527130127,0.0,0,11083.0,11083.0,11327.0,0.0,0.0,11624.0,best_known,0.9744494150034412,11083,27.7075,43,47.18946420755729,47.94000000000001,1.4210854715202004e-14,0.0,0,0,-17198.945856776216,False
gset_g1,0,800,19176,47.94,mean_deg,47.94,sinkhorn,hybrid_sinkhorn,0.0,ideal,zero,0,graph,50.0,50.0,100,100,22102,151.25851321220398,0.0,0,11079.0,11079.0,11376.0,0.0,0.0,11624.0,best_known,0.9786648313833448,11079,27.6975,45,47.12397316201607,47.94000000000001,1.4210854715202004e-14,0.0,0,0,-17179.13542181492,False
gset_g1,0,800,19176,47.94,mean_deg,47.94,sinkhorn,hybrid_sinkhorn,0.0,ideal,zero,1,graph,50.0,50.0,100,100,22306,155.06647610664368,0.0,0,11018.0,11018.0,11265.0,0.0,0.0,11624.0,best_known,0.9691156228492773,11018,27.545,40,47.20061971665711,47.94000000000001,1.4210854715202004e-14,0.0,0,0,-17192.712913721945,False
gset_g1,0,800,19176,47.94,mean_deg,47.94,sinkhorn,hybrid_sinkhorn,0.0,ideal,zero,2,graph,50.0,50.0,100,100,21922,148.14984846115112,0.0,0,11164.0,11164.0,11372.0,0.0,0.0,11624.0,best_known,0.9783207157604955,11164,27.91,41,47.17839510677726,47.94000000000001,1.4210854715202004e-14,0.0,0,0,-17204.589895218465,False
gset_g1,0,800,19176,47.94,mean_deg,47.94,sinkhorn,hybrid_sinkhorn,0.0,ideal,zero,3,graph,50.0,50.0,100,100,22270,153.30803966522217,0.0,0,11110.0,11110.0,11375.0,0.0,0.0,11624.0,best_known,0.9785788024776325,11110,27.775,44,47.10940414251705,47.94000000000001,1.4210854715202004e-14,0.0,0,0,-17172.941389895266,False
gset_g1,0,800,19176,47.94,mean_deg,47.94,sinkhorn,hybrid_sinkhorn,0.0,ideal,zero,4,graph,50.0,50.0,100,100,22198,152.66647052764893,0.0,0,11058.0,11058.0,11323.0,0.0,0.0,11624.0,best_known,0.9741052993805919,11058,27.645,42,47.201132841093234,47.94000000000001,1.4210854715202004e-14,0.0,0,0,-17199.59323789179,False
gset_g1,0,800,19176,47.94,mean_deg,47.94,sinkhorn,hybrid_sinkhorn,0.0,ideal,zero,5,graph,50.0,50.0,100,100,21706,151.7937788963318,0.0,0,11074.0,11074.0,11354.0,0.0,0.0,11624.0,best_known,0.9767721954576738,11074,27.685,43,46.98665337790842,47.94000000000001,1.4210854715202004e-14,0.0,0,0,-17129.39500509248,False
gset_g1,0,800,19176,47.94,mean_deg,47.94,sinkhorn,hybrid_sinkhorn,0.0,ideal,zero,6,graph,50.0,50.0,100,100,21730,149.31310272216797,0.0,0,11109.0,11109.0,11374.0,0.0,0.0,11624.0,best_known,0.9784927735719202,11109,27.7725,40,47.00926692496941,47.94000000000001,1.4210854715202004e-14,0.0,0,0,-17143.831833714485,False
gset_g1,0,800,19176,47.94,mean_deg,47.94,sinkhorn,hybrid_sinkhorn,0.0,ideal,zero,7,graph,50.0,50.0,100,100,21922,148.9832055568695,0.0,0,11089.0,11089.0,11378.0,0.0,0.0,11624.0,best_known,0.9788368891947694,11089,27.7225,41,47.15655964695239,47.94000000000001,1.4210854715202004e-14,0.0,0,0,-17183.98942806048,False
gset_g1,0,800,19176,47.94,mean_deg,47.94,sinkhorn,hybrid_sinkhorn,0.0,ideal,zero,8,graph,50.0,50.0,100,100,22378,150.4316589832306,0.0,0,11188.0,11188.0,11400.0,0.0,0.0,11624.0,best_known,0.9807295251204404,11188,27.97,41,47.00826553868235,47.94000000000001,1.4210854715202004e-14,0.0,0,0,-17149.619358828877,False
gset_g1,0,800,19176,47.94,mean_deg,47.94,sinkhorn,hybrid_sinkhorn,0.0,ideal,zero,9,graph,50.0,50.0,100,100,21970,145.72124910354614,0.0,0,11083.0,11083.0,11327.0,0.0,0.0,11624.0,best_known,0.9744494150034412,11083,27.7075,43,47.18946420755729,47.94000000000001,1.4210854715202004e-14,0.0,0,0,-17198.945856776216,False
gset_g1,0,800,19176,47.94,mean_deg,47.94,frobenius,hebbian_frobenius,0.0,ideal,zero,0,graph,50.0,50.0,100,101,13436,252.31918716430664,161.14468955993652,101,11072.0,11072.0,11364.0,0.0,0.0,11624.0,best_known,0.977632484514797,11072,27.68,44,47.82014999997618,47.94000000000001,1.4210854715202004e-14,0.0,0,0,-17399.573727866344,False
gset_g1,0,800,19176,47.94,mean_deg,47.94,frobenius,hebbian_frobenius,0.0,ideal,zero,1,graph,50.0,50.0,100,101,13448,167.33537411689758,78.69394850730896,101,11032.0,11032.0,11303.0,0.0,0.0,11624.0,best_known,0.9723847212663455,11032,27.58,40,47.93999999999924,47.940000000000296,2.984279490192421e-13,0.0,0,0,-17420.00349813069,False
gset_g1,0,800,19176,47.94,mean_deg,47.94,frobenius,hebbian_frobenius,0.0,ideal,zero,2,graph,50.0,50.0,100,101,13412,266.9645285606384,176.37830924987793,101,11194.0,11194.0,11379.0,0.0,0.0,11624.0,best_known,0.9789229181004817,11194,27.985,41,47.82014999999999,47.94000000000001,1.4210854715202004e-14,0.0,0,0,-17411.149849391295,False
gset_g1,0,800,19176,47.94,mean_deg,47.94,frobenius,hebbian_frobenius,0.0,ideal,zero,3,graph,50.0,50.0,100,101,13004,184.40969371795654,99.08075881004333,101,11118.0,11118.0,11352.0,0.0,0.0,11624.0,best_known,0.9766001376462491,11118,27.795,43,47.70029999998164,47.94000000000001,1.4210854715202004e-14,0.0,0,0,-17362.38230756883,False
gset_g1,0,800,19176,47.94,mean_deg,47.94,frobenius,hebbian_frobenius,0.0,ideal,zero,4,graph,50.0,50.0,100,101,13160,259.90903997421265,167.48841166496277,101,11068.0,11068.0,11337.0,0.0,0.0,11624.0,best_known,0.9753097040605644,11068,27.67,41,47.820150000000005,47.94000000000001,1.4210854715202004e-14,0.0,0,0,-17394.823293555466,False
gset_g1,0,800,19176,47.94,mean_deg,47.94,frobenius,hebbian_frobenius,0.0,ideal,zero,5,graph,50.0,50.0,100,101,13232,179.27102828025818,83.50282192230225,101,11061.0,11061.0,11369.0,0.0,0.0,11624.0,best_known,0.9780626290433586,11061,27.6525,41,47.93999999999948,47.94000000000003,3.552713678800501e-14,0.0,0,0,-17424.534012236367,False
gset_g1,0,800,19176,47.94,mean_deg,47.94,frobenius,hebbian_frobenius,0.0,ideal,zero,6,graph,50.0,50.0,100,101,13640,181.42808413505554,87.93004250526428,101,11128.0,11128.0,11364.0,0.0,0.0,11624.0,best_known,0.977632484514797,11128,27.82,40,47.9399999999998,47.940000000000005,7.105427357601002e-15,0.0,0,0,-17433.95329979064,False
gset_g1,0,800,19176,47.94,mean_deg,47.94,frobenius,hebbian_frobenius,0.0,ideal,zero,7,graph,50.0,50.0,100,101,13388,233.2690086364746,142.9089241027832,101,11100.0,11100.0,11361.0,0.0,0.0,11624.0,best_known,0.97737439779766,11100,27.75,41,47.820150000000005,47.94000000000001,1.4210854715202004e-14,0.0,0,0,-17393.80954569282,False
gset_g1,0,800,19176,47.94,mean_deg,47.94,frobenius,hebbian_frobenius,0.0,ideal,zero,8,graph,50.0,50.0,100,101,13172,157.6406009197235,69.53175783157349,101,11196.0,11196.0,11393.0,0.0,0.0,11624.0,best_known,0.9801273227804542,11196,27.99,40,47.93999999999933,47.94000000000044,4.405364961712621e-13,0.0,0,0,-17437.847968221162,False
gset_g1,0,800,19176,47.94,mean_deg,47.94,frobenius,hebbian_frobenius,0.0,ideal,zero,9,graph,50.0,50.0,100,101,12680,195.692946434021,107.10295391082764,101,11075.0,11075.0,11345.0,0.0,0.0,11624.0,best_known,0.9759979353062629,11075,27.6875,43,47.58044999999659,47.94000000000001,1.4210854715202004e-14,0.0,0,0,-17322.681703937877,False
gset_g1,0,800,19176,47.94,mean_deg,47.94,frobenius,hybrid_frobenius,0.0,ideal,zero,0,graph,50.0,50.0,100,101,22474,303.05605816841125,157.26467180252075,101,11072.0,11072.0,11364.0,0.0,0.0,11624.0,best_known,0.977632484514797,11072,27.68,44,47.82014999997618,47.94000000000001,1.4210854715202004e-14,0.0,0,0,-17399.573727866344,False
gset_g1,0,800,19176,47.94,mean_deg,47.94,frobenius,hybrid_frobenius,0.0,ideal,zero,1,graph,50.0,50.0,100,101,22510,221.43950176239014,78.11604619026184,101,11032.0,11032.0,11303.0,0.0,0.0,11624.0,best_known,0.9723847212663455,11032,27.58,40,47.93999999999924,47.940000000000296,2.984279490192421e-13,0.0,0,0,-17420.00349813069,False
gset_g1,0,800,19176,47.94,mean_deg,47.94,frobenius,hybrid_frobenius,0.0,ideal,zero,2,graph,50.0,50.0,100,101,22450,321.68759202957153,175.85500025749207,101,11194.0,11194.0,11379.0,0.0,0.0,11624.0,best_known,0.9789229181004817,11194,27.985,41,47.82014999999999,47.94000000000001,1.4210854715202004e-14,0.0,0,0,-17411.149849391295,False
gset_g1,0,800,19176,47.94,mean_deg,47.94,frobenius,hybrid_frobenius,0.0,ideal,zero,3,graph,50.0,50.0,100,101,22030,237.4657335281372,98.23023748397827,101,11118.0,11118.0,11352.0,0.0,0.0,11624.0,best_known,0.9766001376462491,11118,27.795,43,47.70029999998164,47.94000000000001,1.4210854715202004e-14,0.0,0,0,-17362.38230756883,False
gset_g1,0,800,19176,47.94,mean_deg,47.94,frobenius,hybrid_frobenius,0.0,ideal,zero,4,graph,50.0,50.0,100,101,22210,313.6184904575348,167.30767607688904,101,11068.0,11068.0,11337.0,0.0,0.0,11624.0,best_known,0.9753097040605644,11068,27.67,41,47.820150000000005,47.94000000000001,1.4210854715202004e-14,0.0,0,0,-17394.823293555466,False
gset_g1,0,800,19176,47.94,mean_deg,47.94,frobenius,hybrid_frobenius,0.0,ideal,zero,5,graph,50.0,50.0,100,101,22282,233.03407073020935,83.87004017829895,101,11061.0,11061.0,11369.0,0.0,0.0,11624.0,best_known,0.9780626290433586,11061,27.6525,41,47.93999999999948,47.94000000000003,3.552713678800501e-14,0.0,0,0,-17424.534012236367,False
gset_g1,0,800,19176,47.94,mean_deg,47.94,frobenius,hybrid_frobenius,0.0,ideal,zero,6,graph,50.0,50.0,100,101,22690,229.245121717453,85.10122990608215,101,11128.0,11128.0,11364.0,0.0,0.0,11624.0,best_known,0.977632484514797,11128,27.82,40,47.9399999999998,47.940000000000005,7.105427357601002e-15,0.0,0,0,-17433.95329979064,False
gset_g1,0,800,19176,47.94,mean_deg,47.94,frobenius,hybrid_frobenius,0.0,ideal,zero,7,graph,50.0,50.0,100,101,22426,285.7781546115875,142.2636649608612,101,11100.0,11100.0,11361.0,0.0,0.0,11624.0,best_known,0.97737439779766,11100,27.75,41,47.820150000000005,47.94000000000001,1.4210854715202004e-14,0.0,0,0,-17393.80954569282,False
gset_g1,0,800,19176,47.94,mean_deg,47.94,frobenius,hybrid_frobenius,0.0,ideal,zero,8,graph,50.0,50.0,100,101,22234,212.53030943870544,69.2404294013977,101,11196.0,11196.0,11393.0,0.0,0.0,11624.0,best_known,0.9801273227804542,11196,27.99,40,47.93999999999933,47.94000000000044,4.405364961712621e-13,0.0,0,0,-17437.847968221162,False
gset_g1,0,800,19176,47.94,mean_deg,47.94,frobenius,hybrid_frobenius,0.0,ideal,zero,9,graph,50.0,50.0,100,101,21694,248.87460231781006,106.37536025047302,101,11075.0,11075.0,11345.0,0.0,0.0,11624.0,best_known,0.9759979353062629,11075,27.6875,43,47.58044999999659,47.94000000000001,1.4210854715202004e-14,0.0,0,0,-17322.681703937877,False
sparse_er_200_p05_ablation,0,200,1068,10.68,half_mean_deg,5.34,none,static,0.0,ideal,detuning_ablation,0,graph,50.0,50.0,0,0,2090,1.1350867748260498,0.0,0,746.0,755.0,760.0,0.0,0.0,,timeout,0.0,1068,10.68,21,10.68,21.0,15.66,0.0,0,0,0.0,False
sparse_er_200_p05_ablation,0,200,1068,10.68,half_mean_deg,5.34,none,static,0.0,ideal,detuning_ablation,1,graph,50.0,50.0,0,0,1862,0.979332685470581,0.0,0,744.0,761.0,767.0,0.0,0.0,,timeout,0.0,1068,10.68,21,10.68,21.0,15.66,0.0,0,0,0.0,False
sparse_er_200_p05_ablation,0,200,1068,10.68,half_mean_deg,5.34,none,static,0.0,ideal,detuning_ablation,2,graph,50.0,50.0,0,0,1778,0.9432413578033447,0.0,0,752.0,760.0,769.0,0.0,0.0,,timeout,0.0,1068,10.68,21,10.68,21.0,15.66,0.0,0,0,0.0,False
sparse_er_200_p05_ablation,0,200,1068,10.68,half_mean_deg,5.34,none,static,0.0,ideal,detuning_ablation,3,graph,50.0,50.0,0,0,1934,1.0480966567993164,0.0,0,740.0,757.0,762.0,0.0,0.0,,timeout,0.0,1068,10.68,21,10.68,21.0,15.66,0.0,0,0,0.0,False
sparse_er_200_p05_ablation,0,200,1068,10.68,half_mean_deg,5.34,none,static,0.0,ideal,detuning_ablation,4,graph,50.0,50.0,0,0,1766,0.901836633682251,0.0,0,752.0,756.0,758.0,0.0,0.0,,timeout,0.0,1068,10.68,21,10.68,21.0,15.66,0.0,0,0,0.0,False
sparse_er_200_p05_ablation,0,200,1068,10.68,half_mean_deg,5.34,none,static,0.0,ideal,detuning_ablation,5,graph,50.0,50.0,0,0,2186,1.2113380432128906,0.0,0,750.0,760.0,765.0,0.0,0.0,,timeout,0.0,1068,10.68,21,10.68,21.0,15.66,0.0,0,0,0.0,False
sparse_er_200_p05_ablation,0,200,1068,10.68,half_mean_deg,5.34,none,static,0.0,ideal,detuning_ablation,6,graph,50.0,50.0,0,0,1874,0.9656646251678467,0.0,0,726.0,763.0,768.0,0.0,0.0,,timeout,0.0,1068,10.68,21,10.68,21.0,15.66,0.0,0,0,0.0,False
sparse_er_200_p05_ablation,0,200,1068,10.68,half_mean_deg,5.34,none,static,0.0,ideal,detuning_ablation,7,graph,50.0,50.0,0,0,1874,0.9616942405700684,0.0,0,744.0,756.0,762.0,0.0,0.0,,timeout,0.0,1068,10.68,21,10.68,21.0,15.66,0.0,0,0,0.0,False
sparse_er_200_p05_ablation,0,200,1068,10.68,half_mean_deg,5.34,none,static,0.0,ideal,detuning_ablation,8,graph,50.0,50.0,0,0,1922,1.0189175605773926,0.0,0,750.0,760.0,762.0,0.0,0.0,,timeout,0.0,1068,10.68,21,10.68,21.0,15.66,0.0,0,0,0.0,False
sparse_er_200_p05_ablation,0,200,1068,10.68,half_mean_deg,5.34,none,static,0.0,ideal,detuning_ablation,9,graph,50.0,50.0,0,0,2030,1.10249924659729,0.0,0,757.0,757.0,758.0,0.0,0.0,,timeout,0.0,1068,10.68,21,10.68,21.0,15.66,0.0,0,0,0.0,False
sparse_er_200_p05_ablation,0,200,1068,10.68,half_mean_deg,5.34,none,random_rounding,0.0,ideal,detuning_ablation,0,graph,50.0,50.0,0,0,2090,1.2422292232513428,0.0,0,746.0,755.0,760.0,0.0,0.0,,timeout,0.0,1068,10.68,21,10.68,21.0,15.66,0.0,0,0,0.0,False
sparse_er_200_p05_ablation,0,200,1068,10.68,half_mean_deg,5.34,none,random_rounding,0.0,ideal,detuning_ablation,1,graph,50.0,50.0,0,0,1862,0.9557778835296631,0.0,0,744.0,761.0,767.0,0.0,0.0,,timeout,0.0,1068,10.68,21,10.68,21.0,15.66,0.0,0,0,0.0,False
sparse_er_200_p05_ablation,0,200,1068,10.68,half_mean_deg,5.34,none,random_rounding,0.0,ideal,detuning_ablation,2,graph,50.0,50.0,0,0,1778,0.9566118717193604,0.0,0,752.0,760.0,769.0,0.0,0.0,,timeout,0.0,1068,10.68,21,10.68,21.0,15.66,0.0,0,0,0.0,False
sparse_er_200_p05_ablation,0,200,1068,10.68,half_mean_deg,5.34,none,random_rounding,0.0,ideal,detuning_ablation,3,graph,50.0,50.0,0,0,1934,1.0743882656097412,0.0,0,740.0,757.0,762.0,0.0,0.0,,timeout,0.0,1068,10.68,21,10.68,21.0,15.66,0.0,0,0,0.0,False
sparse_er_200_p05_ablation,0,200,1068,10.68,half_mean_deg,5.34,none,random_rounding,0.0,ideal,detuning_ablation,4,graph,50.0,50.0,0,0,1766,0.9670240879058838,0.0,0,752.0,756.0,758.0,0.0,0.0,,timeout,0.0,1068,10.68,21,10.68,21.0,15.66,0.0,0,0,0.0,False
sparse_er_200_p05_ablation,0,200,1068,10.68,half_mean_deg,5.34,none,random_rounding,0.0,ideal,detuning_ablation,5,graph,50.0,50.0,0,0,2186,1.1811401844024658,0.0,0,750.0,760.0,765.0,0.0,0.0,,timeout,0.0,1068,10.68,21,10.68,21.0,15.66,0.0,0,0,0.0,False
sparse_er_200_p05_ablation,0,200,1068,10.68,half_mean_deg,5.34,none,random_rounding,0.0,ideal,detuning_ablation,6,graph,50.0,50.0,0,0,1874,1.0469183921813965,0.0,0,726.0,763.0,768.0,0.0,0.0,,timeout,0.0,1068,10.68,21,10.68,21.0,15.66,0.0,0,0,0.0,False
sparse_er_200_p05_ablation,0,200,1068,10.68,half_mean_deg,5.34,none,random_rounding,0.0,ideal,detuning_ablation,7,graph,50.0,50.0,0,0,1874,1.0443310737609863,0.0,0,744.0,756.0,762.0,0.0,0.0,,timeout,0.0,1068,10.68,21,10.68,21.0,15.66,0.0,0,0,0.0,False
sparse_er_200_p05_ablation,0,200,1068,10.68,half_mean_deg,5.34,none,random_rounding,0.0,ideal,detuning_ablation,8,graph,50.0,50.0,0,0,1922,1.0568170547485352,0.0,0,750.0,760.0,762.0,0.0,0.0,,timeout,0.0,1068,10.68,21,10.68,21.0,15.66,0.0,0,0,0.0,False
sparse_er_200_p05_ablation,0,200,1068,10.68,half_mean_deg,5.34,none,random_rounding,0.0,ideal,detuning_ablation,9,graph,50.0,50.0,0,0,2030,1.0844130516052246,0.0,0,757.0,757.0,758.0,0.0,0.0,,timeout,0.0,1068,10.68,21,10.68,21.0,15.66,0.0,0,0,0.0,False
sparse_er_200_p05_ablation,0,200,1068,10.68,half_mean_deg,5.34,none,greedy,0.0,ideal,detuning_ablation,0,graph,50.0,50.0,0,0,0,0.0007727146148681641,0.0,0,732.0,732.0,732.0,0.0,0.0,,timeout,0.0,0,0.0,0,0.0,0.0,0.0,0.0,0,0,0.0,False
sparse_er_200_p05_ablation,0,200,1068,10.68,half_mean_deg,5.34,none,greedy,0.0,ideal,detuning_ablation,1,graph,50.0,50.0,0,0,0,0.0008413791656494141,0.0,0,730.0,730.0,730.0,0.0,0.0,,timeout,0.0,0,0.0,0,0.0,0.0,0.0,0.0,0,0,0.0,False
sparse_er_200_p05_ablation,0,200,1068,10.68,half_mean_deg,5.34,none,greedy,0.0,ideal,detuning_ablation,2,graph,50.0,50.0,0,0,0,0.00077056884765625,0.0,0,731.0,731.0,731.0,0.0,0.0,,timeout,0.0,0,0.0,0,0.0,0.0,0.0,0.0,0,0,0.0,False
sparse_er_200_p05_ablation,0,200,1068,10.68,half_mean_deg,5.34,none,greedy,0.0,ideal,detuning_ablation,3,graph,50.0,50.0,0,0,0,0.0007753372192382812,0.0,0,731.0,731.0,731.0,0.0,0.0,,timeout,0.0,0,0.0,0,0.0,0.0,0.0,0.0,0,0,0.0,False
sparse_er_200_p05_ablation,0,200,1068,10.68,half_mean_deg,5.34,none,greedy,0.0,ideal,detuning_ablation,4,graph,50.0,50.0,0,0,0,0.0006265640258789062,0.0,0,703.0,703.0,703.0,0.0,0.0,,timeout,0.0,0,0.0,0,0.0,0.0,0.0,0.0,0,0,0.0,False
sparse_er_200_p05_ablation,0,200,1068,10.68,half_mean_deg,5.34,none,greedy,0.0,ideal,detuning_ablation,5,graph,50.0,50.0,0,0,0,0.001001119613647461,0.0,0,712.0,712.0,712.0,0.0,0.0,,timeout,0.0,0,0.0,0,0.0,0.0,0.0,0.0,0,0,0.0,False
sparse_er_200_p05_ablation,0,200,1068,10.68,half_mean_deg,5.34,none,greedy,0.0,ideal,detuning_ablation,6,graph,50.0,50.0,0,0,0,0.0008137226104736328,0.0,0,733.0,733.0,733.0,0.0,0.0,,timeout,0.0,0,0.0,0,0.0,0.0,0.0,0.0,0,0,0.0,False
sparse_er_200_p05_ablation,0,200,1068,10.68,half_mean_deg,5.34,none,greedy,0.0,ideal,detuning_ablation,7,graph,50.0,50.0,0,0,0,0.0013890266418457031,0.0,0,722.0,722.0,722.0,0.0,0.0,,timeout,0.0,0,0.0,0,0.0,0.0,0.0,0.0,0,0,0.0,False
sparse_er_200_p05_ablation,0,200,1068,10.68,half_mean_deg,5.34,none,greedy,0.0,ideal,detuning_ablation,8,graph,50.0,50.0,0,0,0,0.0008921623229980469,0.0,0,739.0,739.0,739.0,0.0,0.0,,timeout,0.0,0,0.0,0,0.0,0.0,0.0,0.0,0,0,0.0,False
sparse_er_200_p05_ablation,0,200,1068,10.68,half_mean_deg,5.34,none,greedy,0.0,ideal,detuning_ablation,9,graph,50.0,50.0,0,0,0,0.0009572505950927734,0.0,0,749.0,749.0,749.0,0.0,0.0,,timeout,0.0,0,0.0,0,0.0,0.0,0.0,0.0,0,0,0.0,False
sparse_er_200_p05_ablation,0,200,1068,10.68,half_mean_deg,5.34,none,static_projected,0.0,ideal,detuning_ablation,0,graph,50.0,50.0,0,1,1190,0.7456111907958984,0.0805656909942627,1,737.0,750.0,760.0,0.0,0.0,,timeout,0.0,1068,10.68,21,5.20605466953828,5.340000000000579,5.790923296444817e-13,0.0,0,0,0.0,False
sparse_er_200_p05_ablation,0,200,1068,10.68,half_mean_deg,5.34,none,static_projected,0.0,ideal,detuning_ablation,1,graph,50.0,50.0,0,1,1094,0.6628327369689941,0.06485724449157715,1,745.0,747.0,761.0,0.0,0.0,,timeout,0.0,1068,10.68,21,5.20605466953828,5.340000000000579,5.790923296444817e-13,0.0,0,0,0.0,False
sparse_er_200_p05_ablation,0,200,1068,10.68,half_mean_deg,5.34,none,static_projected,0.0,ideal,detuning_ablation,2,graph,50.0,50.0,0,1,950,0.5356929302215576,0.06265449523925781,1,737.0,738.0,747.0,0.0,0.0,,timeout,0.0,1068,10.68,21,5.20605466953828,5.340000000000579,5.790923296444817e-13,0.0,0,0,0.0,False
sparse_er_200_p05_ablation,0,200,1068,10.68,half_mean_deg,5.34,none,static_projected,0.0,ideal,detuning_ablation,3,graph,50.0,50.0,0,1,1130,0.7954561710357666,0.06879734992980957,1,728.0,741.0,753.0,0.0,0.0,,timeout,0.0,1068,10.68,21,5.20605466953828,5.340000000000579,5.790923296444817e-13,0.0,0,0,0.0,False
sparse_er_200_p05_ablation,0,200,1068,10.68,half_mean_deg,5.34,none,static_projected,0.0,ideal,detuning_ablation,4,graph,50.0,50.0,0,1,1190,0.7538223266601562,0.07352614402770996,1,729.0,737.0,749.0,0.0,0.0,,timeout,0.0,1068,10.68,21,5.20605466953828,5.340000000000579,5.790923296444817e-13,0.0,0,0,0.0,False
sparse_er_200_p05_ablation,0,200,1068,10.68,half_mean_deg,5.34,none,static_projected,0.0,ideal,detuning_ablation,5,graph,50.0,50.0,0,1,986,0.6183481216430664,0.0646970272064209,1,726.0,738.0,748.0,0.0,0.0,,timeout,0.0,1068,10.68,21,5.20605466953828,5.340000000000579,5.790923296444817e-13,0.0,0,0,0.0,False
sparse_er_200_p05_ablation,0,200,1068,10.68,half_mean_deg,5.34,none,static_projected,0.0,ideal,detuning_ablation,6,graph,50.0,50.0,0,1,1130,0.684523344039917,0.08583807945251465,1,730.0,757.0,764.0,0.0,0.0,,timeout,0.0,1068,10.68,21,5.20605466953828,5.340000000000579,5.790923296444817e-13,0.0,0,0,0.0,False
sparse_er_200_p05_ablation,0,200,1068,10.68,half_mean_deg,5.34,none,static_projected,0.0,ideal,detuning_ablation,7,graph,50.0,50.0,0,1,1142,0.6972424983978271,0.06461381912231445,1,732.0,745.0,747.0,0.0,0.0,,timeout,0.0,1068,10.68,21,5.20605466953828,5.340000000000579,5.790923296444817e-13,0.0,0,0,0.0,False
sparse_er_200_p05_ablation,0,200,1068,10.68,half_mean_deg,5.34,none,static_projected,0.0,ideal,detuning_ablation,8,graph,50.0,50.0,0,1,1274,0.7442080974578857,0.08061337471008301,1,731.0,746.0,759.0,0.0,0.0,,timeout,0.0,1068,10.68,21,5.20605466953828,5.340000000000579,5.790923296444817e-13,0.0,0,0,0.0,False
sparse_er_200_p05_ablation,0,200,1068,10.68,half_mean_deg,5.34,none,static_projected,0.0,ideal,detuning_ablation,9,graph,50.0,50.0,0,1,1106,0.6812608242034912,0.08008217811584473,1,739.0,754.0,764.0,0.0,0.0,,timeout,0.0,1068,10.68,21,5.20605466953828,5.340000000000579,5.790923296444817e-13,0.0,0,0,0.0,False
sparse_er_200_p05_ablation,0,200,1068,10.68,half_mean_deg,5.34,none,static_budgeted,0.0,ideal,detuning_ablation,0,graph,50.0,50.0,0,1,1322,0.7963366508483887,0.08182978630065918,1,720.0,720.0,735.0,0.0,0.0,,timeout,0.0,765,7.65,14,5.07134384449361,5.340000000000001,8.881784197001252e-16,0.0,0,0,0.0,False
sparse_er_200_p05_ablation,0,200,1068,10.68,half_mean_deg,5.34,none,static_budgeted,0.0,ideal,detuning_ablation,1,graph,50.0,50.0,0,1,1238,0.7187089920043945,0.08638358116149902,1,700.0,724.0,744.0,0.0,0.0,,timeout,0.0,759,7.59,13,5.069182904994259,5.340000000000001,8.881784197001252e-16,0.0,0,0,0.0,False
sparse_er_200_p05_ablation,0,200,1068,10.68,half_mean_deg,5.34,none,static_budgeted,0.0,ideal,detuning_ablation,2,graph,50.0,50.0,0,1,1130,0.7324893474578857,0.07654476165771484,1,696.0,710.0,739.0,0.0,0.0,,timeout,0.0,767,7.67,13,5.151039561233553,5.340000000000001,8.881784197001252e-16,0.0,0,0,0.0,False
sparse_er_200_p05_ablation,0,200,1068,10.68,half_mean_deg,5.34,none,static_budgeted,0.0,ideal,detuning_ablation,3,graph,50.0,50.0,0,1,1322,0.8025813102722168,0.08515501022338867,1,712.0,712.0,747.0,0.0,0.0,,timeout,0.0,760,7.6,15,5.101745733278344,5.34,0.0,0.0,0,0,0.0,False
sparse_er_200_p05_ablation,0,200,1068,10.68,half_mean_deg,5.34,none,static_budgeted,0.0,ideal,detuning_ablation,4,graph,50.0,50.0,0,1,1202,0.7732367515563965,0.07553243637084961,1,714.0,722.0,753.0,0.0,0.0,,timeout,0.0,771,7.71,14,5.071287512799259,5.340000000000001,8.881784197001252e-16,0.0,0,0,0.0,False
sparse_er_200_p05_ablation,0,200,1068,10.68,half_mean_deg,5.34,none,static_budgeted,0.0,ideal,detuning_ablation,5,graph,50.0,50.0,0,1,1010,0.5934205055236816,0.0812387466430664,1,699.0,706.0,732.0,0.0,0.0,,timeout,0.0,758,7.58,12,5.091927112348884,5.340000000000598,5.977440764581843e-13,0.0,0,0,0.0,False
sparse_er_200_p05_ablation,0,200,1068,10.68,half_mean_deg,5.34,none,static_budgeted,0.0,ideal,detuning_ablation,6,graph,50.0,50.0,0,1,1190,0.6951236724853516,0.09018373489379883,1,703.0,731.0,743.0,0.0,0.0,,timeout,0.0,756,7.56,15,5.036554837591024,5.340000000000001,8.881784197001252e-16,0.0,0,0,0.0,False
sparse_er_200_p05_ablation,0,200,1068,10.68,half_mean_deg,5.34,none,static_budgeted,0.0,ideal,detuning_ablation,7,graph,50.0,50.0,0,1,1274,0.7592244148254395,0.0823967456817627,1,715.0,716.0,734.0,0.0,0.0,,timeout,0.0,757,7.57,14,5.087108202195975,5.340000000000001,8.881784197001252e-16,0.0,0,0,0.0,False
sparse_er_200_p05_ablation,0,200,1068,10.68,half_mean_deg,5.34,none,static_budgeted,0.0,ideal,detuning_ablation,8,graph,50.0,50.0,0,1,1166,0.6407115459442139,0.0562739372253418,1,704.0,715.0,740.0,0.0,0.0,,timeout,0.0,769,7.69,13,5.033063084937929,5.340000000000912,9.121592370320286e-13,0.0,0,0,0.0,False
sparse_er_200_p05_ablation,0,200,1068,10.68,half_mean_deg,5.34,none,static_budgeted,0.0,ideal,detuning_ablation,9,graph,50.0,50.0,0,1,1178,0.6851198673248291,0.08068323135375977,1,700.0,724.0,756.0,0.0,0.0,,timeout,0.0,755,7.55,14,5.0982877701987634,5.340000000000001,8.881784197001252e-16,0.0,0,0,0.0,False
sparse_er_200_p05_ablation,0,200,1068,10.68,half_mean_deg,5.34,none,random_budgeted,0.0,ideal,detuning_ablation,0,graph,50.0,50.0,0,1,1250,0.6860594749450684,0.033412933349609375,1,733.0,743.0,757.0,0.0,0.0,,timeout,0.0,1049,10.49,17,4.434976957445132,5.340000000000001,8.881784197001252e-16,0.0,0,0,0.0,False
sparse_er_200_p05_ablation,0,200,1068,10.68,half_mean_deg,5.34,none,random_budgeted,0.0,ideal,detuning_ablation,1,graph,50.0,50.0,0,1,1046,0.5760610103607178,0.03840374946594238,1,727.0,736.0,760.0,0.0,0.0,,timeout,0.0,1049,10.49,19,4.469862151048437,5.340000000000001,8.881784197001252e-16,0.0,0,0,0.0,False
sparse_er_200_p05_ablation,0,200,1068,10.68,half_mean_deg,5.34,none,random_budgeted,0.0,ideal,detuning_ablation,2,graph,50.0,50.0,0,1,1034,0.5927352905273438,0.026072263717651367,1,732.0,736.0,743.0,0.0,0.0,,timeout,0.0,1056,10.56,20,4.4724016059641345,5.340000000000212,2.1227464230832993e-13,0.0,0,0,0.0,False
sparse_er_200_p05_ablation,0,200,1068,10.68,half_mean_deg,5.34,none,random_budgeted,0.0,ideal,detuning_ablation,3,graph,50.0,50.0,0,1,1142,0.6808273792266846,0.03846120834350586,1,719.0,727.0,741.0,0.0,0.0,,timeout,0.0,1047,10.47,18,4.423724874336324,5.340000000000632,6.323830348264892e-13,0.0,0,0,0.0,False
sparse_er_200_p05_ablation,0,200,1068,10.68,half_mean_deg,5.34,none,random_budgeted,0.0,ideal,detuning_ablation,4,graph,50.0,50.0,0,1,950,0.6047036647796631,0.031244277954101562,1,728.0,728.0,736.0,0.0,0.0,,timeout,0.0,1047,10.47,18,4.444754983520516,5.340000000000001,8.881784197001252e-16,0.0,0,0,0.0,False
sparse_er_200_p05_ablation,0,200,1068,10.68,half_mean_deg,5.34,none,random_budgeted,0.0,ideal,detuning_ablation,5,graph,50.0,50.0,0,1,1010,0.5687856674194336,0.026102066040039062,1,721.0,732.0,750.0,0.0,0.0,,timeout,0.0,1056,10.56,20,4.423545583462138,5.340000000000706,7.061018436615996e-13,0.0,0,0,0.0,False
sparse_er_200_p05_ablation,0,200,1068,10.68,half_mean_deg,5.34,none,random_budgeted,0.0,ideal,detuning_ablation,6,graph,50.0,50.0,0,1,1034,0.5573484897613525,0.042528629302978516,1,709.0,737.0,757.0,0.0,0.0,,timeout,0.0,1044,10.44,19,4.403120921573739,5.34000000000089,8.899547765395255e-13,0.0,0,0,0.0,False
sparse_er_200_p05_ablation,0,200,1068,10.68,half_mean_deg,5.34,none,random_budgeted,0.0,ideal,detuning_ablation,7,graph,50.0,50.0,0,1,1118,0.6165904998779297,0.03132510185241699,1,697.0,735.0,746.0,0.0,0.0,,timeout,0.0,1052,10.52,20,4.433441148627915,5.340000000000001,8.881784197001252e-16,0.0,0,0,0.0,False
sparse_er_200_p05_ablation,0,200,1068,10.68,half_mean_deg,5.34,none,random_budgeted,0.0,ideal,detuning_ablation,8,graph,50.0,50.0,0,1,1022,0.5818963050842285,0.03719282150268555,1,726.0,735.0,757.0,0.0,0.0,,timeout,0.0,1051,10.51,19,4.380053697530626,5.340000000000001,8.881784197001252e-16,0.0,0,0,0.0,False
sparse_er_200_p05_ablation,0,200,1068,10.68,half_mean_deg,5.34,none,random_budgeted,0.0,ideal,detuning_ablation,9,graph,50.0,50.0,0,1,1190,0.6758267879486084,0.03195500373840332,1,721.0,724.0,760.0,0.0,0.0,,timeout,0.0,1047,10.47,19,4.428143207870721,5.3400000000003764,3.765876499528531e-13,0.0,0,0,0.0,False
sparse_er_200_p05_ablation,0,200,1068,10.68,half_mean_deg,5.34,none,learned_support_random_weights,0.0,ideal,detuning_ablation,0,hebbian_seed0,50.0,50.0,0,1,866,0.4267253875732422,0.01668095588684082,1,687.0,688.0,730.0,0.0,0.0,,timeout,0.0,680,6.8,13,3.229881349814129,5.340000000000001,8.881784197001252e-16,0.0,0,0,0.0,False
sparse_er_200_p05_ablation,0,200,1068,10.68,half_mean_deg,5.34,none,learned_support_random_weights,0.0,ideal,detuning_ablation,1,hebbian_seed0,50.0,50.0,0,1,986,0.5118880271911621,0.005691051483154297,1,632.0,687.0,730.0,0.0,0.0,,timeout,0.0,680,6.8,13,3.3566403079767224,5.34,0.0,0.0,0,0,0.0,False
sparse_er_200_p05_ablation,0,200,1068,10.68,half_mean_deg,5.34,none,learned_support_random_weights,0.0,ideal,detuning_ablation,2,hebbian_seed0,50.0,50.0,0,1,986,0.4843456745147705,0.01564788818359375,1,687.0,687.0,730.0,0.0,0.0,,timeout,0.0,680,6.8,13,3.307415059782727,5.34,0.0,0.0,0,0,0.0,False
sparse_er_200_p05_ablation,0,200,1068,10.68,half_mean_deg,5.34,none,learned_support_random_weights,0.0,ideal,detuning_ablation,3,hebbian_seed0,50.0,50.0,0,1,1046,0.5251438617706299,0.0165712833404541,1,687.0,687.0,730.0,0.0,0.0,,timeout,0.0,679,6.79,13,3.2919730604336177,5.340000000000001,8.881784197001252e-16,0.0,0,0,0.0,False
sparse_er_200_p05_ablation,0,200,1068,10.68,half_mean_deg,5.34,none,learned_support_random_weights,0.0,ideal,detuning_ablation,4,hebbian_seed0,50.0,50.0,0,1,1022,0.5009253025054932,0.02375960350036621,1,687.0,688.0,736.0,0.0,0.0,,timeout,0.0,680,6.8,13,3.323381134605901,5.340000000000024,2.398081733190338e-14,0.0,0,0,0.0,False
sparse_er_200_p05_ablation,0,200,1068,10.68,half_mean_deg,5.34,none,learned_support_random_weights,0.0,ideal,detuning_ablation,5,hebbian_seed0,50.0,50.0,0,1,974,0.48082494735717773,0.023993730545043945,1,621.0,687.0,730.0,0.0,0.0,,timeout,0.0,678,6.78,13,3.3330288139078084,5.340000000000002,1.7763568394002505e-15,0.0,0,0,0.0,False
sparse_er_200_p05_ablation,0,200,1068,10.68,half_mean_deg,5.34,none,learned_support_random_weights,0.0,ideal,detuning_ablation,6,hebbian_seed0,50.0,50.0,0,1,938,0.44827985763549805,0.015565156936645508,1,687.0,687.0,730.0,0.0,0.0,,timeout,0.0,680,6.8,13,3.290705534707805,5.340000000000009,8.881784197001252e-15,0.0,0,0,0.0,False
sparse_er_200_p05_ablation,0,200,1068,10.68,half_mean_deg,5.34,none,learned_support_random_weights,0.0,ideal,detuning_ablation,7,hebbian_seed0,50.0,50.0,0,1,1094,0.521460771560669,0.019283294677734375,1,676.0,687.0,730.0,0.0,0.0,,timeout,0.0,680,6.8,13,3.318288251949779,5.340000000000002,1.7763568394002505e-15,0.0,0,0,0.0,False
sparse_er_200_p05_ablation,0,200,1068,10.68,half_mean_deg,5.34,none,learned_support_random_weights,0.0,ideal,detuning_ablation,8,hebbian_seed0,50.0,50.0,0,1,950,0.5216975212097168,0.019098997116088867,1,605.0,687.0,730.0,0.0,0.0,,timeout,0.0,678,6.78,13,3.3112990998412157,5.340000000000001,8.881784197001252e-16,0.0,0,0,0.0,False
sparse_er_200_p05_ablation,0,200,1068,10.68,half_mean_deg,5.34,none,learned_support_random_weights,0.0,ideal,detuning_ablation,9,hebbian_seed0,50.0,50.0,0,1,1070,0.5149481296539307,0.019840240478515625,1,687.0,687.0,730.0,0.0,0.0,,timeout,0.0,680,6.8,13,3.3177071603091135,5.340000000000001,8.881784197001252e-16,0.0,0,0,0.0,False
sparse_er_200_p05_ablation,0,200,1068,10.68,half_mean_deg,5.34,none,topology_scrambled,0.0,ideal,detuning_ablation,0,graph,50.0,50.0,100,101,3584,81.63849568367004,79.59253740310669,101,577.0,590.0,723.0,0.0,0.0,,timeout,0.0,439,4.39,10,5.335440263508011,5.340000000000001,8.881784197001252e-16,0.0,0,0,-478.88926286952835,False
sparse_er_200_p05_ablation,0,200,1068,10.68,half_mean_deg,5.34,none,topology_scrambled,0.0,ideal,detuning_ablation,1,graph,50.0,50.0,100,101,3404,85.32014656066895,83.45985293388367,101,534.0,550.0,722.0,0.0,0.0,,timeout,0.0,622,6.22,11,5.286585003011644,5.340000000000001,8.881784197001252e-16,0.0,0,0,-494.316858805882,False
sparse_er_200_p05_ablation,0,200,1068,10.68,half_mean_deg,5.34,none,topology_scrambled,0.0,ideal,detuning_ablation,2,graph,50.0,50.0,100,101,3044,36.99690365791321,35.375802993774414,101,544.0,555.0,722.0,0.0,0.0,,timeout,0.0,604,6.04,12,5.339999999999761,5.340000000000001,8.881784197001252e-16,0.0,0,0,-498.8361808306535,False
sparse_er_200_p05_ablation,0,200,1068,10.68,half_mean_deg,5.34,none,topology_scrambled,0.0,ideal,detuning_ablation,3,graph,50.0,50.0,100,101,3476,88.40100002288818,86.53433442115784,101,535.0,548.0,717.0,0.0,0.0,,timeout,0.0,529,5.29,12,5.334362375970658,5.340000000000001,8.881784197001252e-16,0.0,0,7,-487.58869445751736,False
sparse_er_200_p05_ablation,0,200,1068,10.68,half_mean_deg,5.34,none,topology_scrambled,0.0,ideal,detuning_ablation,4,graph,50.0,50.0,100,101,2864,85.67114424705505,84.06954836845398,101,566.0,570.0,733.0,0.0,0.0,,timeout,0.0,513,5.13,11,5.334454102262051,5.340000000000002,1.7763568394002505e-15,0.0,0,2,-488.5952138191475,False
sparse_er_200_p05_ablation,0,200,1068,10.68,half_mean_deg,5.34,none,topology_scrambled,0.0,ideal,detuning_ablation,5,graph,50.0,50.0,100,101,3704,80.89681434631348,78.81476378440857,101,525.0,535.0,736.0,0.0,0.0,,timeout,0.0,474,4.74,11,5.324546629860899,5.340000000000001,8.881784197001252e-16,0.0,0,0,-479.11807030291357,False
sparse_er_200_p05_ablation,0,200,1068,10.68,half_mean_deg,5.34,none,topology_scrambled,0.0,ideal,detuning_ablation,6,graph,50.0,50.0,100,101,3476,83.97806882858276,82.04653763771057,101,531.0,548.0,719.0,0.0,0.0,,timeout,0.0,539,5.39,11,5.328826841576315,5.340000000000001,8.881784197001252e-16,0.0,0,0,-487.501384729975,False
sparse_er_200_p05_ablation,0,200,1068,10.68,half_mean_deg,5.34,none,topology_scrambled,0.0,ideal,detuning_ablation,7,graph,50.0,50.0,100,101,3560,63.761584520339966,61.80378437042236,101,526.0,529.0,733.0,0.0,0.0,,timeout,0.0,585,5.85,12,5.339999999999686,5.340000000000001,8.881784197001252e-16,0.0,0,0,-498.1907740799746,False
sparse_er_200_p05_ablation,0,200,1068,10.68,half_mean_deg,5.34,none,topology_scrambled,0.0,ideal,detuning_ablation,8,graph,50.0,50.0,100,101,3476,85.39948916435242,83.53814673423767,101,557.0,570.0,717.0,0.0,0.0,,timeout,0.0,641,6.41,12,5.33545750770362,5.340000000000001,8.881784197001252e-16,0.0,0,0,-500.01463467338243,False
sparse_er_200_p05_ablation,0,200,1068,10.68,half_mean_deg,5.34,none,topology_scrambled,0.0,ideal,detuning_ablation,9,graph,50.0,50.0,100,101,3776,82.78398728370667,80.60949683189392,101,536.0,551.0,720.0,0.0,0.0,,timeout,0.0,464,4.64,9,5.3344971874453355,5.340000000000001,8.881784197001252e-16,0.0,0,0,-478.9500566029151,False
sparse_er_200_p05_ablation,0,200,1068,10.68,half_mean_deg,5.34,sinkhorn,hebbian_sinkhorn,0.0,ideal,detuning_ablation,0,graph,50.0,50.0,100,100,2780,1.8590037822723389,0.0,0,680.0,684.0,736.0,0.0,0.0,,timeout,0.0,680,6.8,13,5.0225453257709844,5.340000000000001,8.881784197001252e-16,0.0,0,10,-477.6698610005278,False
sparse_er_200_p05_ablation,0,200,1068,10.68,half_mean_deg,5.34,sinkhorn,hebbian_sinkhorn,0.0,ideal,detuning_ablation,1,graph,50.0,50.0,100,100,2888,1.950124740600586,0.0,0,671.0,671.0,711.0,0.0,0.0,,timeout,0.0,671,6.71,14,5.02423347860888,5.340000000000001,8.881784197001252e-16,0.0,0,0,-478.9095445229658,False
sparse_er_200_p05_ablation,0,200,1068,10.68,half_mean_deg,5.34,sinkhorn,hebbian_sinkhorn,0.0,ideal,detuning_ablation,2,graph,50.0,50.0,100,100,2828,1.9797084331512451,0.0,0,667.0,667.0,739.0,0.0,0.0,,timeout,0.0,663,6.63,13,4.979988450251699,5.340000000000002,1.7763568394002505e-15,0.0,0,0,-474.2114959611174,False
sparse_er_200_p05_ablation,0,200,1068,10.68,half_mean_deg,5.34,sinkhorn,hebbian_sinkhorn,0.0,ideal,detuning_ablation,3,graph,50.0,50.0,100,100,2924,1.9235832691192627,0.0,0,676.0,676.0,719.0,0.0,0.0,,timeout,0.0,676,6.76,13,4.928175287089954,5.340000000000001,8.881784197001252e-16,0.0,0,9,-469.40900054335117,False
sparse_er_200_p05_ablation,0,200,1068,10.68,half_mean_deg,5.34,sinkhorn,hebbian_sinkhorn,0.0,ideal,detuning_ablation,4,graph,50.0,50.0,100,100,2840,1.9295217990875244,0.0,0,621.0,660.0,713.0,0.0,0.0,,timeout,0.0,656,6.56,11,5.0120600640101705,5.340000000000001,8.881784197001252e-16,0.0,0,7,-477.06419728713325,False
sparse_er_200_p05_ablation,0,200,1068,10.68,half_mean_deg,5.34,sinkhorn,hebbian_sinkhorn,0.0,ideal,detuning_ablation,5,graph,50.0,50.0,100,100,2804,1.7718274593353271,0.0,0,678.0,678.0,724.0,0.0,0.0,,timeout,0.0,678,6.78,13,5.009014056538493,5.340000000000001,8.881784197001252e-16,0.0,0,12,-477.4783459260385,False
sparse_er_200_p05_ablation,0,200,1068,10.68,half_mean_deg,5.34,sinkhorn,hebbian_sinkhorn,0.0,ideal,detuning_ablation,6,graph,50.0,50.0,100,100,2840,1.9770386219024658,0.0,0,690.0,690.0,732.0,0.0,0.0,,timeout,0.0,690,6.9,14,5.0175056227117025,5.340000000000001,8.881784197001252e-16,0.0,0,11,-478.6316212202634,False
sparse_er_200_p05_ablation,0,200,1068,10.68,half_mean_deg,5.34,sinkhorn,hebbian_sinkhorn,0.0,ideal,detuning_ablation,7,graph,50.0,50.0,100,100,2756,1.909257411956787,0.0,0,666.0,666.0,728.0,0.0,0.0,,timeout,0.0,666,6.66,16,4.9833299405920375,5.340000000000002,1.7763568394002505e-15,0.0,0,0,-474.51800306149477,False
sparse_er_200_p05_ablation,0,200,1068,10.68,half_mean_deg,5.34,sinkhorn,hebbian_sinkhorn,0.0,ideal,detuning_ablation,8,graph,50.0,50.0,100,100,2768,1.9157781600952148,0.0,0,672.0,672.0,734.0,0.0,0.0,,timeout,0.0,672,6.72,13,5.033086013966972,5.340000000000002,1.7763568394002505e-15,0.0,0,0,-479.2531814393648,False
sparse_er_200_p05_ablation,0,200,1068,10.68,half_mean_deg,5.34,sinkhorn,hebbian_sinkhorn,0.0,ideal,detuning_ablation,9,graph,50.0,50.0,100,100,2804,1.8903563022613525,0.0,0,667.0,667.0,713.0,0.0,0.0,,timeout,0.0,667,6.67,12,4.993686372819053,5.340000000000001,8.881784197001252e-16,0.0,0,0,-475.4598359100919,False
sparse_er_200_p05_ablation,0,200,1068,10.68,half_mean_deg,5.34,sinkhorn,hybrid_sinkhorn,0.0,ideal,detuning_ablation,0,graph,50.0,50.0,100,100,3838,2.3095035552978516,0.0,0,680.0,680.0,730.0,0.0,0.0,,timeout,0.0,680,6.8,13,5.0225453257709844,5.340000000000001,8.881784197001252e-16,0.0,0,10,-477.6698610005278,False
sparse_er_200_p05_ablation,0,200,1068,10.68,half_mean_deg,5.34,sinkhorn,hybrid_sinkhorn,0.0,ideal,detuning_ablation,1,graph,50.0,50.0,100,100,3874,2.2613093852996826,0.0,0,671.0,671.0,711.0,0.0,0.0,,timeout,0.0,671,6.71,14,5.02423347860888,5.340000000000001,8.881784197001252e-16,0.0,0,0,-478.9095445229658,False
sparse_er_200_p05_ablation,0,200,1068,10.68,half_mean_deg,5.34,sinkhorn,hybrid_sinkhorn,0.0,ideal,detuning_ablation,2,graph,50.0,50.0,100,100,3790,2.2598674297332764,0.0,0,663.0,667.0,739.0,0.0,0.0,,timeout,0.0,663,6.63,13,4.979988450251699,5.340000000000002,1.7763568394002505e-15,0.0,0,0,-474.2114959611174,False
sparse_er_200_p05_ablation,0,200,1068,10.68,half_mean_deg,5.34,sinkhorn,hybrid_sinkhorn,0.0,ideal,detuning_ablation,3,graph,50.0,50.0,100,100,3886,2.389739990234375,0.0,0,669.0,676.0,719.0,0.0,0.0,,timeout,0.0,676,6.76,13,4.928175287089954,5.340000000000001,8.881784197001252e-16,0.0,0,9,-469.40900054335117,False
sparse_er_200_p05_ablation,0,200,1068,10.68,half_mean_deg,5.34,sinkhorn,hybrid_sinkhorn,0.0,ideal,detuning_ablation,4,graph,50.0,50.0,100,100,3802,2.3471386432647705,0.0,0,656.0,658.0,723.0,0.0,0.0,,timeout,0.0,656,6.56,11,5.0120600640101705,5.340000000000001,8.881784197001252e-16,0.0,0,7,-477.06419728713325,False
sparse_er_200_p05_ablation,0,200,1068,10.68,half_mean_deg,5.34,sinkhorn,hybrid_sinkhorn,0.0,ideal,detuning_ablation,5,graph,50.0,50.0,100,100,3778,2.2218427658081055,0.0,0,678.0,678.0,724.0,0.0,0.0,,timeout,0.0,678,6.78,13,5.009014056538493,5.340000000000001,8.881784197001252e-16,0.0,0,12,-477.4783459260385,False
sparse_er_200_p05_ablation,0,200,1068,10.68,half_mean_deg,5.34,sinkhorn,hybrid_sinkhorn,0.0,ideal,detuning_ablation,6,graph,50.0,50.0,100,100,3814,2.2659549713134766,0.0,0,690.0,695.0,732.0,0.0,0.0,,timeout,0.0,690,6.9,14,5.0175056227117025,5.340000000000001,8.881784197001252e-16,0.0,0,11,-478.6316212202634,False
sparse_er_200_p05_ablation,0,200,1068,10.68,half_mean_deg,5.34,sinkhorn,hybrid_sinkhorn,0.0,ideal,detuning_ablation,7,graph,50.0,50.0,100,100,3742,2.1464715003967285,0.0,0,612.0,666.0,728.0,0.0,0.0,,timeout,0.0,666,6.66,16,4.9833299405920375,5.340000000000002,1.7763568394002505e-15,0.0,0,0,-474.51800306149477,False
sparse_er_200_p05_ablation,0,200,1068,10.68,half_mean_deg,5.34,sinkhorn,hybrid_sinkhorn,0.0,ideal,detuning_ablation,8,graph,50.0,50.0,100,100,3742,2.3765666484832764,0.0,0,672.0,672.0,734.0,0.0,0.0,,timeout,0.0,672,6.72,13,5.033086013966972,5.340000000000002,1.7763568394002505e-15,0.0,0,0,-479.2531814393648,False
sparse_er_200_p05_ablation,0,200,1068,10.68,half_mean_deg,5.34,sinkhorn,hybrid_sinkhorn,0.0,ideal,detuning_ablation,9,graph,50.0,50.0,100,100,3778,2.4238178730010986,0.0,0,667.0,667.0,713.0,0.0,0.0,,timeout,0.0,667,6.67,12,4.993686372819053,5.340000000000001,8.881784197001252e-16,0.0,0,0,-475.4598359100919,False
sparse_er_200_p05_ablation,0,200,1068,10.68,half_mean_deg,5.34,frobenius,hebbian_frobenius,0.0,ideal,detuning_ablation,0,graph,50.0,50.0,100,101,3716,90.42723226547241,88.46207046508789,101,666.0,677.0,735.0,0.0,0.0,,timeout,0.0,483,4.83,10,5.339999995053133,5.340000000000002,1.7763568394002505e-15,0.0,0,7,-489.123350400263,False
sparse_er_200_p05_ablation,0,200,1068,10.68,half_mean_deg,5.34,frobenius,hebbian_frobenius,0.0,ideal,detuning_ablation,1,graph,50.0,50.0,100,101,3464,92.03848195075989,90.24228429794312,101,639.0,639.0,720.0,0.0,0.0,,timeout,0.0,604,6.04,12,5.3399959822261955,5.340000000000002,1.7763568394002505e-15,0.0,0,0,-495.3340643262199,False
sparse_er_200_p05_ablation,0,200,1068,10.68,half_mean_deg,5.34,frobenius,hebbian_frobenius,0.0,ideal,detuning_ablation,2,graph,50.0,50.0,100,101,3488,90.57318305969238,88.73806881904602,101,616.0,669.0,729.0,0.0,0.0,,timeout,0.0,589,5.89,11,5.339999970708368,5.340000000000001,8.881784197001252e-16,0.0,0,0,-498.11900291564945,False
sparse_er_200_p05_ablation,0,200,1068,10.68,half_mean_deg,5.34,frobenius,hebbian_frobenius,0.0,ideal,detuning_ablation,3,graph,50.0,50.0,100,101,3716,91.29188990592957,89.23061752319336,101,660.0,663.0,730.0,0.0,0.0,,timeout,0.0,458,4.58,8,5.334680833129941,5.340000000000002,1.7763568394002505e-15,0.0,0,26,-482.1110444388833,False
sparse_er_200_p05_ablation,0,200,1068,10.68,half_mean_deg,5.34,frobenius,hebbian_frobenius,0.0,ideal,detuning_ablation,4,graph,50.0,50.0,100,101,3188,45.046722412109375,43.381638050079346,101,643.0,648.0,735.0,0.0,0.0,,timeout,0.0,630,6.3,12,5.339999999999776,5.340000000000001,8.881784197001252e-16,0.0,0,0,-502.3780788811664,False
sparse_er_200_p05_ablation,0,200,1068,10.68,half_mean_deg,5.34,frobenius,hebbian_frobenius,0.0,ideal,detuning_ablation,5,graph,50.0,50.0,100,101,3116,41.838863134384155,40.297117710113525,101,656.0,657.0,740.0,0.0,0.0,,timeout,0.0,632,6.32,11,5.340000000000007,5.340000000000769,7.691625114603085e-13,0.0,0,31,-501.6750630791802,False
sparse_er_200_p05_ablation,0,200,1068,10.68,half_mean_deg,5.34,frobenius,hebbian_frobenius,0.0,ideal,detuning_ablation,6,graph,50.0,50.0,100,101,3536,91.18416547775269,89.32613587379456,101,677.0,677.0,738.0,0.0,0.0,,timeout,0.0,613,6.13,13,5.339935798533734,5.340000000000002,1.7763568394002505e-15,0.0,0,0,-495.14522822086514,False
sparse_er_200_p05_ablation,0,200,1068,10.68,half_mean_deg,5.34,frobenius,hebbian_frobenius,0.0,ideal,detuning_ablation,7,graph,50.0,50.0,100,101,2828,18.92854356765747,17.49932599067688,101,651.0,651.0,724.0,0.0,0.0,,timeout,0.0,645,6.45,12,5.3399999999996135,5.340000000000001,8.881784197001252e-16,0.0,0,0,-504.24719406114343,False
sparse_er_200_p05_ablation,0,200,1068,10.68,half_mean_deg,5.34,frobenius,hebbian_frobenius,0.0,ideal,detuning_ablation,8,graph,50.0,50.0,100,101,2852,21.65785503387451,20.215044498443604,101,653.0,657.0,724.0,0.0,0.0,,timeout,0.0,645,6.45,11,5.3399999999996455,5.340000000000001,8.881784197001252e-16,0.0,0,41,-503.9012881367093,False
sparse_er_200_p05_ablation,0,200,1068,10.68,half_mean_deg,5.34,frobenius,hebbian_frobenius,0.0,ideal,detuning_ablation,9,graph,50.0,50.0,100,101,3104,41.16174864768982,39.537943601608276,101,647.0,647.0,725.0,0.0,0.0,,timeout,0.0,644,6.44,12,5.3399999999997,5.340000000000002,1.7763568394002505e-15,0.0,0,0,-504.08158963249133,False
sparse_er_200_p05_ablation,0,200,1068,10.68,half_mean_deg,5.34,frobenius,hybrid_frobenius,0.0,ideal,detuning_ablation,0,graph,50.0,50.0,100,101,4774,90.6257119178772,88.09960746765137,101,675.0,675.0,735.0,0.0,0.0,,timeout,0.0,483,4.83,10,5.339999995053133,5.340000000000002,1.7763568394002505e-15,0.0,0,7,-489.123350400263,False
sparse_er_200_p05_ablation,0,200,1068,10.68,half_mean_deg,5.34,frobenius,hybrid_frobenius,0.0,ideal,detuning_ablation,1,graph,50.0,50.0,100,101,4510,92.34089136123657,90.1126856803894,101,634.0,642.0,720.0,0.0,0.0,,timeout,0.0,604,6.04,12,5.3399959822261955,5.340000000000002,1.7763568394002505e-15,0.0,0,0,-495.3340643262199,False
sparse_er_200_p05_ablation,0,200,1068,10.68,half_mean_deg,5.34,frobenius,hybrid_frobenius,0.0,ideal,detuning_ablation,2,graph,50.0,50.0,100,101,4558,91.91763281822205,89.65722393989563,101,655.0,655.0,745.0,0.0,0.0,,timeout,0.0,589,5.89,11,5.339999970708368,5.340000000000001,8.881784197001252e-16,0.0,0,0,-498.11900291564945,False
sparse_er_200_p05_ablation,0,200,1068,10.68,half_mean_deg,5.34,frobenius,hybrid_frobenius,0.0,ideal,detuning_ablation,3,graph,50.0,50.0,100,101,4774,91.10298800468445,88.56107115745544,101,621.0,665.0,741.0,0.0,0.0,,timeout,0.0,458,4.58,8,5.334680833129941,5.340000000000002,1.7763568394002505e-15,0.0,0,26,-482.1110444388833,False
sparse_er_200_p05_ablation,0,200,1068,10.68,half_mean_deg,5.34,frobenius,hybrid_frobenius,0.0,ideal,detuning_ablation,4,graph,50.0,50.0,100,101,4234,45.72135901451111,43.62204098701477,101,646.0,646.0,733.0,0.0,0.0,,timeout,0.0,630,6.3,12,5.339999999999776,5.340000000000001,8.881784197001252e-16,0.0,0,0,-502.3780788811664,False
sparse_er_200_p05_ablation,0,200,1068,10.68,half_mean_deg,5.34,frobenius,hybrid_frobenius,0.0,ideal,detuning_ablation,5,graph,50.0,50.0,100,101,4186,42.130268573760986,40.14524579048157,101,656.0,661.0,711.0,0.0,0.0,,timeout,0.0,632,6.32,11,5.340000000000007,5.340000000000769,7.691625114603085e-13,0.0,0,31,-501.6750630791802,False
sparse_er_200_p05_ablation,0,200,1068,10.68,half_mean_deg,5.34,frobenius,hybrid_frobenius,0.0,ideal,detuning_ablation,6,graph,50.0,50.0,100,101,4606,91.85053777694702,89.52240300178528,101,676.0,677.0,738.0,0.0,0.0,,timeout,0.0,613,6.13,13,5.339935798533734,5.340000000000002,1.7763568394002505e-15,0.0,0,0,-495.14522822086514,False
sparse_er_200_p05_ablation,0,200,1068,10.68,half_mean_deg,5.34,frobenius,hybrid_frobenius,0.0,ideal,detuning_ablation,7,graph,50.0,50.0,100,101,3898,18.55920147895813,16.70470905303955,101,600.0,651.0,724.0,0.0,0.0,,timeout,0.0,645,6.45,12,5.3399999999996135,5.340000000000001,8.881784197001252e-16,0.0,0,0,-504.24719406114343,False
sparse_er_200_p05_ablation,0,200,1068,10.68,half_mean_deg,5.34,frobenius,hybrid_frobenius,0.0,ideal,detuning_ablation,8,graph,50.0,50.0,100,101,3910,22.870343685150146,20.782711505889893,101,653.0,654.0,724.0,0.0,0.0,,timeout,0.0,645,6.45,11,5.3399999999996455,5.340000000000001,8.881784197001252e-16,0.0,0,41,-503.9012881367093,False
sparse_er_200_p05_ablation,0,200,1068,10.68,half_mean_deg,5.34,frobenius,hybrid_frobenius,0.0,ideal,detuning_ablation,9,graph,50.0,50.0,100,101,4162,40.98745632171631,38.8881151676178,101,647.0,647.0,725.0,0.0,0.0,,timeout,0.0,644,6.44,12,5.3399999999997,5.340000000000002,1.7763568394002505e-15,0.0,0,0,-504.08158963249133,False
sparse_er_200_p05_ablation,0,200,1068,10.68,mean_deg,10.68,none,static,0.0,ideal,detuning_ablation,0,graph,50.0,50.0,0,0,2090,1.1486620903015137,0.0,0,746.0,755.0,760.0,0.0,0.0,,timeout,0.0,1068,10.68,21,10.68,21.0,10.32,0.0,0,0,0.0,False
sparse_er_200_p05_ablation,0,200,1068,10.68,mean_deg,10.68,none,static,0.0,ideal,detuning_ablation,1,graph,50.0,50.0,0,0,1862,1.000032663345337,0.0,0,744.0,761.0,767.0,0.0,0.0,,timeout,0.0,1068,10.68,21,10.68,21.0,10.32,0.0,0,0,0.0,False
sparse_er_200_p05_ablation,0,200,1068,10.68,mean_deg,10.68,none,static,0.0,ideal,detuning_ablation,2,graph,50.0,50.0,0,0,1778,0.9126162528991699,0.0,0,752.0,760.0,769.0,0.0,0.0,,timeout,0.0,1068,10.68,21,10.68,21.0,10.32,0.0,0,0,0.0,False
sparse_er_200_p05_ablation,0,200,1068,10.68,mean_deg,10.68,none,static,0.0,ideal,detuning_ablation,3,graph,50.0,50.0,0,0,1934,1.011401653289795,0.0,0,740.0,757.0,762.0,0.0,0.0,,timeout,0.0,1068,10.68,21,10.68,21.0,10.32,0.0,0,0,0.0,False
sparse_er_200_p05_ablation,0,200,1068,10.68,mean_deg,10.68,none,static,0.0,ideal,detuning_ablation,4,graph,50.0,50.0,0,0,1766,0.9749898910522461,0.0,0,752.0,756.0,758.0,0.0,0.0,,timeout,0.0,1068,10.68,21,10.68,21.0,10.32,0.0,0,0,0.0,False
sparse_er_200_p05_ablation,0,200,1068,10.68,mean_deg,10.68,none,static,0.0,ideal,detuning_ablation,5,graph,50.0,50.0,0,0,2186,1.2562916278839111,0.0,0,750.0,760.0,765.0,0.0,0.0,,timeout,0.0,1068,10.68,21,10.68,21.0,10.32,0.0,0,0,0.0,False
sparse_er_200_p05_ablation,0,200,1068,10.68,mean_deg,10.68,none,static,0.0,ideal,detuning_ablation,6,graph,50.0,50.0,0,0,1874,1.0148100852966309,0.0,0,726.0,763.0,768.0,0.0,0.0,,timeout,0.0,1068,10.68,21,10.68,21.0,10.32,0.0,0,0,0.0,False
sparse_er_200_p05_ablation,0,200,1068,10.68,mean_deg,10.68,none,static,0.0,ideal,detuning_ablation,7,graph,50.0,50.0,0,0,1874,0.987659215927124,0.0,0,744.0,756.0,762.0,0.0,0.0,,timeout,0.0,1068,10.68,21,10.68,21.0,10.32,0.0,0,0,0.0,False
sparse_er_200_p05_ablation,0,200,1068,10.68,mean_deg,10.68,none,static,0.0,ideal,detuning_ablation,8,graph,50.0,50.0,0,0,1922,1.161344289779663,0.0,0,750.0,760.0,762.0,0.0,0.0,,timeout,0.0,1068,10.68,21,10.68,21.0,10.32,0.0,0,0,0.0,False
sparse_er_200_p05_ablation,0,200,1068,10.68,mean_deg,10.68,none,static,0.0,ideal,detuning_ablation,9,graph,50.0,50.0,0,0,2030,1.1886169910430908,0.0,0,757.0,757.0,758.0,0.0,0.0,,timeout,0.0,1068,10.68,21,10.68,21.0,10.32,0.0,0,0,0.0,False
sparse_er_200_p05_ablation,0,200,1068,10.68,mean_deg,10.68,none,random_rounding,0.0,ideal,detuning_ablation,0,graph,50.0,50.0,0,0,2090,1.1745529174804688,0.0,0,746.0,755.0,760.0,0.0,0.0,,timeout,0.0,1068,10.68,21,10.68,21.0,10.32,0.0,0,0,0.0,False
sparse_er_200_p05_ablation,0,200,1068,10.68,mean_deg,10.68,none,random_rounding,0.0,ideal,detuning_ablation,1,graph,50.0,50.0,0,0,1862,1.0095863342285156,0.0,0,744.0,761.0,767.0,0.0,0.0,,timeout,0.0,1068,10.68,21,10.68,21.0,10.32,0.0,0,0,0.0,False
sparse_er_200_p05_ablation,0,200,1068,10.68,mean_deg,10.68,none,random_rounding,0.0,ideal,detuning_ablation,2,graph,50.0,50.0,0,0,1778,0.965630054473877,0.0,0,752.0,760.0,769.0,0.0,0.0,,timeout,0.0,1068,10.68,21,10.68,21.0,10.32,0.0,0,0,0.0,False
sparse_er_200_p05_ablation,0,200,1068,10.68,mean_deg,10.68,none,random_rounding,0.0,ideal,detuning_ablation,3,graph,50.0,50.0,0,0,1934,1.168353796005249,0.0,0,740.0,757.0,762.0,0.0,0.0,,timeout,0.0,1068,10.68,21,10.68,21.0,10.32,0.0,0,0,0.0,False
sparse_er_200_p05_ablation,0,200,1068,10.68,mean_deg,10.68,none,random_rounding,0.0,ideal,detuning_ablation,4,graph,50.0,50.0,0,0,1766,0.9334218502044678,0.0,0,752.0,756.0,758.0,0.0,0.0,,timeout,0.0,1068,10.68,21,10.68,21.0,10.32,0.0,0,0,0.0,False
sparse_er_200_p05_ablation,0,200,1068,10.68,mean_deg,10.68,none,random_rounding,0.0,ideal,detuning_ablation,5,graph,50.0,50.0,0,0,2186,1.2277657985687256,0.0,0,750.0,760.0,765.0,0.0,0.0,,timeout,0.0,1068,10.68,21,10.68,21.0,10.32,0.0,0,0,0.0,False
sparse_er_200_p05_ablation,0,200,1068,10.68,mean_deg,10.68,none,random_rounding,0.0,ideal,detuning_ablation,6,graph,50.0,50.0,0,0,1874,1.0045742988586426,0.0,0,726.0,763.0,768.0,0.0,0.0,,timeout,0.0,1068,10.68,21,10.68,21.0,10.32,0.0,0,0,0.0,False
sparse_er_200_p05_ablation,0,200,1068,10.68,mean_deg,10.68,none,random_rounding,0.0,ideal,detuning_ablation,7,graph,50.0,50.0,0,0,1874,0.9685757160186768,0.0,0,744.0,756.0,762.0,0.0,0.0,,timeout,0.0,1068,10.68,21,10.68,21.0,10.32,0.0,0,0,0.0,False
sparse_er_200_p05_ablation,0,200,1068,10.68,mean_deg,10.68,none,random_rounding,0.0,ideal,detuning_ablation,8,graph,50.0,50.0,0,0,1922,1.0362298488616943,0.0,0,750.0,760.0,762.0,0.0,0.0,,timeout,0.0,1068,10.68,21,10.68,21.0,10.32,0.0,0,0,0.0,False
sparse_er_200_p05_ablation,0,200,1068,10.68,mean_deg,10.68,none,random_rounding,0.0,ideal,detuning_ablation,9,graph,50.0,50.0,0,0,2030,1.1480605602264404,0.0,0,757.0,757.0,758.0,0.0,0.0,,timeout,0.0,1068,10.68,21,10.68,21.0,10.32,0.0,0,0,0.0,False
sparse_er_200_p05_ablation,0,200,1068,10.68,mean_deg,10.68,none,greedy,0.0,ideal,detuning_ablation,0,graph,50.0,50.0,0,0,0,0.0008101463317871094,0.0,0,732.0,732.0,732.0,0.0,0.0,,timeout,0.0,0,0.0,0,0.0,0.0,0.0,0.0,0,0,0.0,False
sparse_er_200_p05_ablation,0,200,1068,10.68,mean_deg,10.68,none,greedy,0.0,ideal,detuning_ablation,1,graph,50.0,50.0,0,0,0,0.0006039142608642578,0.0,0,730.0,730.0,730.0,0.0,0.0,,timeout,0.0,0,0.0,0,0.0,0.0,0.0,0.0,0,0,0.0,False
sparse_er_200_p05_ablation,0,200,1068,10.68,mean_deg,10.68,none,greedy,0.0,ideal,detuning_ablation,2,graph,50.0,50.0,0,0,0,0.0005776882171630859,0.0,0,731.0,731.0,731.0,0.0,0.0,,timeout,0.0,0,0.0,0,0.0,0.0,0.0,0.0,0,0,0.0,False
sparse_er_200_p05_ablation,0,200,1068,10.68,mean_deg,10.68,none,greedy,0.0,ideal,detuning_ablation,3,graph,50.0,50.0,0,0,0,0.0005285739898681641,0.0,0,731.0,731.0,731.0,0.0,0.0,,timeout,0.0,0,0.0,0,0.0,0.0,0.0,0.0,0,0,0.0,False
sparse_er_200_p05_ablation,0,200,1068,10.68,mean_deg,10.68,none,greedy,0.0,ideal,detuning_ablation,4,graph,50.0,50.0,0,0,0,0.0005369186401367188,0.0,0,703.0,703.0,703.0,0.0,0.0,,timeout,0.0,0,0.0,0,0.0,0.0,0.0,0.0,0,0,0.0,False
sparse_er_200_p05_ablation,0,200,1068,10.68,mean_deg,10.68,none,greedy,0.0,ideal,detuning_ablation,5,graph,50.0,50.0,0,0,0,0.0006170272827148438,0.0,0,712.0,712.0,712.0,0.0,0.0,,timeout,0.0,0,0.0,0,0.0,0.0,0.0,0.0,0,0,0.0,False
sparse_er_200_p05_ablation,0,200,1068,10.68,mean_deg,10.68,none,greedy,0.0,ideal,detuning_ablation,6,graph,50.0,50.0,0,0,0,0.0006194114685058594,0.0,0,733.0,733.0,733.0,0.0,0.0,,timeout,0.0,0,0.0,0,0.0,0.0,0.0,0.0,0,0,0.0,False
sparse_er_200_p05_ablation,0,200,1068,10.68,mean_deg,10.68,none,greedy,0.0,ideal,detuning_ablation,7,graph,50.0,50.0,0,0,0,0.0007808208465576172,0.0,0,722.0,722.0,722.0,0.0,0.0,,timeout,0.0,0,0.0,0,0.0,0.0,0.0,0.0,0,0,0.0,False
sparse_er_200_p05_ablation,0,200,1068,10.68,mean_deg,10.68,none,greedy,0.0,ideal,detuning_ablation,8,graph,50.0,50.0,0,0,0,0.000637054443359375,0.0,0,739.0,739.0,739.0,0.0,0.0,,timeout,0.0,0,0.0,0,0.0,0.0,0.0,0.0,0,0,0.0,False
sparse_er_200_p05_ablation,0,200,1068,10.68,mean_deg,10.68,none,greedy,0.0,ideal,detuning_ablation,9,graph,50.0,50.0,0,0,0,0.0007970333099365234,0.0,0,749.0,749.0,749.0,0.0,0.0,,timeout,0.0,0,0.0,0,0.0,0.0,0.0,0.0,0,0,0.0,False
sparse_er_200_p05_ablation,0,200,1068,10.68,mean_deg,10.68,none,static_projected,0.0,ideal,detuning_ablation,0,graph,50.0,50.0,0,1,1730,1.0309085845947266,0.036516666412353516,1,740.0,758.0,762.0,0.0,0.0,,timeout,0.0,1068,10.68,21,9.04776310231351,10.680000000000291,2.913225216616411e-13,0.0,0,0,0.0,False
sparse_er_200_p05_ablation,0,200,1068,10.68,mean_deg,10.68,none,static_projected,0.0,ideal,detuning_ablation,1,graph,50.0,50.0,0,1,1682,0.9382498264312744,0.04204297065734863,1,724.0,763.0,767.0,0.0,0.0,,timeout,0.0,1068,10.68,21,9.04776310231351,10.680000000000291,2.913225216616411e-13,0.0,0,0,0.0,False
sparse_er_200_p05_ablation,0,200,1068,10.68,mean_deg,10.68,none,static_projected,0.0,ideal,detuning_ablation,2,graph,50.0,50.0,0,1,1646,0.9271917343139648,0.04201531410217285,1,754.0,760.0,761.0,0.0,0.0,,timeout,0.0,1068,10.68,21,9.04776310231351,10.680000000000291,2.913225216616411e-13,0.0,0,0,0.0,False
sparse_er_200_p05_ablation,0,200,1068,10.68,mean_deg,10.68,none,static_projected,0.0,ideal,detuning_ablation,3,graph,50.0,50.0,0,1,1730,0.9191384315490723,0.03633761405944824,1,742.0,755.0,759.0,0.0,0.0,,timeout,0.0,1068,10.68,21,9.04776310231351,10.680000000000291,2.913225216616411e-13,0.0,0,0,0.0,False
sparse_er_200_p05_ablation,0,200,1068,10.68,mean_deg,10.68,none,static_projected,0.0,ideal,detuning_ablation,4,graph,50.0,50.0,0,1,1670,0.919497013092041,0.04088234901428223,1,747.0,758.0,762.0,0.0,0.0,,timeout,0.0,1068,10.68,21,9.04776310231351,10.680000000000291,2.913225216616411e-13,0.0,0,0,0.0,False
sparse_er_200_p05_ablation,0,200,1068,10.68,mean_deg,10.68,none,static_projected,0.0,ideal,detuning_ablation,5,graph,50.0,50.0,0,1,1910,1.0831325054168701,0.032750606536865234,1,747.0,753.0,759.0,0.0,0.0,,timeout,0.0,1068,10.68,21,9.04776310231351,10.680000000000291,2.913225216616411e-13,0.0,0,0,0.0,False
sparse_er_200_p05_ablation,0,200,1068,10.68,mean_deg,10.68,none,static_projected,0.0,ideal,detuning_ablation,6,graph,50.0,50.0,0,1,1418,0.833559513092041,0.04014134407043457,1,726.0,754.0,758.0,0.0,0.0,,timeout,0.0,1068,10.68,21,9.04776310231351,10.680000000000291,2.913225216616411e-13,0.0,0,0,0.0,False
sparse_er_200_p05_ablation,0,200,1068,10.68,mean_deg,10.68,none,static_projected,0.0,ideal,detuning_ablation,7,graph,50.0,50.0,0,1,1754,0.9524903297424316,0.04184699058532715,1,734.0,756.0,764.0,0.0,0.0,,timeout,0.0,1068,10.68,21,9.04776310231351,10.680000000000291,2.913225216616411e-13,0.0,0,0,0.0,False
sparse_er_200_p05_ablation,0,200,1068,10.68,mean_deg,10.68,none,static_projected,0.0,ideal,detuning_ablation,8,graph,50.0,50.0,0,1,1634,0.9169149398803711,0.03890085220336914,1,754.0,763.0,768.0,0.0,0.0,,timeout,0.0,1068,10.68,21,9.04776310231351,10.680000000000291,2.913225216616411e-13,0.0,0,0,0.0,False
sparse_er_200_p05_ablation,0,200,1068,10.68,mean_deg,10.68,none,static_projected,0.0,ideal,detuning_ablation,9,graph,50.0,50.0,0,1,1466,0.8493261337280273,0.045894622802734375,1,745.0,748.0,758.0,0.0,0.0,,timeout,0.0,1068,10.68,21,9.04776310231351,10.680000000000291,2.913225216616411e-13,0.0,0,0,0.0,False
sparse_er_200_p05_ablation,0,200,1068,10.68,mean_deg,10.68,none,static_budgeted,0.0,ideal,detuning_ablation,0,graph,50.0,50.0,0,1,1562,0.8396322727203369,0.043201446533203125,1,741.0,755.0,763.0,0.0,0.0,,timeout,0.0,1057,10.57,21,9.057627552138536,10.680000000000085,8.526512829121202e-14,0.0,0,0,0.0,False
sparse_er_200_p05_ablation,0,200,1068,10.68,mean_deg,10.68,none,static_budgeted,0.0,ideal,detuning_ablation,1,graph,50.0,50.0,0,1,1658,0.9703316688537598,0.036713600158691406,1,733.0,762.0,767.0,0.0,0.0,,timeout,0.0,1054,10.54,18,9.08136798687993,10.680000000000838,8.384404281969182e-13,0.0,0,0,0.0,False
sparse_er_200_p05_ablation,0,200,1068,10.68,mean_deg,10.68,none,static_budgeted,0.0,ideal,detuning_ablation,2,graph,50.0,50.0,0,1,1418,0.7937579154968262,0.03581666946411133,1,755.0,757.0,764.0,0.0,0.0,,timeout,0.0,1060,10.6,20,9.055359330552568,10.680000000000822,8.22453216642316e-13,0.0,0,0,0.0,False
sparse_er_200_p05_ablation,0,200,1068,10.68,mean_deg,10.68,none,static_budgeted,0.0,ideal,detuning_ablation,3,graph,50.0,50.0,0,1,1730,1.0382766723632812,0.044161081314086914,1,723.0,751.0,756.0,0.0,0.0,,timeout,0.0,1059,10.59,21,9.067059479499799,10.680000000000225,2.255973186038318e-13,0.0,0,0,0.0,False
sparse_er_200_p05_ablation,0,200,1068,10.68,mean_deg,10.68,none,static_budgeted,0.0,ideal,detuning_ablation,4,graph,50.0,50.0,0,1,1694,0.8877646923065186,0.04330635070800781,1,740.0,755.0,762.0,0.0,0.0,,timeout,0.0,1050,10.5,19,9.074073366319444,10.68000000000011,1.1013412404281553e-13,0.0,0,0,0.0,False
sparse_er_200_p05_ablation,0,200,1068,10.68,mean_deg,10.68,none,static_budgeted,0.0,ideal,detuning_ablation,5,graph,50.0,50.0,0,1,1550,0.885934591293335,0.047577619552612305,1,750.0,758.0,760.0,0.0,0.0,,timeout,0.0,1052,10.52,19,9.0630420767972,10.680000000000213,2.1316282072803006e-13,0.0,0,0,0.0,False
sparse_er_200_p05_ablation,0,200,1068,10.68,mean_deg,10.68,none,static_budgeted,0.0,ideal,detuning_ablation,6,graph,50.0,50.0,0,1,1406,0.7503643035888672,0.030971050262451172,1,726.0,753.0,755.0,0.0,0.0,,timeout,0.0,1059,10.59,20,9.060191318355873,10.680000000000382,3.8191672047105385e-13,0.0,0,0,0.0,False
sparse_er_200_p05_ablation,0,200,1068,10.68,mean_deg,10.68,none,static_budgeted,0.0,ideal,detuning_ablation,7,graph,50.0,50.0,0,1,1730,0.9618532657623291,0.030812740325927734,1,742.0,756.0,761.0,0.0,0.0,,timeout,0.0,1057,10.57,19,9.055805216172395,10.680000000000827,8.277822871605167e-13,0.0,0,0,0.0,False
sparse_er_200_p05_ablation,0,200,1068,10.68,mean_deg,10.68,none,static_budgeted,0.0,ideal,detuning_ablation,8,graph,50.0,50.0,0,1,1538,0.8486020565032959,0.05109977722167969,1,742.0,747.0,750.0,0.0,0.0,,timeout,0.0,1055,10.55,19,9.053321511015325,10.680000000000293,2.9309887850104133e-13,0.0,0,0,0.0,False
sparse_er_200_p05_ablation,0,200,1068,10.68,mean_deg,10.68,none,static_budgeted,0.0,ideal,detuning_ablation,9,graph,50.0,50.0,0,1,1658,1.0272440910339355,0.037465572357177734,1,741.0,754.0,758.0,0.0,0.0,,timeout,0.0,1055,10.55,21,9.058531186217012,10.680000000000437,4.369837824924616e-13,0.0,0,0,0.0,False
sparse_er_200_p05_ablation,0,200,1068,10.68,mean_deg,10.68,none,random_budgeted,0.0,ideal,detuning_ablation,0,graph,50.0,50.0,0,1,1286,0.7820310592651367,0.0029265880584716797,1,730.0,733.0,753.0,0.0,0.0,,timeout,0.0,1068,10.68,21,5.186479637092255,10.297652589456291,-0.3823474105437086,0.0,0,0,0.0,False
sparse_er_200_p05_ablation,0,200,1068,10.68,mean_deg,10.68,none,random_budgeted,0.0,ideal,detuning_ablation,1,graph,50.0,50.0,0,1,1322,0.6853196620941162,0.002201080322265625,1,721.0,743.0,764.0,0.0,0.0,,timeout,0.0,1068,10.68,21,5.331890273762144,9.56699619376875,-1.1130038062312497,0.0,0,0,0.0,False
sparse_er_200_p05_ablation,0,200,1068,10.68,mean_deg,10.68,none,random_budgeted,0.0,ideal,detuning_ablation,2,graph,50.0,50.0,0,1,1154,0.6258199214935303,0.002904176712036133,1,726.0,734.0,757.0,0.0,0.0,,timeout,0.0,1068,10.68,21,5.327336904897741,9.478615072690062,-1.2013849273099382,0.0,0,0,0.0,False
sparse_er_200_p05_ablation,0,200,1068,10.68,mean_deg,10.68,none,random_budgeted,0.0,ideal,detuning_ablation,3,graph,50.0,50.0,0,1,1202,0.6925389766693115,0.004002571105957031,1,720.0,750.0,760.0,0.0,0.0,,timeout,0.0,1068,10.68,21,5.203513103097075,10.680000000000003,3.552713678800501e-15,0.0,0,0,0.0,False
sparse_er_200_p05_ablation,0,200,1068,10.68,mean_deg,10.68,none,random_budgeted,0.0,ideal,detuning_ablation,4,graph,50.0,50.0,0,1,1226,0.7545559406280518,0.002840280532836914,1,737.0,747.0,762.0,0.0,0.0,,timeout,0.0,1068,10.68,21,5.319956784474009,10.586703208798962,-0.09329679120103762,0.0,0,0,0.0,False
sparse_er_200_p05_ablation,0,200,1068,10.68,mean_deg,10.68,none,random_budgeted,0.0,ideal,detuning_ablation,5,graph,50.0,50.0,0,1,1322,0.7113995552062988,0.0035965442657470703,1,745.0,747.0,759.0,0.0,0.0,,timeout,0.0,1068,10.68,21,5.296845903337459,10.134413354306737,-0.5455866456932625,0.0,0,0,0.0,False
sparse_er_200_p05_ablation,0,200,1068,10.68,mean_deg,10.68,none,random_budgeted,0.0,ideal,detuning_ablation,6,graph,50.0,50.0,0,1,1250,0.6705620288848877,0.005030632019042969,1,731.0,741.0,756.0,0.0,0.0,,timeout,0.0,1068,10.68,21,5.272342898327545,10.68,0.0,0.0,0,0,0.0,False
sparse_er_200_p05_ablation,0,200,1068,10.68,mean_deg,10.68,none,random_budgeted,0.0,ideal,detuning_ablation,7,graph,50.0,50.0,0,1,1322,0.7154719829559326,0.00487971305847168,1,724.0,742.0,752.0,0.0,0.0,,timeout,0.0,1068,10.68,21,5.261628288457432,10.679999999999998,-1.7763568394002505e-15,0.0,0,0,0.0,False
sparse_er_200_p05_ablation,0,200,1068,10.68,mean_deg,10.68,none,random_budgeted,0.0,ideal,detuning_ablation,8,graph,50.0,50.0,0,1,1178,0.6450846195220947,0.0037000179290771484,1,731.0,745.0,758.0,0.0,0.0,,timeout,0.0,1068,10.68,21,5.186673670765417,10.68,0.0,0.0,0,0,0.0,False
sparse_er_200_p05_ablation,0,200,1068,10.68,mean_deg,10.68,none,random_budgeted,0.0,ideal,detuning_ablation,9,graph,50.0,50.0,0,1,1334,0.7284274101257324,0.0045642852783203125,1,723.0,744.0,755.0,0.0,0.0,,timeout,0.0,1068,10.68,21,5.350637630775506,10.68,0.0,0.0,0,0,0.0,False
sparse_er_200_p05_ablation,0,200,1068,10.68,mean_deg,10.68,none,learned_support_random_weights,0.0,ideal,detuning_ablation,0,hebbian_seed0,50.0,50.0,0,1,1010,0.47618937492370605,0.0028181076049804688,1,700.0,700.0,734.0,0.0,0.0,,timeout,0.0,698,6.98,14,3.361411727338914,7.482240890031246,-3.1977591099687537,0.0,0,0,0.0,False
sparse_er_200_p05_ablation,0,200,1068,10.68,mean_deg,10.68,none,learned_support_random_weights,0.0,ideal,detuning_ablation,1,hebbian_seed0,50.0,50.0,0,1,1082,0.5606405735015869,0.003147602081298828,1,685.0,700.0,734.0,0.0,0.0,,timeout,0.0,698,6.98,14,3.4576913173467494,5.993839323150496,-4.686160676849504,0.0,0,0,0.0,False
sparse_er_200_p05_ablation,0,200,1068,10.68,mean_deg,10.68,none,learned_support_random_weights,0.0,ideal,detuning_ablation,2,hebbian_seed0,50.0,50.0,0,1,1082,0.5397698879241943,0.0033822059631347656,1,700.0,700.0,734.0,0.0,0.0,,timeout,0.0,698,6.98,14,3.4048898813010458,6.78968539402475,-3.8903146059752496,0.0,0,0,0.0,False
sparse_er_200_p05_ablation,0,200,1068,10.68,mean_deg,10.68,none,learned_support_random_weights,0.0,ideal,detuning_ablation,3,hebbian_seed0,50.0,50.0,0,1,1166,0.6118645668029785,0.0017845630645751953,1,700.0,700.0,734.0,0.0,0.0,,timeout,0.0,698,6.98,14,3.44606886852005,8.318175717010865,-2.3618242829891347,0.0,0,0,0.0,False
sparse_er_200_p05_ablation,0,200,1068,10.68,mean_deg,10.68,none,learned_support_random_weights,0.0,ideal,detuning_ablation,4,hebbian_seed0,50.0,50.0,0,1,1130,0.5181584358215332,0.0019180774688720703,1,700.0,703.0,734.0,0.0,0.0,,timeout,0.0,698,6.98,14,3.384742560070949,6.763085209888279,-3.9169147901117203,0.0,0,0,0.0,False
sparse_er_200_p05_ablation,0,200,1068,10.68,mean_deg,10.68,none,learned_support_random_weights,0.0,ideal,detuning_ablation,5,hebbian_seed0,50.0,50.0,0,1,1106,0.5949447154998779,0.0031833648681640625,1,682.0,700.0,734.0,0.0,0.0,,timeout,0.0,698,6.98,14,3.504146040140489,6.981733298292047,-3.6982667017079525,0.0,0,0,0.0,False
sparse_er_200_p05_ablation,0,200,1068,10.68,mean_deg,10.68,none,learned_support_random_weights,0.0,ideal,detuning_ablation,6,hebbian_seed0,50.0,50.0,0,1,1010,0.5185568332672119,0.002764463424682617,1,700.0,702.0,732.0,0.0,0.0,,timeout,0.0,698,6.98,14,3.4753131465770593,6.285060264024605,-4.394939735975394,0.0,0,0,0.0,False
sparse_er_200_p05_ablation,0,200,1068,10.68,mean_deg,10.68,none,learned_support_random_weights,0.0,ideal,detuning_ablation,7,hebbian_seed0,50.0,50.0,0,1,1046,0.5071394443511963,0.0022809505462646484,1,700.0,700.0,734.0,0.0,0.0,,timeout,0.0,698,6.98,14,3.4078158735983424,6.359371032662904,-4.320628967337096,0.0,0,0,0.0,False
sparse_er_200_p05_ablation,0,200,1068,10.68,mean_deg,10.68,none,learned_support_random_weights,0.0,ideal,detuning_ablation,8,hebbian_seed0,50.0,50.0,0,1,1130,0.5336215496063232,0.0018658638000488281,1,700.0,700.0,734.0,0.0,0.0,,timeout,0.0,698,6.98,14,3.4134285439416283,7.032400138660404,-3.6475998613395957,0.0,0,0,0.0,False
sparse_er_200_p05_ablation,0,200,1068,10.68,mean_deg,10.68,none,learned_support_random_weights,0.0,ideal,detuning_ablation,9,hebbian_seed0,50.0,50.0,0,1,1142,0.537506103515625,0.0033111572265625,1,700.0,701.0,734.0,0.0,0.0,,timeout,0.0,698,6.98,14,3.5084230490324546,7.472314026931494,-3.2076859730685054,0.0,0,0,0.0,False
sparse_er_200_p05_ablation,0,200,1068,10.68,mean_deg,10.68,none,topology_scrambled,0.0,ideal,detuning_ablation,0,graph,50.0,50.0,100,101,3788,33.021352767944336,31.16533398628235,101,583.0,583.0,734.0,0.0,0.0,,timeout,0.0,595,5.95,12,10.228311400858367,10.680000000000001,1.7763568394002505e-15,0.0,0,0,-907.8483783199933,False
sparse_er_200_p05_ablation,0,200,1068,10.68,mean_deg,10.68,none,topology_scrambled,0.0,ideal,detuning_ablation,1,graph,50.0,50.0,100,101,4016,73.93143010139465,71.84714031219482,101,548.0,548.0,719.0,0.0,0.0,,timeout,0.0,634,6.34,12,10.666702892944636,10.680000000000001,1.7763568394002505e-15,0.0,0,0,-942.9673100684686,False
sparse_er_200_p05_ablation,0,200,1068,10.68,mean_deg,10.68,none,topology_scrambled,0.0,ideal,detuning_ablation,2,graph,50.0,50.0,100,101,3584,56.18903946876526,54.41135382652283,101,553.0,553.0,737.0,0.0,0.0,,timeout,0.0,601,6.01,13,10.526216127356756,10.680000000000003,3.552713678800501e-15,0.0,0,0,-929.887843767035,False
sparse_er_200_p05_ablation,0,200,1068,10.68,mean_deg,10.68,none,topology_scrambled,0.0,ideal,detuning_ablation,3,graph,50.0,50.0,100,101,3956,49.60781407356262,47.66506910324097,101,550.0,550.0,722.0,0.0,0.0,,timeout,0.0,581,5.81,11,10.573200000000002,10.680000000000003,3.552713678800501e-15,0.0,0,0,-927.6186814464924,False
sparse_er_200_p05_ablation,0,200,1068,10.68,mean_deg,10.68,none,topology_scrambled,0.0,ideal,detuning_ablation,4,graph,50.0,50.0,100,101,3572,78.48271560668945,76.61915016174316,101,548.0,548.0,718.0,0.0,0.0,,timeout,0.0,628,6.28,12,10.631351909480212,10.680000000000003,3.552713678800501e-15,0.0,0,0,-940.4954519355822,False
sparse_er_200_p05_ablation,0,200,1068,10.68,mean_deg,10.68,none,topology_scrambled,0.0,ideal,detuning_ablation,5,graph,50.0,50.0,100,101,2984,28.620853662490845,27.129775524139404,101,521.0,521.0,719.0,0.0,0.0,,timeout,0.0,587,5.87,11,10.145999999999999,10.680000000000003,3.552713678800501e-15,0.0,0,0,-902.250606790339,False
sparse_er_200_p05_ablation,0,200,1068,10.68,mean_deg,10.68,none,topology_scrambled,0.0,ideal,detuning_ablation,6,graph,50.0,50.0,100,101,4592,72.13497543334961,69.84142732620239,101,562.0,564.0,751.0,0.0,0.0,,timeout,0.0,632,6.32,13,10.62570444760258,10.680000000000003,3.552713678800501e-15,0.0,0,0,-941.41563635848,False
sparse_er_200_p05_ablation,0,200,1068,10.68,mean_deg,10.68,none,topology_scrambled,0.0,ideal,detuning_ablation,7,graph,50.0,50.0,100,101,3956,80.95909333229065,79.04555749893188,101,530.0,533.0,730.0,0.0,0.0,,timeout,0.0,627,6.27,11,10.598493400330659,10.680000000000003,3.552713678800501e-15,0.0,0,0,-940.1413304411981,False
sparse_er_200_p05_ablation,0,200,1068,10.68,mean_deg,10.68,none,topology_scrambled,0.0,ideal,detuning_ablation,8,graph,50.0,50.0,100,101,3200,27.771465301513672,26.19315004348755,101,561.0,561.0,725.0,0.0,0.0,,timeout,0.0,586,5.86,11,10.229406806123366,10.680000000000001,1.7763568394002505e-15,0.0,0,0,-908.517191190157,False
sparse_er_200_p05_ablation,0,200,1068,10.68,mean_deg,10.68,none,topology_scrambled,0.0,ideal,detuning_ablation,9,graph,50.0,50.0,100,101,4088,67.54005455970764,65.36865901947021,101,564.0,564.0,725.0,0.0,0.0,,timeout,0.0,616,6.16,13,10.615101574550645,10.680000000000001,1.7763568394002505e-15,0.0,0,0,-941.0336089499992,False
sparse_er_200_p05_ablation,0,200,1068,10.68,mean_deg,10.68,sinkhorn,hebbian_sinkhorn,0.0,ideal,detuning_ablation,0,graph,50.0,50.0,100,100,2972,1.774670124053955,0.0,0,706.0,706.0,741.0,0.0,0.0,,timeout,0.0,706,7.06,15,10.181723006408108,10.680000000000001,1.7763568394002505e-15,0.0,0,0,-932.1345102144264,False
sparse_er_200_p05_ablation,0,200,1068,10.68,mean_deg,10.68,sinkhorn,hebbian_sinkhorn,0.0,ideal,detuning_ablation,1,graph,50.0,50.0,100,100,3416,2.014252185821533,0.0,0,700.0,700.0,736.0,0.0,0.0,,timeout,0.0,700,7.0,13,9.952558418224163,10.680000000000001,1.7763568394002505e-15,0.0,0,0,-913.0878176102539,False
sparse_er_200_p05_ablation,0,200,1068,10.68,mean_deg,10.68,sinkhorn,hebbian_sinkhorn,0.0,ideal,detuning_ablation,2,graph,50.0,50.0,100,100,2864,1.788593053817749,0.0,0,712.0,712.0,744.0,0.0,0.0,,timeout,0.0,712,7.12,13,10.118085818264838,10.680000000000001,1.7763568394002505e-15,0.0,0,0,-928.5453208599686,False
sparse_er_200_p05_ablation,0,200,1068,10.68,mean_deg,10.68,sinkhorn,hebbian_sinkhorn,0.0,ideal,detuning_ablation,3,graph,50.0,50.0,100,100,3248,1.8795197010040283,0.0,0,677.0,677.0,741.0,0.0,0.0,,timeout,0.0,677,6.77,13,9.984734351349447,10.680000000000001,1.7763568394002505e-15,0.0,0,0,-912.4899622361664,False
sparse_er_200_p05_ablation,0,200,1068,10.68,mean_deg,10.68,sinkhorn,hebbian_sinkhorn,0.0,ideal,detuning_ablation,4,graph,50.0,50.0,100,100,3128,1.93092942237854,0.0,0,691.0,691.0,722.0,0.0,0.0,,timeout,0.0,691,6.91,12,10.163342379430555,10.680000000000003,3.552713678800501e-15,0.0,0,0,-929.9840067919127,False
sparse_er_200_p05_ablation,0,200,1068,10.68,mean_deg,10.68,sinkhorn,hebbian_sinkhorn,0.0,ideal,detuning_ablation,5,graph,50.0,50.0,100,100,3032,1.8821210861206055,0.0,0,684.0,684.0,722.0,0.0,0.0,,timeout,0.0,684,6.84,12,10.13115060065289,10.680000000000001,1.7763568394002505e-15,0.0,0,0,-925.0849007795714,False
sparse_er_200_p05_ablation,0,200,1068,10.68,mean_deg,10.68,sinkhorn,hebbian_sinkhorn,0.0,ideal,detuning_ablation,6,graph,50.0,50.0,100,100,3020,1.8938002586364746,0.0,0,700.0,703.0,742.0,0.0,0.0,,timeout,0.0,700,7.0,15,10.039660906991683,10.680000000000001,1.7763568394002505e-15,0.0,0,0,-918.5043260548862,False
sparse_er_200_p05_ablation,0,200,1068,10.68,mean_deg,10.68,sinkhorn,hebbian_sinkhorn,0.0,ideal,detuning_ablation,7,graph,50.0,50.0,100,100,3080,1.9210655689239502,0.0,0,689.0,689.0,728.0,0.0,0.0,,timeout,0.0,689,6.89,16,10.078051294434928,10.680000000000003,3.552713678800501e-15,0.0,0,0,-921.4636381366477,False
sparse_er_200_p05_ablation,0,200,1068,10.68,mean_deg,10.68,sinkhorn,hebbian_sinkhorn,0.0,ideal,detuning_ablation,8,graph,50.0,50.0,100,100,3020,1.9310989379882812,0.0,0,699.0,699.0,728.0,0.0,0.0,,timeout,0.0,699,6.99,13,10.261264479816743,10.680000000000001,1.7763568394002505e-15,0.0,0,0,-937.8721183288875,False
sparse_er_200_p05_ablation,0,200,1068,10.68,mean_deg,10.68,sinkhorn,hebbian_sinkhorn,0.0,ideal,detuning_ablation,9,graph,50.0,50.0,100,100,3080,1.8844859600067139,0.0,0,686.0,686.0,731.0,0.0,0.0,,timeout,0.0,686,6.86,13,10.007801376541455,10.680000000000001,1.7763568394002505e-15,0.0,0,0,-913.4601581496402,False
sparse_er_200_p05_ablation,0,200,1068,10.68,mean_deg,10.68,sinkhorn,hybrid_sinkhorn,0.0,ideal,detuning_ablation,0,graph,50.0,50.0,100,100,4966,2.683582305908203,0.0,0,706.0,706.0,741.0,0.0,0.0,,timeout,0.0,706,7.06,15,10.181723006408108,10.680000000000001,1.7763568394002505e-15,0.0,0,0,-932.1345102144264,False
sparse_er_200_p05_ablation,0,200,1068,10.68,mean_deg,10.68,sinkhorn,hybrid_sinkhorn,0.0,ideal,detuning_ablation,1,graph,50.0,50.0,100,100,5326,2.8159658908843994,0.0,0,700.0,700.0,736.0,0.0,0.0,,timeout,0.0,700,7.0,13,9.952558418224163,10.680000000000001,1.7763568394002505e-15,0.0,0,0,-913.0878176102539,False
sparse_er_200_p05_ablation,0,200,1068,10.68,mean_deg,10.68,sinkhorn,hybrid_sinkhorn,0.0,ideal,detuning_ablation,2,graph,50.0,50.0,100,100,4786,2.574279546737671,0.0,0,712.0,712.0,744.0,0.0,0.0,,timeout,0.0,712,7.12,13,10.118085818264838,10.680000000000001,1.7763568394002505e-15,0.0,0,0,-928.5453208599686,False
sparse_er_200_p05_ablation,0,200,1068,10.68,mean_deg,10.68,sinkhorn,hybrid_sinkhorn,0.0,ideal,detuning_ablation,3,graph,50.0,50.0,100,100,5182,2.7171730995178223,0.0,0,677.0,677.0,741.0,0.0,0.0,,timeout,0.0,677,6.77,13,9.984734351349447,10.680000000000001,1.7763568394002505e-15,0.0,0,0,-912.4899622361664,False
sparse_er_200_p05_ablation,0,200,1068,10.68,mean_deg,10.68,sinkhorn,hybrid_sinkhorn,0.0,ideal,detuning_ablation,4,graph,50.0,50.0,100,100,5086,2.664208173751831,0.0,0,691.0,691.0,722.0,0.0,0.0,,timeout,0.0,691,6.91,12,10.163342379430555,10.680000000000003,3.552713678800501e-15,0.0,0,0,-929.9840067919127,False
sparse_er_200_p05_ablation,0,200,1068,10.68,mean_deg,10.68,sinkhorn,hybrid_sinkhorn,0.0,ideal,detuning_ablation,5,graph,50.0,50.0,100,100,4990,2.722999334335327,0.0,0,684.0,684.0,722.0,0.0,0.0,,timeout,0.0,684,6.84,12,10.13115060065289,10.680000000000001,1.7763568394002505e-15,0.0,0,0,-925.0849007795714,False
sparse_er_200_p05_ablation,0,200,1068,10.68,mean_deg,10.68,sinkhorn,hybrid_sinkhorn,0.0,ideal,detuning_ablation,6,graph,50.0,50.0,100,100,4954,2.6187546253204346,0.0,0,700.0,700.0,742.0,0.0,0.0,,timeout,0.0,700,7.0,15,10.039660906991683,10.680000000000001,1.7763568394002505e-15,0.0,0,0,-918.5043260548862,False
sparse_er_200_p05_ablation,0,200,1068,10.68,mean_deg,10.68,sinkhorn,hybrid_sinkhorn,0.0,ideal,detuning_ablation,7,graph,50.0,50.0,100,100,5026,2.6570281982421875,0.0,0,664.0,689.0,728.0,0.0,0.0,,timeout,0.0,689,6.89,16,10.078051294434928,10.680000000000003,3.552713678800501e-15,0.0,0,0,-921.4636381366477,False
sparse_er_200_p05_ablation,0,200,1068,10.68,mean_deg,10.68,sinkhorn,hybrid_sinkhorn,0.0,ideal,detuning_ablation,8,graph,50.0,50.0,100,100,4954,2.5559208393096924,0.0,0,699.0,699.0,728.0,0.0,0.0,,timeout,0.0,699,6.99,13,10.261264479816743,10.680000000000001,1.7763568394002505e-15,0.0,0,0,-937.8721183288875,False
sparse_er_200_p05_ablation,0,200,1068,10.68,mean_deg,10.68,sinkhorn,hybrid_sinkhorn,0.0,ideal,detuning_ablation,9,graph,50.0,50.0,100,100,5014,2.6497085094451904,0.0,0,686.0,686.0,731.0,0.0,0.0,,timeout,0.0,686,6.86,13,10.007801376541455,10.680000000000001,1.7763568394002505e-15,0.0,0,0,-913.4601581496402,False
sparse_er_200_p05_ablation,0,200,1068,10.68,mean_deg,10.68,frobenius,hebbian_frobenius,0.0,ideal,detuning_ablation,0,graph,50.0,50.0,100,101,3092,72.02640509605408,70.58809781074524,101,703.0,703.0,737.0,0.0,0.0,,timeout,0.0,703,7.03,14,10.573199999993992,10.680000000000003,3.552713678800501e-15,0.0,0,0,-961.740618379539,False
sparse_er_200_p05_ablation,0,200,1068,10.68,mean_deg,10.68,frobenius,hebbian_frobenius,0.0,ideal,detuning_ablation,1,graph,50.0,50.0,100,101,4244,79.80725502967834,77.7957854270935,101,688.0,688.0,749.0,0.0,0.0,,timeout,0.0,684,6.84,13,10.636053720818976,10.680000000000001,1.7763568394002505e-15,0.0,0,0,-956.435081789864,False
sparse_er_200_p05_ablation,0,200,1068,10.68,mean_deg,10.68,frobenius,hebbian_frobenius,0.0,ideal,detuning_ablation,2,graph,50.0,50.0,100,101,3284,83.40838527679443,81.9238293170929,101,694.0,694.0,741.0,0.0,0.0,,timeout,0.0,691,6.91,12,10.5732,10.680000000000003,3.552713678800501e-15,0.0,0,0,-955.9678606047312,False
sparse_er_200_p05_ablation,0,200,1068,10.68,mean_deg,10.68,frobenius,hebbian_frobenius,0.0,ideal,detuning_ablation,3,graph,50.0,50.0,100,101,3728,52.38032913208008,50.71438503265381,101,675.0,675.0,724.0,0.0,0.0,,timeout,0.0,664,6.64,11,10.573199999994536,10.680000000000003,3.552713678800501e-15,0.0,0,0,-950.3808365665687,False
sparse_er_200_p05_ablation,0,200,1068,10.68,mean_deg,10.68,frobenius,hebbian_frobenius,0.0,ideal,detuning_ablation,4,graph,50.0,50.0,100,101,3392,21.993494272232056,20.442734718322754,101,695.0,695.0,728.0,0.0,0.0,,timeout,0.0,693,6.93,13,10.679999999999715,10.680000000000001,1.7763568394002505e-15,0.0,0,0,-964.3780245669277,False
sparse_er_200_p05_ablation,0,200,1068,10.68,mean_deg,10.68,frobenius,hebbian_frobenius,0.0,ideal,detuning_ablation,5,graph,50.0,50.0,100,101,3596,44.93367886543274,43.242156744003296,101,679.0,679.0,723.0,0.0,0.0,,timeout,0.0,674,6.74,11,10.679999999999573,10.680000000000001,1.7763568394002505e-15,0.0,0,0,-962.580399872465,False
sparse_er_200_p05_ablation,0,200,1068,10.68,mean_deg,10.68,frobenius,hebbian_frobenius,0.0,ideal,detuning_ablation,6,graph,50.0,50.0,100,101,3284,37.45195174217224,35.945138454437256,101,703.0,707.0,742.0,0.0,0.0,,timeout,0.0,693,6.93,13,10.680000000000009,10.680000000000526,5.258016244624741e-13,0.0,0,0,-959.8662509374102,False
sparse_er_200_p05_ablation,0,200,1068,10.68,mean_deg,10.68,frobenius,hebbian_frobenius,0.0,ideal,detuning_ablation,7,graph,50.0,50.0,100,101,4112,84.16573452949524,82.25739693641663,101,697.0,697.0,732.0,0.0,0.0,,timeout,0.0,690,6.9,16,10.675435455767051,10.680000000000003,3.552713678800501e-15,0.0,0,0,-959.3743353360696,False
sparse_er_200_p05_ablation,0,200,1068,10.68,mean_deg,10.68,frobenius,hebbian_frobenius,0.0,ideal,detuning_ablation,8,graph,50.0,50.0,100,101,3284,27.558420658111572,25.997249603271484,101,703.0,703.0,733.0,0.0,0.0,,timeout,0.0,701,7.01,13,10.679999999999582,10.680000000000003,3.552713678800501e-15,0.0,0,0,-967.6518094610169,False
sparse_er_200_p05_ablation,0,200,1068,10.68,mean_deg,10.68,frobenius,hebbian_frobenius,0.0,ideal,detuning_ablation,9,graph,50.0,50.0,100,101,3572,77.61881494522095,75.99035501480103,101,691.0,691.0,736.0,0.0,0.0,,timeout,0.0,683,6.83,13,10.679999999999804,10.680000000000003,3.552713678800501e-15,0.0,0,0,-957.4819642061551,False
sparse_er_200_p05_ablation,0,200,1068,10.68,mean_deg,10.68,frobenius,hybrid_frobenius,0.0,ideal,detuning_ablation,0,graph,50.0,50.0,100,101,5110,74.20690417289734,71.96109223365784,101,703.0,703.0,737.0,0.0,0.0,,timeout,0.0,703,7.03,14,10.573199999993992,10.680000000000003,3.552713678800501e-15,0.0,0,0,-961.740618379539,False
sparse_er_200_p05_ablation,0,200,1068,10.68,mean_deg,10.68,frobenius,hybrid_frobenius,0.0,ideal,detuning_ablation,1,graph,50.0,50.0,100,101,6286,83.41355466842651,80.42955350875854,101,688.0,688.0,749.0,0.0,0.0,,timeout,0.0,684,6.84,13,10.636053720818976,10.680000000000001,1.7763568394002505e-15,0.0,0,0,-956.435081789864,False
sparse_er_200_p05_ablation,0,200,1068,10.68,mean_deg,10.68,frobenius,hybrid_frobenius,0.0,ideal,detuning_ablation,2,graph,50.0,50.0,100,101,5362,88.50919461250305,86.15443134307861,101,694.0,694.0,741.0,0.0,0.0,,timeout,0.0,691,6.91,12,10.5732,10.680000000000003,3.552713678800501e-15,0.0,0,0,-955.9678606047312,False
sparse_er_200_p05_ablation,0,200,1068,10.68,mean_deg,10.68,frobenius,hybrid_frobenius,0.0,ideal,detuning_ablation,3,graph,50.0,50.0,100,101,5770,53.93282508850098,51.439383029937744,101,675.0,675.0,724.0,0.0,0.0,,timeout,0.0,664,6.64,11,10.573199999994536,10.680000000000003,3.552713678800501e-15,0.0,0,0,-950.3808365665687,False
sparse_er_200_p05_ablation,0,200,1068,10.68,mean_deg,10.68,frobenius,hybrid_frobenius,0.0,ideal,detuning_ablation,4,graph,50.0,50.0,100,101,5470,23.277647733688354,20.907455444335938,101,695.0,695.0,728.0,0.0,0.0,,timeout,0.0,693,6.93,13,10.679999999999715,10.680000000000001,1.7763568394002505e-15,0.0,0,0,-964.3780245669277,False
sparse_er_200_p05_ablation,0,200,1068,10.68,mean_deg,10.68,frobenius,hybrid_frobenius,0.0,ideal,detuning_ablation,5,graph,50.0,50.0,100,101,5650,46.70807933807373,44.248542070388794,101,679.0,679.0,723.0,0.0,0.0,,timeout,0.0,674,6.74,11,10.679999999999573,10.680000000000001,1.7763568394002505e-15,0.0,0,0,-962.580399872465,False
sparse_er_200_p05_ablation,0,200,1068,10.68,mean_deg,10.68,frobenius,hybrid_frobenius,0.0,ideal,detuning_ablation,6,graph,50.0,50.0,100,101,5362,38.91791367530823,36.61201310157776,101,703.0,703.0,750.0,0.0,0.0,,timeout,0.0,693,6.93,13,10.680000000000009,10.680000000000526,5.258016244624741e-13,0.0,0,0,-959.8662509374102,False
sparse_er_200_p05_ablation,0,200,1068,10.68,mean_deg,10.68,frobenius,hybrid_frobenius,0.0,ideal,detuning_ablation,7,graph,50.0,50.0,100,101,6190,84.66410160064697,81.95884704589844,101,697.0,697.0,732.0,0.0,0.0,,timeout,0.0,690,6.9,16,10.675435455767051,10.680000000000003,3.552713678800501e-15,0.0,0,0,-959.3743353360696,False
sparse_er_200_p05_ablation,0,200,1068,10.68,mean_deg,10.68,frobenius,hybrid_frobenius,0.0,ideal,detuning_ablation,8,graph,50.0,50.0,100,101,5338,27.913320779800415,25.574594497680664,101,703.0,703.0,733.0,0.0,0.0,,timeout,0.0,701,7.01,13,10.679999999999582,10.680000000000003,3.552713678800501e-15,0.0,0,0,-967.6518094610169,False
sparse_er_200_p05_ablation,0,200,1068,10.68,mean_deg,10.68,frobenius,hybrid_frobenius,0.0,ideal,detuning_ablation,9,graph,50.0,50.0,100,101,5602,79.1613073348999,76.62139749526978,101,691.0,691.0,736.0,0.0,0.0,,timeout,0.0,683,6.83,13,10.679999999999804,10.680000000000003,3.552713678800501e-15,0.0,0,0,-957.4819642061551,False
sparse_er_200_p05_ablation,1,200,1025,10.25,half_mean_deg,5.125,none,static,0.0,ideal,detuning_ablation,0,graph,50.0,50.0,0,0,2126,1.1433546543121338,0.0,0,712.0,726.0,729.0,0.0,0.0,,timeout,0.0,1025,10.25,21,10.25,21.0,15.875,0.0,0,0,0.0,False
sparse_er_200_p05_ablation,1,200,1025,10.25,half_mean_deg,5.125,none,static,0.0,ideal,detuning_ablation,1,graph,50.0,50.0,0,0,1910,1.0185017585754395,0.0,0,723.0,727.0,730.0,0.0,0.0,,timeout,0.0,1025,10.25,21,10.25,21.0,15.875,0.0,0,0,0.0,False
sparse_er_200_p05_ablation,1,200,1025,10.25,half_mean_deg,5.125,none,static,0.0,ideal,detuning_ablation,2,graph,50.0,50.0,0,0,1910,1.1105601787567139,0.0,0,716.0,723.0,727.0,0.0,0.0,,timeout,0.0,1025,10.25,21,10.25,21.0,15.875,0.0,0,0,0.0,False
sparse_er_200_p05_ablation,1,200,1025,10.25,half_mean_deg,5.125,none,static,0.0,ideal,detuning_ablation,3,graph,50.0,50.0,0,0,2018,1.093261480331421,0.0,0,719.0,722.0,726.0,0.0,0.0,,timeout,0.0,1025,10.25,21,10.25,21.0,15.875,0.0,0,0,0.0,False
sparse_er_200_p05_ablation,1,200,1025,10.25,half_mean_deg,5.125,none,static,0.0,ideal,detuning_ablation,4,graph,50.0,50.0,0,0,1886,1.0338027477264404,0.0,0,716.0,726.0,731.0,0.0,0.0,,timeout,0.0,1025,10.25,21,10.25,21.0,15.875,0.0,0,0,0.0,False
sparse_er_200_p05_ablation,1,200,1025,10.25,half_mean_deg,5.125,none,static,0.0,ideal,detuning_ablation,5,graph,50.0,50.0,0,0,2042,1.133904218673706,0.0,0,727.0,728.0,730.0,0.0,0.0,,timeout,0.0,1025,10.25,21,10.25,21.0,15.875,0.0,0,0,0.0,False
sparse_er_200_p05_ablation,1,200,1025,10.25,half_mean_deg,5.125,none,static,0.0,ideal,detuning_ablation,6,graph,50.0,50.0,0,0,1994,1.1537492275238037,0.0,0,725.0,734.0,735.0,0.0,0.0,,timeout,0.0,1025,10.25,21,10.25,21.0,15.875,0.0,0,0,0.0,False
sparse_er_200_p05_ablation,1,200,1025,10.25,half_mean_deg,5.125,none,static,0.0,ideal,detuning_ablation,7,graph,50.0,50.0,0,0,1886,0.9991757869720459,0.0,0,722.0,729.0,731.0,0.0,0.0,,timeout,0.0,1025,10.25,21,10.25,21.0,15.875,0.0,0,0,0.0,False
sparse_er_200_p05_ablation,1,200,1025,10.25,half_mean_deg,5.125,none,static,0.0,ideal,detuning_ablation,8,graph,50.0,50.0,0,0,1802,0.9531824588775635,0.0,0,722.0,726.0,731.0,0.0,0.0,,timeout,0.0,1025,10.25,21,10.25,21.0,15.875,0.0,0,0,0.0,False
sparse_er_200_p05_ablation,1,200,1025,10.25,half_mean_deg,5.125,none,static,0.0,ideal,detuning_ablation,9,graph,50.0,50.0,0,0,1982,1.0893731117248535,0.0,0,709.0,725.0,730.0,0.0,0.0,,timeout,0.0,1025,10.25,21,10.25,21.0,15.875,0.0,0,0,0.0,False
sparse_er_200_p05_ablation,1,200,1025,10.25,half_mean_deg,5.125,none,random_rounding,0.0,ideal,detuning_ablation,0,graph,50.0,50.0,0,0,2126,1.1301970481872559,0.0,0,712.0,726.0,729.0,0.0,0.0,,timeout,0.0,1025,10.25,21,10.25,21.0,15.875,0.0,0,0,0.0,False
sparse_er_200_p05_ablation,1,200,1025,10.25,half_mean_deg,5.125,none,random_rounding,0.0,ideal,detuning_ablation,1,graph,50.0,50.0,0,0,1910,0.9840264320373535,0.0,0,723.0,727.0,730.0,0.0,0.0,,timeout,0.0,1025,10.25,21,10.25,21.0,15.875,0.0,0,0,0.0,False
sparse_er_200_p05_ablation,1,200,1025,10.25,half_mean_deg,5.125,none,random_rounding,0.0,ideal,detuning_ablation,2,graph,50.0,50.0,0,0,1910,0.9754204750061035,0.0,0,716.0,723.0,727.0,0.0,0.0,,timeout,0.0,1025,10.25,21,10.25,21.0,15.875,0.0,0,0,0.0,False
sparse_er_200_p05_ablation,1,200,1025,10.25,half_mean_deg,5.125,none,random_rounding,0.0,ideal,detuning_ablation,3,graph,50.0,50.0,0,0,2018,1.0849053859710693,0.0,0,719.0,722.0,726.0,0.0,0.0,,timeout,0.0,1025,10.25,21,10.25,21.0,15.875,0.0,0,0,0.0,False
sparse_er_200_p05_ablation,1,200,1025,10.25,half_mean_deg,5.125,none,random_rounding,0.0,ideal,detuning_ablation,4,graph,50.0,50.0,0,0,1886,0.9674124717712402,0.0,0,716.0,726.0,731.0,0.0,0.0,,timeout,0.0,1025,10.25,21,10.25,21.0,15.875,0.0,0,0,0.0,False
sparse_er_200_p05_ablation,1,200,1025,10.25,half_mean_deg,5.125,none,random_rounding,0.0,ideal,detuning_ablation,5,graph,50.0,50.0,0,0,2042,1.1016957759857178,0.0,0,727.0,728.0,730.0,0.0,0.0,,timeout,0.0,1025,10.25,21,10.25,21.0,15.875,0.0,0,0,0.0,False
sparse_er_200_p05_ablation,1,200,1025,10.25,half_mean_deg,5.125,none,random_rounding,0.0,ideal,detuning_ablation,6,graph,50.0,50.0,0,0,1994,1.0869207382202148,0.0,0,725.0,734.0,735.0,0.0,0.0,,timeout,0.0,1025,10.25,21,10.25,21.0,15.875,0.0,0,0,0.0,False
sparse_er_200_p05_ablation,1,200,1025,10.25,half_mean_deg,5.125,none,random_rounding,0.0,ideal,detuning_ablation,7,graph,50.0,50.0,0,0,1886,0.9969940185546875,0.0,0,722.0,729.0,731.0,0.0,0.0,,timeout,0.0,1025,10.25,21,10.25,21.0,15.875,0.0,0,0,0.0,False
sparse_er_200_p05_ablation,1,200,1025,10.25,half_mean_deg,5.125,none,random_rounding,0.0,ideal,detuning_ablation,8,graph,50.0,50.0,0,0,1802,0.9730024337768555,0.0,0,722.0,726.0,731.0,0.0,0.0,,timeout,0.0,1025,10.25,21,10.25,21.0,15.875,0.0,0,0,0.0,False
sparse_er_200_p05_ablation,1,200,1025,10.25,half_mean_deg,5.125,none,random_rounding,0.0,ideal,detuning_ablation,9,graph,50.0,50.0,0,0,1982,1.1204922199249268,0.0,0,709.0,725.0,730.0,0.0,0.0,,timeout,0.0,1025,10.25,21,10.25,21.0,15.875,0.0,0,0,0.0,False
sparse_er_200_p05_ablation,1,200,1025,10.25,half_mean_deg,5.125,none,greedy,0.0,ideal,detuning_ablation,0,graph,50.0,50.0,0,0,0,0.0009038448333740234,0.0,0,688.0,688.0,688.0,0.0,0.0,,timeout,0.0,0,0.0,0,0.0,0.0,0.0,0.0,0,0,0.0,False
sparse_er_200_p05_ablation,1,200,1025,10.25,half_mean_deg,5.125,none,greedy,0.0,ideal,detuning_ablation,1,graph,50.0,50.0,0,0,0,0.0008060932159423828,0.0,0,705.0,705.0,705.0,0.0,0.0,,timeout,0.0,0,0.0,0,0.0,0.0,0.0,0.0,0,0,0.0,False
sparse_er_200_p05_ablation,1,200,1025,10.25,half_mean_deg,5.125,none,greedy,0.0,ideal,detuning_ablation,2,graph,50.0,50.0,0,0,0,0.0008068084716796875,0.0,0,702.0,702.0,702.0,0.0,0.0,,timeout,0.0,0,0.0,0,0.0,0.0,0.0,0.0,0,0,0.0,False
sparse_er_200_p05_ablation,1,200,1025,10.25,half_mean_deg,5.125,none,greedy,0.0,ideal,detuning_ablation,3,graph,50.0,50.0,0,0,0,0.0010006427764892578,0.0,0,710.0,710.0,710.0,0.0,0.0,,timeout,0.0,0,0.0,0,0.0,0.0,0.0,0.0,0,0,0.0,False
sparse_er_200_p05_ablation,1,200,1025,10.25,half_mean_deg,5.125,none,greedy,0.0,ideal,detuning_ablation,4,graph,50.0,50.0,0,0,0,0.0008835792541503906,0.0,0,689.0,689.0,689.0,0.0,0.0,,timeout,0.0,0,0.0,0,0.0,0.0,0.0,0.0,0,0,0.0,False
sparse_er_200_p05_ablation,1,200,1025,10.25,half_mean_deg,5.125,none,greedy,0.0,ideal,detuning_ablation,5,graph,50.0,50.0,0,0,0,0.001519918441772461,0.0,0,714.0,714.0,714.0,0.0,0.0,,timeout,0.0,0,0.0,0,0.0,0.0,0.0,0.0,0,0,0.0,False
sparse_er_200_p05_ablation,1,200,1025,10.25,half_mean_deg,5.125,none,greedy,0.0,ideal,detuning_ablation,6,graph,50.0,50.0,0,0,0,0.0008943080902099609,0.0,0,698.0,698.0,698.0,0.0,0.0,,timeout,0.0,0,0.0,0,0.0,0.0,0.0,0.0,0,0,0.0,False
sparse_er_200_p05_ablation,1,200,1025,10.25,half_mean_deg,5.125,none,greedy,0.0,ideal,detuning_ablation,7,graph,50.0,50.0,0,0,0,0.0010135173797607422,0.0,0,696.0,696.0,696.0,0.0,0.0,,timeout,0.0,0,0.0,0,0.0,0.0,0.0,0.0,0,0,0.0,False
sparse_er_200_p05_ablation,1,200,1025,10.25,half_mean_deg,5.125,none,greedy,0.0,ideal,detuning_ablation,8,graph,50.0,50.0,0,0,0,0.0009491443634033203,0.0,0,708.0,708.0,708.0,0.0,0.0,,timeout,0.0,0,0.0,0,0.0,0.0,0.0,0.0,0,0,0.0,False
sparse_er_200_p05_ablation,1,200,1025,10.25,half_mean_deg,5.125,none,greedy,0.0,ideal,detuning_ablation,9,graph,50.0,50.0,0,0,0,0.0009429454803466797,0.0,0,710.0,710.0,710.0,0.0,0.0,,timeout,0.0,0,0.0,0,0.0,0.0,0.0,0.0,0,0,0.0,False
sparse_er_200_p05_ablation,1,200,1025,10.25,half_mean_deg,5.125,none,static_projected,0.0,ideal,detuning_ablation,0,graph,50.0,50.0,0,1,1082,0.6416807174682617,0.06318902969360352,1,686.0,714.0,723.0,0.0,0.0,,timeout,0.0,1024,10.24,21,4.94651536923853,5.125000000000002,1.7763568394002505e-15,0.0,0,0,0.0,False
sparse_er_200_p05_ablation,1,200,1025,10.25,half_mean_deg,5.125,none,static_projected,0.0,ideal,detuning_ablation,1,graph,50.0,50.0,0,1,1070,0.654775857925415,0.08680105209350586,1,707.0,709.0,725.0,0.0,0.0,,timeout,0.0,1024,10.24,21,4.94651536923853,5.125000000000002,1.7763568394002505e-15,0.0,0,0,0.0,False
sparse_er_200_p05_ablation,1,200,1025,10.25,half_mean_deg,5.125,none,static_projected,0.0,ideal,detuning_ablation,2,graph,50.0,50.0,0,1,1058,0.6571550369262695,0.07420182228088379,1,715.0,717.0,726.0,0.0,0.0,,timeout,0.0,1024,10.24,21,4.94651536923853,5.125000000000002,1.7763568394002505e-15,0.0,0,0,0.0,False
sparse_er_200_p05_ablation,1,200,1025,10.25,half_mean_deg,5.125,none,static_projected,0.0,ideal,detuning_ablation,3,graph,50.0,50.0,0,1,1130,0.689192533493042,0.07646775245666504,1,711.0,716.0,720.0,0.0,0.0,,timeout,0.0,1024,10.24,21,4.94651536923853,5.125000000000002,1.7763568394002505e-15,0.0,0,0,0.0,False
sparse_er_200_p05_ablation,1,200,1025,10.25,half_mean_deg,5.125,none,static_projected,0.0,ideal,detuning_ablation,4,graph,50.0,50.0,0,1,1058,0.6266682147979736,0.07827210426330566,1,696.0,725.0,725.0,0.0,0.0,,timeout,0.0,1024,10.24,21,4.94651536923853,5.125000000000002,1.7763568394002505e-15,0.0,0,0,0.0,False
sparse_er_200_p05_ablation,1,200,1025,10.25,half_mean_deg,5.125,none,static_projected,0.0,ideal,detuning_ablation,5,graph,50.0,50.0,0,1,1034,0.6380336284637451,0.07875967025756836,1,706.0,710.0,726.0,0.0,0.0,,timeout,0.0,1024,10.24,21,4.94651536923853,5.125000000000002,1.7763568394002505e-15,0.0,0,0,0.0,False
sparse_er_200_p05_ablation,1,200,1025,10.25,half_mean_deg,5.125,none,static_projected,0.0,ideal,detuning_ablation,6,graph,50.0,50.0,0,1,1166,0.7338223457336426,0.06228375434875488,1,701.0,715.0,723.0,0.0,0.0,,timeout,0.0,1024,10.24,21,4.94651536923853,5.125000000000002,1.7763568394002505e-15,0.0,0,0,0.0,False
sparse_er_200_p05_ablation,1,200,1025,10.25,half_mean_deg,5.125,none,static_projected,0.0,ideal,detuning_ablation,7,graph,50.0,50.0,0,1,1142,0.6734578609466553,0.0718238353729248,1,721.0,721.0,727.0,0.0,0.0,,timeout,0.0,1024,10.24,21,4.94651536923853,5.125000000000002,1.7763568394002505e-15,0.0,0,0,0.0,False
sparse_er_200_p05_ablation,1,200,1025,10.25,half_mean_deg,5.125,none,static_projected,0.0,ideal,detuning_ablation,8,graph,50.0,50.0,0,1,1154,0.6750514507293701,0.0657188892364502,1,698.0,721.0,732.0,0.0,0.0,,timeout,0.0,1024,10.24,21,4.94651536923853,5.125000000000002,1.7763568394002505e-15,0.0,0,0,0.0,False
sparse_er_200_p05_ablation,1,200,1025,10.25,half_mean_deg,5.125,none,static_projected,0.0,ideal,detuning_ablation,9,graph,50.0,50.0,0,1,1190,0.692432165145874,0.07850527763366699,1,703.0,711.0,723.0,0.0,0.0,,timeout,0.0,1024,10.24,21,4.94651536923853,5.125000000000002,1.7763568394002505e-15,0.0,0,0,0.0,False
sparse_er_200_p05_ablation,1,200,1025,10.25,half_mean_deg,5.125,none,static_budgeted,0.0,ideal,detuning_ablation,0,graph,50.0,50.0,0,1,1226,0.7204594612121582,0.06001543998718262,1,711.0,711.0,726.0,0.0,0.0,,timeout,0.0,748,7.48,15,4.840866492514809,5.1250000000009415,9.414691248821327e-13,0.0,0,0,0.0,False
sparse_er_200_p05_ablation,1,200,1025,10.25,half_mean_deg,5.125,none,static_budgeted,0.0,ideal,detuning_ablation,1,graph,50.0,50.0,0,1,1130,0.6682438850402832,0.07215332984924316,1,685.0,687.0,710.0,0.0,0.0,,timeout,0.0,753,7.53,15,4.8609742326229926,5.125000000000726,7.256417688950023e-13,0.0,0,0,0.0,False
sparse_er_200_p05_ablation,1,200,1025,10.25,half_mean_deg,5.125,none,static_budgeted,0.0,ideal,detuning_ablation,2,graph,50.0,50.0,0,1,1250,0.6976914405822754,0.06021714210510254,1,685.0,687.0,709.0,0.0,0.0,,timeout,0.0,753,7.53,14,4.867963986667004,5.125000000000001,8.881784197001252e-16,0.0,0,0,0.0,False
sparse_er_200_p05_ablation,1,200,1025,10.25,half_mean_deg,5.125,none,static_budgeted,0.0,ideal,detuning_ablation,3,graph,50.0,50.0,0,1,1070,0.6811263561248779,0.08744406700134277,1,678.0,686.0,711.0,0.0,0.0,,timeout,0.0,747,7.47,15,4.827181972049917,5.125000000000001,8.881784197001252e-16,0.0,0,0,0.0,False
sparse_er_200_p05_ablation,1,200,1025,10.25,half_mean_deg,5.125,none,static_budgeted,0.0,ideal,detuning_ablation,4,graph,50.0,50.0,0,1,998,0.6306638717651367,0.07370591163635254,1,686.0,697.0,719.0,0.0,0.0,,timeout,0.0,755,7.55,14,4.878920891482337,5.125000000000001,8.881784197001252e-16,0.0,0,0,0.0,False
sparse_er_200_p05_ablation,1,200,1025,10.25,half_mean_deg,5.125,none,static_budgeted,0.0,ideal,detuning_ablation,5,graph,50.0,50.0,0,1,1022,0.5685975551605225,0.05509805679321289,1,667.0,688.0,720.0,0.0,0.0,,timeout,0.0,754,7.54,16,4.826902575388594,5.125000000000001,8.881784197001252e-16,0.0,0,0,0.0,False
sparse_er_200_p05_ablation,1,200,1025,10.25,half_mean_deg,5.125,none,static_budgeted,0.0,ideal,detuning_ablation,6,graph,50.0,50.0,0,1,1226,0.7672848701477051,0.06323409080505371,1,678.0,697.0,718.0,0.0,0.0,,timeout,0.0,756,7.56,17,4.922224391705329,5.125000000000001,8.881784197001252e-16,0.0,0,0,0.0,False
sparse_er_200_p05_ablation,1,200,1025,10.25,half_mean_deg,5.125,none,static_budgeted,0.0,ideal,detuning_ablation,7,graph,50.0,50.0,0,1,1274,0.8663814067840576,0.18314719200134277,1,668.0,688.0,707.0,0.0,0.0,,timeout,0.0,735,7.35,16,4.824535421521796,5.125000000000002,1.7763568394002505e-15,0.0,0,0,0.0,False
sparse_er_200_p05_ablation,1,200,1025,10.25,half_mean_deg,5.125,none,static_budgeted,0.0,ideal,detuning_ablation,8,graph,50.0,50.0,0,1,1094,0.7032046318054199,0.07893228530883789,1,677.0,695.0,707.0,0.0,0.0,,timeout,0.0,745,7.45,15,4.816101926810301,5.125000000000001,8.881784197001252e-16,0.0,0,0,0.0,False
sparse_er_200_p05_ablation,1,200,1025,10.25,half_mean_deg,5.125,none,static_budgeted,0.0,ideal,detuning_ablation,9,graph,50.0,50.0,0,1,1118,0.6883502006530762,0.07867169380187988,1,666.0,691.0,723.0,0.0,0.0,,timeout,0.0,751,7.51,16,4.829517215818267,5.125000000000001,8.881784197001252e-16,0.0,0,0,0.0,False
sparse_er_200_p05_ablation,1,200,1025,10.25,half_mean_deg,5.125,none,random_budgeted,0.0,ideal,detuning_ablation,0,graph,50.0,50.0,0,1,1118,0.6469507217407227,0.031821250915527344,1,700.0,711.0,728.0,0.0,0.0,,timeout,0.0,999,9.99,18,4.168630164717334,5.125000000000177,1.7674750552032492e-13,0.0,0,0,0.0,False
sparse_er_200_p05_ablation,1,200,1025,10.25,half_mean_deg,5.125,none,random_budgeted,0.0,ideal,detuning_ablation,1,graph,50.0,50.0,0,1,1022,0.623460054397583,0.04452085494995117,1,705.0,707.0,717.0,0.0,0.0,,timeout,0.0,1000,10.0,18,4.162280763435543,5.125000000000832,8.322231792590173e-13,0.0,0,0,0.0,False
sparse_er_200_p05_ablation,1,200,1025,10.25,half_mean_deg,5.125,none,random_budgeted,0.0,ideal,detuning_ablation,2,graph,50.0,50.0,0,1,1046,0.5898993015289307,0.04683184623718262,1,688.0,714.0,724.0,0.0,0.0,,timeout,0.0,1007,10.07,19,4.151722041065438,5.1250000000004245,4.2454928461665986e-13,0.0,0,0,0.0,False
sparse_er_200_p05_ablation,1,200,1025,10.25,half_mean_deg,5.125,none,random_budgeted,0.0,ideal,detuning_ablation,3,graph,50.0,50.0,0,1,1094,0.6162934303283691,0.037215232849121094,1,696.0,709.0,724.0,0.0,0.0,,timeout,0.0,1003,10.03,19,4.192745738617728,5.125000000000723,7.229772336359019e-13,0.0,0,0,0.0,False
sparse_er_200_p05_ablation,1,200,1025,10.25,half_mean_deg,5.125,none,random_budgeted,0.0,ideal,detuning_ablation,4,graph,50.0,50.0,0,1,1118,0.6254587173461914,0.04524636268615723,1,697.0,706.0,726.0,0.0,0.0,,timeout,0.0,1006,10.06,18,4.175503004947053,5.12500000000024,2.398081733190338e-13,0.0,0,0,0.0,False
sparse_er_200_p05_ablation,1,200,1025,10.25,half_mean_deg,5.125,none,random_budgeted,0.0,ideal,detuning_ablation,5,graph,50.0,50.0,0,1,998,0.5795471668243408,0.04610133171081543,1,705.0,710.0,726.0,0.0,0.0,,timeout,0.0,999,9.99,18,4.194481053945526,5.125,0.0,0.0,0,0,0.0,False
sparse_er_200_p05_ablation,1,200,1025,10.25,half_mean_deg,5.125,none,random_budgeted,0.0,ideal,detuning_ablation,6,graph,50.0,50.0,0,1,998,0.560722827911377,0.04336047172546387,1,674.0,705.0,713.0,0.0,0.0,,timeout,0.0,998,9.98,19,4.105493363750655,5.125000000000327,3.268496584496461e-13,0.0,0,0,0.0,False
sparse_er_200_p05_ablation,1,200,1025,10.25,half_mean_deg,5.125,none,random_budgeted,0.0,ideal,detuning_ablation,7,graph,50.0,50.0,0,1,1178,0.7209827899932861,0.04446744918823242,1,689.0,699.0,712.0,0.0,0.0,,timeout,0.0,995,9.95,17,4.214218701736397,5.125000000000186,1.8562928971732617e-13,0.0,0,0,0.0,False
sparse_er_200_p05_ablation,1,200,1025,10.25,half_mean_deg,5.125,none,random_budgeted,0.0,ideal,detuning_ablation,8,graph,50.0,50.0,0,1,1178,0.6532464027404785,0.04322957992553711,1,705.0,705.0,711.0,0.0,0.0,,timeout,0.0,994,9.94,19,4.135119497708818,5.125000000000586,5.861977570020827e-13,0.0,0,0,0.0,False
sparse_er_200_p05_ablation,1,200,1025,10.25,half_mean_deg,5.125,none,random_budgeted,0.0,ideal,detuning_ablation,9,graph,50.0,50.0,0,1,1034,0.5805060863494873,0.04307389259338379,1,685.0,693.0,722.0,0.0,0.0,,timeout,0.0,996,9.96,18,4.205138285923742,5.125000000000702,7.016609515630989e-13,0.0,0,0,0.0,False
sparse_er_200_p05_ablation,1,200,1025,10.25,half_mean_deg,5.125,none,learned_support_random_weights,0.0,ideal,detuning_ablation,0,hebbian_seed0,50.0,50.0,0,1,1058,0.523564338684082,0.016325712203979492,1,647.0,655.0,683.0,0.0,0.0,,timeout,0.0,642,6.42,13,3.1578723970771336,5.125000000000001,8.881784197001252e-16,0.0,0,0,0.0,False
sparse_er_200_p05_ablation,1,200,1025,10.25,half_mean_deg,5.125,none,learned_support_random_weights,0.0,ideal,detuning_ablation,1,hebbian_seed0,50.0,50.0,0,1,902,0.44362378120422363,0.01711440086364746,1,635.0,647.0,693.0,0.0,0.0,,timeout,0.0,642,6.42,13,3.172610778154146,5.125000000000001,8.881784197001252e-16,0.0,0,0,0.0,False
sparse_er_200_p05_ablation,1,200,1025,10.25,half_mean_deg,5.125,none,learned_support_random_weights,0.0,ideal,detuning_ablation,2,hebbian_seed0,50.0,50.0,0,1,926,0.4958775043487549,0.01863265037536621,1,648.0,648.0,693.0,0.0,0.0,,timeout,0.0,642,6.42,13,3.0855527710082513,5.125000000000001,8.881784197001252e-16,0.0,0,0,0.0,False
sparse_er_200_p05_ablation,1,200,1025,10.25,half_mean_deg,5.125,none,learned_support_random_weights,0.0,ideal,detuning_ablation,3,hebbian_seed0,50.0,50.0,0,1,938,0.48537755012512207,0.01576089859008789,1,637.0,647.0,693.0,0.0,0.0,,timeout,0.0,639,6.39,12,3.2006999519769215,5.125000000000002,1.7763568394002505e-15,0.0,0,0,0.0,False
sparse_er_200_p05_ablation,1,200,1025,10.25,half_mean_deg,5.125,none,learned_support_random_weights,0.0,ideal,detuning_ablation,4,hebbian_seed0,50.0,50.0,0,1,1034,0.5394718647003174,0.017028331756591797,1,647.0,649.0,692.0,0.0,0.0,,timeout,0.0,642,6.42,13,3.056530023423442,5.125000000000002,1.7763568394002505e-15,0.0,0,0,0.0,False
sparse_er_200_p05_ablation,1,200,1025,10.25,half_mean_deg,5.125,none,learned_support_random_weights,0.0,ideal,detuning_ablation,5,hebbian_seed0,50.0,50.0,0,1,998,0.49417972564697266,0.017258405685424805,1,647.0,647.0,693.0,0.0,0.0,,timeout,0.0,640,6.4,12,3.1460629459628655,5.125000000000001,8.881784197001252e-16,0.0,0,0,0.0,False
sparse_er_200_p05_ablation,1,200,1025,10.25,half_mean_deg,5.125,none,learned_support_random_weights,0.0,ideal,detuning_ablation,6,hebbian_seed0,50.0,50.0,0,1,1058,0.6010482311248779,0.022052764892578125,1,647.0,649.0,688.0,0.0,0.0,,timeout,0.0,640,6.4,13,3.1364619059939383,5.125000000000009,8.881784197001252e-15,0.0,0,0,0.0,False
sparse_er_200_p05_ablation,1,200,1025,10.25,half_mean_deg,5.125,none,learned_support_random_weights,0.0,ideal,detuning_ablation,7,hebbian_seed0,50.0,50.0,0,1,1022,0.5153908729553223,0.02252340316772461,1,647.0,647.0,693.0,0.0,0.0,,timeout,0.0,642,6.42,13,3.17573943414106,5.125,0.0,0.0,0,0,0.0,False
sparse_er_200_p05_ablation,1,200,1025,10.25,half_mean_deg,5.125,none,learned_support_random_weights,0.0,ideal,detuning_ablation,8,hebbian_seed0,50.0,50.0,0,1,950,0.4709482192993164,0.01587224006652832,1,648.0,648.0,694.0,0.0,0.0,,timeout,0.0,641,6.41,13,3.1076598311336228,5.125000000000009,8.881784197001252e-15,0.0,0,0,0.0,False
sparse_er_200_p05_ablation,1,200,1025,10.25,half_mean_deg,5.125,none,learned_support_random_weights,0.0,ideal,detuning_ablation,9,hebbian_seed0,50.0,50.0,0,1,1046,0.5422847270965576,0.016428709030151367,1,638.0,650.0,691.0,0.0,0.0,,timeout,0.0,642,6.42,13,3.1365344449869412,5.125000000000002,1.7763568394002505e-15,0.0,0,0,0.0,False
sparse_er_200_p05_ablation,1,200,1025,10.25,half_mean_deg,5.125,none,topology_scrambled,0.0,ideal,detuning_ablation,0,graph,50.0,50.0,100,101,3788,85.3169732093811,83.12633633613586,101,515.0,522.0,706.0,0.0,0.0,,timeout,0.0,475,4.75,9,5.124964878644599,5.125000000000001,8.881784197001252e-16,0.0,0,0,-465.2356919354177,False
sparse_er_200_p05_ablation,1,200,1025,10.25,half_mean_deg,5.125,none,topology_scrambled,0.0,ideal,detuning_ablation,1,graph,50.0,50.0,100,101,3632,70.24221324920654,68.29111385345459,101,497.0,497.0,687.0,0.0,0.0,,timeout,0.0,587,5.87,12,5.124999999999764,5.125000000000001,8.881784197001252e-16,0.0,0,0,-479.9341465776796,False
sparse_er_200_p05_ablation,1,200,1025,10.25,half_mean_deg,5.125,none,topology_scrambled,0.0,ideal,detuning_ablation,2,graph,50.0,50.0,100,101,2960,85.67919707298279,84.0655300617218,101,525.0,528.0,702.0,0.0,0.0,,timeout,0.0,548,5.48,12,5.119889608566682,5.125000000000001,8.881784197001252e-16,0.0,0,0,-475.88165475469634,False
sparse_er_200_p05_ablation,1,200,1025,10.25,half_mean_deg,5.125,none,topology_scrambled,0.0,ideal,detuning_ablation,3,graph,50.0,50.0,100,101,3404,62.94310808181763,61.105823040008545,101,521.0,521.0,696.0,0.0,0.0,,timeout,0.0,570,5.7,12,5.124999999999996,5.125000000000567,5.666578317686799e-13,0.0,0,0,-478.2164390094523,False
sparse_er_200_p05_ablation,1,200,1025,10.25,half_mean_deg,5.125,none,topology_scrambled,0.0,ideal,detuning_ablation,4,graph,50.0,50.0,100,101,3212,87.3672981262207,85.50042867660522,101,512.0,538.0,691.0,0.0,0.0,,timeout,0.0,479,4.79,11,5.124627079396276,5.125000000000001,8.881784197001252e-16,0.0,0,3,-464.9784270392917,False
sparse_er_200_p05_ablation,1,200,1025,10.25,half_mean_deg,5.125,none,topology_scrambled,0.0,ideal,detuning_ablation,5,graph,50.0,50.0,100,101,3296,81.88054060935974,80.02101039886475,101,567.0,567.0,699.0,0.0,0.0,,timeout,0.0,578,5.78,12,5.118264705918418,5.125000000000001,8.881784197001252e-16,0.0,0,0,-473.96243115068273,False
sparse_er_200_p05_ablation,1,200,1025,10.25,half_mean_deg,5.125,none,topology_scrambled,0.0,ideal,detuning_ablation,6,graph,50.0,50.0,100,101,3560,78.36071610450745,76.41221213340759,101,502.0,526.0,685.0,0.0,0.0,,timeout,0.0,581,5.81,14,5.124999999999789,5.125000000000001,8.881784197001252e-16,0.0,0,0,-478.0208351431077,False
sparse_er_200_p05_ablation,1,200,1025,10.25,half_mean_deg,5.125,none,topology_scrambled,0.0,ideal,detuning_ablation,7,graph,50.0,50.0,100,101,3284,84.03457903862,82.17009949684143,101,511.0,521.0,700.0,0.0,0.0,,timeout,0.0,466,4.66,9,5.124922328128934,5.125000000000002,1.7763568394002505e-15,0.0,0,12,-465.9627301895001,False
sparse_er_200_p05_ablation,1,200,1025,10.25,half_mean_deg,5.125,none,topology_scrambled,0.0,ideal,detuning_ablation,8,graph,50.0,50.0,100,101,3236,88.60648846626282,86.81649899482727,101,517.0,523.0,695.0,0.0,0.0,,timeout,0.0,517,5.17,10,5.124168738270239,5.125000000000002,1.7763568394002505e-15,0.0,0,28,-468.6367965246252,False
sparse_er_200_p05_ablation,1,200,1025,10.25,half_mean_deg,5.125,none,topology_scrambled,0.0,ideal,detuning_ablation,9,graph,50.0,50.0,100,101,3032,76.47990036010742,74.78345394134521,101,516.0,519.0,695.0,0.0,0.0,,timeout,0.0,590,5.9,12,5.124999999999559,5.125000000000002,1.7763568394002505e-15,0.0,0,0,-477.1168838886311,False
sparse_er_200_p05_ablation,1,200,1025,10.25,half_mean_deg,5.125,sinkhorn,hebbian_sinkhorn,0.0,ideal,detuning_ablation,0,graph,50.0,50.0,100,100,2972,2.039149045944214,0.0,0,630.0,630.0,680.0,0.0,0.0,,timeout,0.0,630,6.3,13,4.824420183904766,5.125000000000001,8.881784197001252e-16,0.0,0,0,-457.825274692181,False
sparse_er_200_p05_ablation,1,200,1025,10.25,half_mean_deg,5.125,sinkhorn,hebbian_sinkhorn,0.0,ideal,detuning_ablation,1,graph,50.0,50.0,100,100,2828,1.8435864448547363,0.0,0,640.0,641.0,688.0,0.0,0.0,,timeout,0.0,640,6.4,15,4.792684712873576,5.125000000000001,8.881784197001252e-16,0.0,0,0,-455.6841138204437,False
sparse_er_200_p05_ablation,1,200,1025,10.25,half_mean_deg,5.125,sinkhorn,hebbian_sinkhorn,0.0,ideal,detuning_ablation,2,graph,50.0,50.0,100,100,2852,1.8459763526916504,0.0,0,652.0,652.0,697.0,0.0,0.0,,timeout,0.0,652,6.52,13,4.784873150481971,5.125000000000001,8.881784197001252e-16,0.0,0,8,-455.9905097374024,False
sparse_er_200_p05_ablation,1,200,1025,10.25,half_mean_deg,5.125,sinkhorn,hebbian_sinkhorn,0.0,ideal,detuning_ablation,3,graph,50.0,50.0,100,100,2684,1.8402860164642334,0.0,0,598.0,627.0,693.0,0.0,0.0,,timeout,0.0,624,6.24,12,4.73076114887862,5.125000000000001,8.881784197001252e-16,0.0,0,7,-449.23590775063377,False
sparse_er_200_p05_ablation,1,200,1025,10.25,half_mean_deg,5.125,sinkhorn,hebbian_sinkhorn,0.0,ideal,detuning_ablation,4,graph,50.0,50.0,100,100,3020,1.987863302230835,0.0,0,617.0,620.0,698.0,0.0,0.0,,timeout,0.0,617,6.17,14,4.769808556321778,5.125000000000001,8.881784197001252e-16,0.0,0,15,-453.11099159249477,False
sparse_er_200_p05_ablation,1,200,1025,10.25,half_mean_deg,5.125,sinkhorn,hebbian_sinkhorn,0.0,ideal,detuning_ablation,5,graph,50.0,50.0,100,100,2744,1.7594795227050781,0.0,0,635.0,639.0,691.0,0.0,0.0,,timeout,0.0,635,6.35,12,4.783905741889871,5.125000000000001,8.881784197001252e-16,0.0,0,10,-454.6598589872606,False
sparse_er_200_p05_ablation,1,200,1025,10.25,half_mean_deg,5.125,sinkhorn,hebbian_sinkhorn,0.0,ideal,detuning_ablation,6,graph,50.0,50.0,100,100,2744,1.8336584568023682,0.0,0,665.0,665.0,712.0,0.0,0.0,,timeout,0.0,665,6.65,14,4.757374317277923,5.125000000000001,8.881784197001252e-16,0.0,0,10,-452.72095701110374,False
sparse_er_200_p05_ablation,1,200,1025,10.25,half_mean_deg,5.125,sinkhorn,hebbian_sinkhorn,0.0,ideal,detuning_ablation,7,graph,50.0,50.0,100,100,2816,1.875373125076294,0.0,0,652.0,652.0,691.0,0.0,0.0,,timeout,0.0,652,6.52,13,4.772194573226306,5.125000000000002,1.7763568394002505e-15,0.0,0,0,-454.31225749322215,False
sparse_er_200_p05_ablation,1,200,1025,10.25,half_mean_deg,5.125,sinkhorn,hebbian_sinkhorn,0.0,ideal,detuning_ablation,8,graph,50.0,50.0,100,100,2744,1.812741994857788,0.0,0,621.0,633.0,706.0,0.0,0.0,,timeout,0.0,633,6.33,12,4.791753551050871,5.125000000000001,8.881784197001252e-16,0.0,0,0,-455.30342596514635,False
sparse_er_200_p05_ablation,1,200,1025,10.25,half_mean_deg,5.125,sinkhorn,hebbian_sinkhorn,0.0,ideal,detuning_ablation,9,graph,50.0,50.0,100,100,2888,2.0261199474334717,0.0,0,591.0,639.0,692.0,0.0,0.0,,timeout,0.0,639,6.39,12,4.7831883803222235,5.125000000000001,8.881784197001252e-16,0.0,0,10,-454.2161023037993,False
sparse_er_200_p05_ablation,1,200,1025,10.25,half_mean_deg,5.125,sinkhorn,hybrid_sinkhorn,0.0,ideal,detuning_ablation,0,graph,50.0,50.0,100,100,3898,2.29772686958313,0.0,0,630.0,633.0,683.0,0.0,0.0,,timeout,0.0,630,6.3,13,4.824420183904766,5.125000000000001,8.881784197001252e-16,0.0,0,0,-457.825274692181,False
sparse_er_200_p05_ablation,1,200,1025,10.25,half_mean_deg,5.125,sinkhorn,hybrid_sinkhorn,0.0,ideal,detuning_ablation,1,graph,50.0,50.0,100,100,3778,2.331890344619751,0.0,0,640.0,641.0,692.0,0.0,0.0,,timeout,0.0,640,6.4,15,4.792684712873576,5.125000000000001,8.881784197001252e-16,0.0,0,0,-455.6841138204437,False
sparse_er_200_p05_ablation,1,200,1025,10.25,half_mean_deg,5.125,sinkhorn,hybrid_sinkhorn,0.0,ideal,detuning_ablation,2,graph,50.0,50.0,100,100,3826,2.165194034576416,0.0,0,652.0,652.0,697.0,0.0,0.0,,timeout,0.0,652,6.52,13,4.784873150481971,5.125000000000001,8.881784197001252e-16,0.0,0,8,-455.9905097374024,False
sparse_er_200_p05_ablation,1,200,1025,10.25,half_mean_deg,5.125,sinkhorn,hybrid_sinkhorn,0.0,ideal,detuning_ablation,3,graph,50.0,50.0,100,100,3598,2.1878600120544434,0.0,0,571.0,629.0,686.0,0.0,0.0,,timeout,0.0,624,6.24,12,4.73076114887862,5.125000000000001,8.881784197001252e-16,0.0,0,7,-449.23590775063377,False
sparse_er_200_p05_ablation,1,200,1025,10.25,half_mean_deg,5.125,sinkhorn,hybrid_sinkhorn,0.0,ideal,detuning_ablation,4,graph,50.0,50.0,100,100,3982,2.5114800930023193,0.0,0,617.0,617.0,698.0,0.0,0.0,,timeout,0.0,617,6.17,14,4.769808556321778,5.125000000000001,8.881784197001252e-16,0.0,0,15,-453.11099159249477,False
sparse_er_200_p05_ablation,1,200,1025,10.25,half_mean_deg,5.125,sinkhorn,hybrid_sinkhorn,0.0,ideal,detuning_ablation,5,graph,50.0,50.0,100,100,3670,2.2642996311187744,0.0,0,635.0,635.0,691.0,0.0,0.0,,timeout,0.0,635,6.35,12,4.783905741889871,5.125000000000001,8.881784197001252e-16,0.0,0,10,-454.6598589872606,False
sparse_er_200_p05_ablation,1,200,1025,10.25,half_mean_deg,5.125,sinkhorn,hybrid_sinkhorn,0.0,ideal,detuning_ablation,6,graph,50.0,50.0,100,100,3670,2.3825020790100098,0.0,0,670.0,670.0,712.0,0.0,0.0,,timeout,0.0,665,6.65,14,4.757374317277923,5.125000000000001,8.881784197001252e-16,0.0,0,10,-452.72095701110374,False
sparse_er_200_p05_ablation,1,200,1025,10.25,half_mean_deg,5.125,sinkhorn,hybrid_sinkhorn,0.0,ideal,detuning_ablation,7,graph,50.0,50.0,100,100,3778,2.2590277194976807,0.0,0,631.0,653.0,686.0,0.0,0.0,,timeout,0.0,652,6.52,13,4.772194573226306,5.125000000000002,1.7763568394002505e-15,0.0,0,0,-454.31225749322215,False
sparse_er_200_p05_ablation,1,200,1025,10.25,half_mean_deg,5.125,sinkhorn,hybrid_sinkhorn,0.0,ideal,detuning_ablation,8,graph,50.0,50.0,100,100,3694,2.2928659915924072,0.0,0,620.0,633.0,706.0,0.0,0.0,,timeout,0.0,633,6.33,12,4.791753551050871,5.125000000000001,8.881784197001252e-16,0.0,0,0,-455.30342596514635,False
sparse_er_200_p05_ablation,1,200,1025,10.25,half_mean_deg,5.125,sinkhorn,hybrid_sinkhorn,0.0,ideal,detuning_ablation,9,graph,50.0,50.0,100,100,3826,2.3863348960876465,0.0,0,639.0,639.0,692.0,0.0,0.0,,timeout,0.0,639,6.39,12,4.7831883803222235,5.125000000000001,8.881784197001252e-16,0.0,0,10,-454.2161023037993,False
sparse_er_200_p05_ablation,1,200,1025,10.25,half_mean_deg,5.125,frobenius,hebbian_frobenius,0.0,ideal,detuning_ablation,0,graph,50.0,50.0,100,101,2948,58.29918837547302,56.81126403808594,101,622.0,625.0,694.0,0.0,0.0,,timeout,0.0,612,6.12,12,5.073749999995297,5.125000000000001,8.881784197001252e-16,0.0,0,43,-478.1137965863875,False
sparse_er_200_p05_ablation,1,200,1025,10.25,half_mean_deg,5.125,frobenius,hebbian_frobenius,0.0,ideal,detuning_ablation,1,graph,50.0,50.0,100,101,2972,35.969706296920776,34.4562623500824,101,638.0,643.0,709.0,0.0,0.0,,timeout,0.0,627,6.27,14,5.1250000000000036,5.125000000000915,9.14823772291129e-13,0.0,0,0,-482.74224239760974,False
sparse_er_200_p05_ablation,1,200,1025,10.25,half_mean_deg,5.125,frobenius,hebbian_frobenius,0.0,ideal,detuning_ablation,2,graph,50.0,50.0,100,101,3380,74.31042098999023,72.5706958770752,101,652.0,654.0,703.0,0.0,0.0,,timeout,0.0,641,6.41,12,5.124999999999961,5.125000000000788,7.878142582740111e-13,0.0,0,0,-482.173498740126,False
sparse_er_200_p05_ablation,1,200,1025,10.25,half_mean_deg,5.125,frobenius,hebbian_frobenius,0.0,ideal,detuning_ablation,3,graph,50.0,50.0,100,101,3020,57.45520877838135,55.91224193572998,101,605.0,622.0,711.0,0.0,0.0,,timeout,0.0,602,6.02,12,5.124999999999751,5.125000000000001,8.881784197001252e-16,0.0,0,0,-480.3206458065275,False
sparse_er_200_p05_ablation,1,200,1025,10.25,half_mean_deg,5.125,frobenius,hebbian_frobenius,0.0,ideal,detuning_ablation,4,graph,50.0,50.0,100,101,3248,49.87947463989258,48.20265030860901,101,605.0,605.0,671.0,0.0,0.0,,timeout,0.0,597,5.97,12,5.124999999999642,5.125000000000001,8.881784197001252e-16,0.0,0,0,-481.9638181595865,False
sparse_er_200_p05_ablation,1,200,1025,10.25,half_mean_deg,5.125,frobenius,hebbian_frobenius,0.0,ideal,detuning_ablation,5,graph,50.0,50.0,100,101,3260,69.71866202354431,68.05097675323486,101,660.0,660.0,701.0,0.0,0.0,,timeout,0.0,643,6.43,13,5.124999999999993,5.12500000000035,3.4994229736184934e-13,0.0,0,0,-481.66793259056925,False
sparse_er_200_p05_ablation,1,200,1025,10.25,half_mean_deg,5.125,frobenius,hebbian_frobenius,0.0,ideal,detuning_ablation,6,graph,50.0,50.0,100,101,2996,92.46342396736145,90.89694285392761,101,622.0,648.0,712.0,0.0,0.0,,timeout,0.0,581,5.81,12,5.124998254736028,5.125000000000001,8.881784197001252e-16,0.0,0,28,-475.86191109046473,False
sparse_er_200_p05_ablation,1,200,1025,10.25,half_mean_deg,5.125,frobenius,hebbian_frobenius,0.0,ideal,detuning_ablation,7,graph,50.0,50.0,100,101,3212,82.18691635131836,80.48274374008179,101,626.0,634.0,709.0,0.0,0.0,,timeout,0.0,605,6.05,13,5.124999999999871,5.125000000000001,8.881784197001252e-16,0.0,0,0,-479.78375248993314,False
sparse_er_200_p05_ablation,1,200,1025,10.25,half_mean_deg,5.125,frobenius,hebbian_frobenius,0.0,ideal,detuning_ablation,8,graph,50.0,50.0,100,101,3392,89.98394799232483,88.26030135154724,101,620.0,623.0,688.0,0.0,0.0,,timeout,0.0,571,5.71,13,5.124982621338683,5.125000000000001,8.881784197001252e-16,0.0,0,7,-473.77361846756725,False
sparse_er_200_p05_ablation,1,200,1025,10.25,half_mean_deg,5.125,frobenius,hebbian_frobenius,0.0,ideal,detuning_ablation,9,graph,50.0,50.0,100,101,3332,89.5510504245758,87.63809132575989,101,651.0,651.0,704.0,0.0,0.0,,timeout,0.0,448,4.48,9,5.124998510219854,5.125000000000001,8.881784197001252e-16,0.0,0,0,-467.49015381830543,False
sparse_er_200_p05_ablation,1,200,1025,10.25,half_mean_deg,5.125,frobenius,hybrid_frobenius,0.0,ideal,detuning_ablation,0,graph,50.0,50.0,100,101,3982,59.964035511016846,58.01037788391113,101,622.0,625.0,694.0,0.0,0.0,,timeout,0.0,612,6.12,12,5.073749999995297,5.125000000000001,8.881784197001252e-16,0.0,0,43,-478.1137965863875,False
sparse_er_200_p05_ablation,1,200,1025,10.25,half_mean_deg,5.125,frobenius,hybrid_frobenius,0.0,ideal,detuning_ablation,1,graph,50.0,50.0,100,101,3982,37.03059768676758,35.07812023162842,101,638.0,643.0,709.0,0.0,0.0,,timeout,0.0,627,6.27,14,5.1250000000000036,5.125000000000915,9.14823772291129e-13,0.0,0,0,-482.74224239760974,False
sparse_er_200_p05_ablation,1,200,1025,10.25,half_mean_deg,5.125,frobenius,hybrid_frobenius,0.0,ideal,detuning_ablation,2,graph,50.0,50.0,100,101,4402,74.99274206161499,72.81938576698303,101,652.0,652.0,696.0,0.0,0.0,,timeout,0.0,641,6.41,12,5.124999999999961,5.125000000000788,7.878142582740111e-13,0.0,0,0,-482.173498740126,False
sparse_er_200_p05_ablation,1,200,1025,10.25,half_mean_deg,5.125,frobenius,hybrid_frobenius,0.0,ideal,detuning_ablation,3,graph,50.0,50.0,100,101,4018,59.667566776275635,57.71116900444031,101,596.0,623.0,703.0,0.0,0.0,,timeout,0.0,602,6.02,12,5.124999999999751,5.125000000000001,8.881784197001252e-16,0.0,0,0,-480.3206458065275,False
sparse_er_200_p05_ablation,1,200,1025,10.25,half_mean_deg,5.125,frobenius,hybrid_frobenius,0.0,ideal,detuning_ablation,4,graph,50.0,50.0,100,101,4258,49.857006549835205,47.67779302597046,101,605.0,605.0,671.0,0.0,0.0,,timeout,0.0,597,5.97,12,5.124999999999642,5.125000000000001,8.881784197001252e-16,0.0,0,0,-481.9638181595865,False
sparse_er_200_p05_ablation,1,200,1025,10.25,half_mean_deg,5.125,frobenius,hybrid_frobenius,0.0,ideal,detuning_ablation,5,graph,50.0,50.0,100,101,4270,70.69033098220825,68.57650256156921,101,631.0,662.0,701.0,0.0,0.0,,timeout,0.0,643,6.43,13,5.124999999999993,5.12500000000035,3.4994229736184934e-13,0.0,0,0,-481.66793259056925,False
sparse_er_200_p05_ablation,1,200,1025,10.25,half_mean_deg,5.125,frobenius,hybrid_frobenius,0.0,ideal,detuning_ablation,6,graph,50.0,50.0,100,101,4006,92.47438335418701,90.4937195777893,101,605.0,640.0,713.0,0.0,0.0,,timeout,0.0,581,5.81,12,5.124998254736028,5.125000000000001,8.881784197001252e-16,0.0,0,28,-475.86191109046473,False
sparse_er_200_p05_ablation,1,200,1025,10.25,half_mean_deg,5.125,frobenius,hybrid_frobenius,0.0,ideal,detuning_ablation,7,graph,50.0,50.0,100,101,4246,82.2298834323883,80.02198481559753,101,634.0,634.0,709.0,0.0,0.0,,timeout,0.0,605,6.05,13,5.124999999999871,5.125000000000001,8.881784197001252e-16,0.0,0,0,-479.78375248993314,False
sparse_er_200_p05_ablation,1,200,1025,10.25,half_mean_deg,5.125,frobenius,hybrid_frobenius,0.0,ideal,detuning_ablation,8,graph,50.0,50.0,100,101,4438,91.08078122138977,88.81134700775146,101,620.0,627.0,688.0,0.0,0.0,,timeout,0.0,571,5.71,13,5.124982621338683,5.125000000000001,8.881784197001252e-16,0.0,0,7,-473.77361846756725,False
sparse_er_200_p05_ablation,1,200,1025,10.25,half_mean_deg,5.125,frobenius,hybrid_frobenius,0.0,ideal,detuning_ablation,9,graph,50.0,50.0,100,101,4342,90.3396863937378,87.9754991531372,101,627.0,651.0,704.0,0.0,0.0,,timeout,0.0,448,4.48,9,5.124998510219854,5.125000000000001,8.881784197001252e-16,0.0,0,0,-467.49015381830543,False
sparse_er_200_p05_ablation,1,200,1025,10.25,mean_deg,10.25,none,static,0.0,ideal,detuning_ablation,0,graph,50.0,50.0,0,0,2126,1.184105396270752,0.0,0,712.0,726.0,729.0,0.0,0.0,,timeout,0.0,1025,10.25,21,10.25,21.0,10.75,0.0,0,0,0.0,False
sparse_er_200_p05_ablation,1,200,1025,10.25,mean_deg,10.25,none,static,0.0,ideal,detuning_ablation,1,graph,50.0,50.0,0,0,1910,1.099853277206421,0.0,0,723.0,727.0,730.0,0.0,0.0,,timeout,0.0,1025,10.25,21,10.25,21.0,10.75,0.0,0,0,0.0,False
sparse_er_200_p05_ablation,1,200,1025,10.25,mean_deg,10.25,none,static,0.0,ideal,detuning_ablation,2,graph,50.0,50.0,0,0,1910,1.041440725326538,0.0,0,716.0,723.0,727.0,0.0,0.0,,timeout,0.0,1025,10.25,21,10.25,21.0,10.75,0.0,0,0,0.0,False
sparse_er_200_p05_ablation,1,200,1025,10.25,mean_deg,10.25,none,static,0.0,ideal,detuning_ablation,3,graph,50.0,50.0,0,0,2018,1.079402208328247,0.0,0,719.0,722.0,726.0,0.0,0.0,,timeout,0.0,1025,10.25,21,10.25,21.0,10.75,0.0,0,0,0.0,False
sparse_er_200_p05_ablation,1,200,1025,10.25,mean_deg,10.25,none,static,0.0,ideal,detuning_ablation,4,graph,50.0,50.0,0,0,1886,0.9604220390319824,0.0,0,716.0,726.0,731.0,0.0,0.0,,timeout,0.0,1025,10.25,21,10.25,21.0,10.75,0.0,0,0,0.0,False
sparse_er_200_p05_ablation,1,200,1025,10.25,mean_deg,10.25,none,static,0.0,ideal,detuning_ablation,5,graph,50.0,50.0,0,0,2042,1.0437331199645996,0.0,0,727.0,728.0,730.0,0.0,0.0,,timeout,0.0,1025,10.25,21,10.25,21.0,10.75,0.0,0,0,0.0,False
sparse_er_200_p05_ablation,1,200,1025,10.25,mean_deg,10.25,none,static,0.0,ideal,detuning_ablation,6,graph,50.0,50.0,0,0,1994,1.1340720653533936,0.0,0,725.0,734.0,735.0,0.0,0.0,,timeout,0.0,1025,10.25,21,10.25,21.0,10.75,0.0,0,0,0.0,False
sparse_er_200_p05_ablation,1,200,1025,10.25,mean_deg,10.25,none,static,0.0,ideal,detuning_ablation,7,graph,50.0,50.0,0,0,1886,1.086512804031372,0.0,0,722.0,729.0,731.0,0.0,0.0,,timeout,0.0,1025,10.25,21,10.25,21.0,10.75,0.0,0,0,0.0,False
sparse_er_200_p05_ablation,1,200,1025,10.25,mean_deg,10.25,none,static,0.0,ideal,detuning_ablation,8,graph,50.0,50.0,0,0,1802,0.9358179569244385,0.0,0,722.0,726.0,731.0,0.0,0.0,,timeout,0.0,1025,10.25,21,10.25,21.0,10.75,0.0,0,0,0.0,False
sparse_er_200_p05_ablation,1,200,1025,10.25,mean_deg,10.25,none,static,0.0,ideal,detuning_ablation,9,graph,50.0,50.0,0,0,1982,1.0174529552459717,0.0,0,709.0,725.0,730.0,0.0,0.0,,timeout,0.0,1025,10.25,21,10.25,21.0,10.75,0.0,0,0,0.0,False
sparse_er_200_p05_ablation,1,200,1025,10.25,mean_deg,10.25,none,random_rounding,0.0,ideal,detuning_ablation,0,graph,50.0,50.0,0,0,2126,1.2230305671691895,0.0,0,712.0,726.0,729.0,0.0,0.0,,timeout,0.0,1025,10.25,21,10.25,21.0,10.75,0.0,0,0,0.0,False
sparse_er_200_p05_ablation,1,200,1025,10.25,mean_deg,10.25,none,random_rounding,0.0,ideal,detuning_ablation,1,graph,50.0,50.0,0,0,1910,1.0464956760406494,0.0,0,723.0,727.0,730.0,0.0,0.0,,timeout,0.0,1025,10.25,21,10.25,21.0,10.75,0.0,0,0,0.0,False
sparse_er_200_p05_ablation,1,200,1025,10.25,mean_deg,10.25,none,random_rounding,0.0,ideal,detuning_ablation,2,graph,50.0,50.0,0,0,1910,1.011629581451416,0.0,0,716.0,723.0,727.0,0.0,0.0,,timeout,0.0,1025,10.25,21,10.25,21.0,10.75,0.0,0,0,0.0,False
sparse_er_200_p05_ablation,1,200,1025,10.25,mean_deg,10.25,none,random_rounding,0.0,ideal,detuning_ablation,3,graph,50.0,50.0,0,0,2018,1.0526390075683594,0.0,0,719.0,722.0,726.0,0.0,0.0,,timeout,0.0,1025,10.25,21,10.25,21.0,10.75,0.0,0,0,0.0,False
sparse_er_200_p05_ablation,1,200,1025,10.25,mean_deg,10.25,none,random_rounding,0.0,ideal,detuning_ablation,4,graph,50.0,50.0,0,0,1886,0.9960944652557373,0.0,0,716.0,726.0,731.0,0.0,0.0,,timeout,0.0,1025,10.25,21,10.25,21.0,10.75,0.0,0,0,0.0,False
sparse_er_200_p05_ablation,1,200,1025,10.25,mean_deg,10.25,none,random_rounding,0.0,ideal,detuning_ablation,5,graph,50.0,50.0,0,0,2042,1.1205060482025146,0.0,0,727.0,728.0,730.0,0.0,0.0,,timeout,0.0,1025,10.25,21,10.25,21.0,10.75,0.0,0,0,0.0,False
sparse_er_200_p05_ablation,1,200,1025,10.25,mean_deg,10.25,none,random_rounding,0.0,ideal,detuning_ablation,6,graph,50.0,50.0,0,0,1994,1.0866832733154297,0.0,0,725.0,734.0,735.0,0.0,0.0,,timeout,0.0,1025,10.25,21,10.25,21.0,10.75,0.0,0,0,0.0,False
sparse_er_200_p05_ablation,1,200,1025,10.25,mean_deg,10.25,none,random_rounding,0.0,ideal,detuning_ablation,7,graph,50.0,50.0,0,0,1886,1.0776798725128174,0.0,0,722.0,729.0,731.0,0.0,0.0,,timeout,0.0,1025,10.25,21,10.25,21.0,10.75,0.0,0,0,0.0,False
sparse_er_200_p05_ablation,1,200,1025,10.25,mean_deg,10.25,none,random_rounding,0.0,ideal,detuning_ablation,8,graph,50.0,50.0,0,0,1802,1.0016977787017822,0.0,0,722.0,726.0,731.0,0.0,0.0,,timeout,0.0,1025,10.25,21,10.25,21.0,10.75,0.0,0,0,0.0,False
sparse_er_200_p05_ablation,1,200,1025,10.25,mean_deg,10.25,none,random_rounding,0.0,ideal,detuning_ablation,9,graph,50.0,50.0,0,0,1982,1.1574547290802002,0.0,0,709.0,725.0,730.0,0.0,0.0,,timeout,0.0,1025,10.25,21,10.25,21.0,10.75,0.0,0,0,0.0,False
sparse_er_200_p05_ablation,1,200,1025,10.25,mean_deg,10.25,none,greedy,0.0,ideal,detuning_ablation,0,graph,50.0,50.0,0,0,0,0.0006568431854248047,0.0,0,688.0,688.0,688.0,0.0,0.0,,timeout,0.0,0,0.0,0,0.0,0.0,0.0,0.0,0,0,0.0,False
sparse_er_200_p05_ablation,1,200,1025,10.25,mean_deg,10.25,none,greedy,0.0,ideal,detuning_ablation,1,graph,50.0,50.0,0,0,0,0.0006375312805175781,0.0,0,705.0,705.0,705.0,0.0,0.0,,timeout,0.0,0,0.0,0,0.0,0.0,0.0,0.0,0,0,0.0,False
sparse_er_200_p05_ablation,1,200,1025,10.25,mean_deg,10.25,none,greedy,0.0,ideal,detuning_ablation,2,graph,50.0,50.0,0,0,0,0.0009303092956542969,0.0,0,702.0,702.0,702.0,0.0,0.0,,timeout,0.0,0,0.0,0,0.0,0.0,0.0,0.0,0,0,0.0,False
sparse_er_200_p05_ablation,1,200,1025,10.25,mean_deg,10.25,none,greedy,0.0,ideal,detuning_ablation,3,graph,50.0,50.0,0,0,0,0.0008242130279541016,0.0,0,710.0,710.0,710.0,0.0,0.0,,timeout,0.0,0,0.0,0,0.0,0.0,0.0,0.0,0,0,0.0,False
sparse_er_200_p05_ablation,1,200,1025,10.25,mean_deg,10.25,none,greedy,0.0,ideal,detuning_ablation,4,graph,50.0,50.0,0,0,0,0.0006165504455566406,0.0,0,689.0,689.0,689.0,0.0,0.0,,timeout,0.0,0,0.0,0,0.0,0.0,0.0,0.0,0,0,0.0,False
sparse_er_200_p05_ablation,1,200,1025,10.25,mean_deg,10.25,none,greedy,0.0,ideal,detuning_ablation,5,graph,50.0,50.0,0,0,0,0.0006542205810546875,0.0,0,714.0,714.0,714.0,0.0,0.0,,timeout,0.0,0,0.0,0,0.0,0.0,0.0,0.0,0,0,0.0,False
sparse_er_200_p05_ablation,1,200,1025,10.25,mean_deg,10.25,none,greedy,0.0,ideal,detuning_ablation,6,graph,50.0,50.0,0,0,0,0.0007624626159667969,0.0,0,698.0,698.0,698.0,0.0,0.0,,timeout,0.0,0,0.0,0,0.0,0.0,0.0,0.0,0,0,0.0,False
sparse_er_200_p05_ablation,1,200,1025,10.25,mean_deg,10.25,none,greedy,0.0,ideal,detuning_ablation,7,graph,50.0,50.0,0,0,0,0.0005934238433837891,0.0,0,696.0,696.0,696.0,0.0,0.0,,timeout,0.0,0,0.0,0,0.0,0.0,0.0,0.0,0,0,0.0,False
sparse_er_200_p05_ablation,1,200,1025,10.25,mean_deg,10.25,none,greedy,0.0,ideal,detuning_ablation,8,graph,50.0,50.0,0,0,0,0.0007245540618896484,0.0,0,708.0,708.0,708.0,0.0,0.0,,timeout,0.0,0,0.0,0,0.0,0.0,0.0,0.0,0,0,0.0,False
sparse_er_200_p05_ablation,1,200,1025,10.25,mean_deg,10.25,none,greedy,0.0,ideal,detuning_ablation,9,graph,50.0,50.0,0,0,0,0.0060541629791259766,0.0,0,710.0,710.0,710.0,0.0,0.0,,timeout,0.0,0,0.0,0,0.0,0.0,0.0,0.0,0,0,0.0,False
sparse_er_200_p05_ablation,1,200,1025,10.25,mean_deg,10.25,none,static_projected,0.0,ideal,detuning_ablation,0,graph,50.0,50.0,0,1,1682,0.99745774269104,0.037456512451171875,1,712.0,722.0,731.0,0.0,0.0,,timeout,0.0,1025,10.25,21,8.47334340789041,10.250000000000002,1.7763568394002505e-15,0.0,0,0,0.0,False
sparse_er_200_p05_ablation,1,200,1025,10.25,mean_deg,10.25,none,static_projected,0.0,ideal,detuning_ablation,1,graph,50.0,50.0,0,1,1586,0.9207406044006348,0.046419382095336914,1,714.0,727.0,729.0,0.0,0.0,,timeout,0.0,1025,10.25,21,8.47334340789041,10.250000000000002,1.7763568394002505e-15,0.0,0,0,0.0,False
sparse_er_200_p05_ablation,1,200,1025,10.25,mean_deg,10.25,none,static_projected,0.0,ideal,detuning_ablation,2,graph,50.0,50.0,0,1,1610,0.852790117263794,0.030223608016967773,1,720.0,727.0,729.0,0.0,0.0,,timeout,0.0,1025,10.25,21,8.47334340789041,10.250000000000002,1.7763568394002505e-15,0.0,0,0,0.0,False
sparse_er_200_p05_ablation,1,200,1025,10.25,mean_deg,10.25,none,static_projected,0.0,ideal,detuning_ablation,3,graph,50.0,50.0,0,1,1718,0.9189589023590088,0.03987932205200195,1,721.0,722.0,726.0,0.0,0.0,,timeout,0.0,1025,10.25,21,8.47334340789041,10.250000000000002,1.7763568394002505e-15,0.0,0,0,0.0,False
sparse_er_200_p05_ablation,1,200,1025,10.25,mean_deg,10.25,none,static_projected,0.0,ideal,detuning_ablation,4,graph,50.0,50.0,0,1,1562,0.8634984493255615,0.0372164249420166,1,704.0,719.0,726.0,0.0,0.0,,timeout,0.0,1025,10.25,21,8.47334340789041,10.250000000000002,1.7763568394002505e-15,0.0,0,0,0.0,False
sparse_er_200_p05_ablation,1,200,1025,10.25,mean_deg,10.25,none,static_projected,0.0,ideal,detuning_ablation,5,graph,50.0,50.0,0,1,1538,0.8927240371704102,0.04655814170837402,1,716.0,721.0,727.0,0.0,0.0,,timeout,0.0,1025,10.25,21,8.47334340789041,10.250000000000002,1.7763568394002505e-15,0.0,0,0,0.0,False
sparse_er_200_p05_ablation,1,200,1025,10.25,mean_deg,10.25,none,static_projected,0.0,ideal,detuning_ablation,6,graph,50.0,50.0,0,1,1706,1.006514072418213,0.032381534576416016,1,715.0,718.0,723.0,0.0,0.0,,timeout,0.0,1025,10.25,21,8.47334340789041,10.250000000000002,1.7763568394002505e-15,0.0,0,0,0.0,False
sparse_er_200_p05_ablation,1,200,1025,10.25,mean_deg,10.25,none,static_projected,0.0,ideal,detuning_ablation,7,graph,50.0,50.0,0,1,1658,0.9908559322357178,0.048989295959472656,1,721.0,725.0,729.0,0.0,0.0,,timeout,0.0,1025,10.25,21,8.47334340789041,10.250000000000002,1.7763568394002505e-15,0.0,0,0,0.0,False
sparse_er_200_p05_ablation,1,200,1025,10.25,mean_deg,10.25,none,static_projected,0.0,ideal,detuning_ablation,8,graph,50.0,50.0,0,1,1646,0.8917088508605957,0.03240013122558594,1,721.0,723.0,730.0,0.0,0.0,,timeout,0.0,1025,10.25,21,8.47334340789041,10.250000000000002,1.7763568394002505e-15,0.0,0,0,0.0,False
sparse_er_200_p05_ablation,1,200,1025,10.25,mean_deg,10.25,none,static_projected,0.0,ideal,detuning_ablation,9,graph,50.0,50.0,0,1,1418,0.8162024021148682,0.04621481895446777,1,722.0,727.0,731.0,0.0,0.0,,timeout,0.0,1025,10.25,21,8.47334340789041,10.250000000000002,1.7763568394002505e-15,0.0,0,0,0.0,False
sparse_er_200_p05_ablation,1,200,1025,10.25,mean_deg,10.25,none,static_budgeted,0.0,ideal,detuning_ablation,0,graph,50.0,50.0,0,1,1514,0.8487968444824219,0.032752275466918945,1,718.0,726.0,731.0,0.0,0.0,,timeout,0.0,1011,10.11,20,8.489473614001827,10.250000000000178,1.7763568394002505e-13,0.0,0,0,0.0,False
sparse_er_200_p05_ablation,1,200,1025,10.25,mean_deg,10.25,none,static_budgeted,0.0,ideal,detuning_ablation,1,graph,50.0,50.0,0,1,1502,0.8232290744781494,0.0398867130279541,1,709.0,720.0,726.0,0.0,0.0,,timeout,0.0,1003,10.03,20,8.505342679265492,10.25000000000038,3.801403636316536e-13,0.0,0,0,0.0,False
sparse_er_200_p05_ablation,1,200,1025,10.25,mean_deg,10.25,none,static_budgeted,0.0,ideal,detuning_ablation,2,graph,50.0,50.0,0,1,1706,0.937493085861206,0.03982257843017578,1,726.0,726.0,729.0,0.0,0.0,,timeout,0.0,1011,10.11,21,8.484205726101175,10.250000000000355,3.552713678800501e-13,0.0,0,0,0.0,False
sparse_er_200_p05_ablation,1,200,1025,10.25,mean_deg,10.25,none,static_budgeted,0.0,ideal,detuning_ablation,3,graph,50.0,50.0,0,1,1754,0.905343770980835,0.02846693992614746,1,722.0,724.0,730.0,0.0,0.0,,timeout,0.0,1007,10.07,20,8.495246679081745,10.250000000000963,9.627854069549358e-13,0.0,0,0,0.0,False
sparse_er_200_p05_ablation,1,200,1025,10.25,mean_deg,10.25,none,static_budgeted,0.0,ideal,detuning_ablation,4,graph,50.0,50.0,0,1,1814,0.9695651531219482,0.04285240173339844,1,719.0,722.0,728.0,0.0,0.0,,timeout,0.0,996,9.96,19,8.506441150206783,10.250000000000272,2.717825964282383e-13,0.0,0,0,0.0,False
sparse_er_200_p05_ablation,1,200,1025,10.25,mean_deg,10.25,none,static_budgeted,0.0,ideal,detuning_ablation,5,graph,50.0,50.0,0,1,1442,0.8633744716644287,0.04131484031677246,1,721.0,724.0,728.0,0.0,0.0,,timeout,0.0,1006,10.06,20,8.500880702769424,10.250000000000002,1.7763568394002505e-15,0.0,0,0,0.0,False
sparse_er_200_p05_ablation,1,200,1025,10.25,mean_deg,10.25,none,static_budgeted,0.0,ideal,detuning_ablation,6,graph,50.0,50.0,0,1,1442,0.7980179786682129,0.03249406814575195,1,709.0,725.0,730.0,0.0,0.0,,timeout,0.0,1007,10.07,21,8.500492807073641,10.250000000000751,7.513989430663059e-13,0.0,0,0,0.0,False
sparse_er_200_p05_ablation,1,200,1025,10.25,mean_deg,10.25,none,static_budgeted,0.0,ideal,detuning_ablation,7,graph,50.0,50.0,0,1,1430,0.8114018440246582,0.05080294609069824,1,701.0,722.0,730.0,0.0,0.0,,timeout,0.0,1005,10.05,21,8.485407471803047,10.250000000000501,5.009326287108706e-13,0.0,0,0,0.0,False
sparse_er_200_p05_ablation,1,200,1025,10.25,mean_deg,10.25,none,static_budgeted,0.0,ideal,detuning_ablation,8,graph,50.0,50.0,0,1,1634,0.8681659698486328,0.04078531265258789,1,702.0,724.0,733.0,0.0,0.0,,timeout,0.0,999,9.99,21,8.500952851332903,10.250000000000163,1.6342482922482304e-13,0.0,0,0,0.0,False
sparse_er_200_p05_ablation,1,200,1025,10.25,mean_deg,10.25,none,static_budgeted,0.0,ideal,detuning_ablation,9,graph,50.0,50.0,0,1,1442,0.7928190231323242,0.04376053810119629,1,720.0,724.0,726.0,0.0,0.0,,timeout,0.0,1002,10.02,19,8.505340057971287,10.25000000000063,6.306066779870889e-13,0.0,0,0,0.0,False
sparse_er_200_p05_ablation,1,200,1025,10.25,mean_deg,10.25,none,random_budgeted,0.0,ideal,detuning_ablation,0,graph,50.0,50.0,0,1,1298,0.6905713081359863,0.002976655960083008,1,694.0,719.0,728.0,0.0,0.0,,timeout,0.0,1025,10.25,21,5.187478704644576,10.243663914588534,-0.006336085411465575,0.0,0,0,0.0,False
sparse_er_200_p05_ablation,1,200,1025,10.25,mean_deg,10.25,none,random_budgeted,0.0,ideal,detuning_ablation,1,graph,50.0,50.0,0,1,1346,0.7079954147338867,0.0050203800201416016,1,701.0,713.0,733.0,0.0,0.0,,timeout,0.0,1025,10.25,21,5.131744593762839,10.25,0.0,0.0,0,0,0.0,False
sparse_er_200_p05_ablation,1,200,1025,10.25,mean_deg,10.25,none,random_budgeted,0.0,ideal,detuning_ablation,2,graph,50.0,50.0,0,1,1178,0.6108598709106445,0.005674839019775391,1,700.0,710.0,719.0,0.0,0.0,,timeout,0.0,1025,10.25,21,5.059261344239698,10.25,0.0,0.0,0,0,0.0,False
sparse_er_200_p05_ablation,1,200,1025,10.25,mean_deg,10.25,none,random_budgeted,0.0,ideal,detuning_ablation,3,graph,50.0,50.0,0,1,1274,0.8533987998962402,0.005013942718505859,1,723.0,723.0,731.0,0.0,0.0,,timeout,0.0,1025,10.25,21,5.209085168515994,10.25,0.0,0.0,0,0,0.0,False
sparse_er_200_p05_ablation,1,200,1025,10.25,mean_deg,10.25,none,random_budgeted,0.0,ideal,detuning_ablation,4,graph,50.0,50.0,0,1,1262,0.7214162349700928,0.0048449039459228516,1,695.0,700.0,714.0,0.0,0.0,,timeout,0.0,1025,10.25,21,5.037917457342986,10.25,0.0,0.0,0,0,0.0,False
sparse_er_200_p05_ablation,1,200,1025,10.25,mean_deg,10.25,none,random_budgeted,0.0,ideal,detuning_ablation,5,graph,50.0,50.0,0,1,1226,0.7220795154571533,0.005578517913818359,1,690.0,701.0,720.0,0.0,0.0,,timeout,0.0,1025,10.25,21,5.14297874616401,10.25,0.0,0.0,0,0,0.0,False
sparse_er_200_p05_ablation,1,200,1025,10.25,mean_deg,10.25,none,random_budgeted,0.0,ideal,detuning_ablation,6,graph,50.0,50.0,0,1,1250,0.6961977481842041,0.003264188766479492,1,708.0,710.0,730.0,0.0,0.0,,timeout,0.0,1024,10.24,21,5.04577888705497,10.25,0.0,0.0,0,0,0.0,False
sparse_er_200_p05_ablation,1,200,1025,10.25,mean_deg,10.25,none,random_budgeted,0.0,ideal,detuning_ablation,7,graph,50.0,50.0,0,1,1262,0.7217557430267334,0.00955343246459961,1,691.0,717.0,735.0,0.0,0.0,,timeout,0.0,1025,10.25,21,5.162915988276314,10.25,0.0,0.0,0,0,0.0,False
sparse_er_200_p05_ablation,1,200,1025,10.25,mean_deg,10.25,none,random_budgeted,0.0,ideal,detuning_ablation,8,graph,50.0,50.0,0,1,1286,0.6859889030456543,0.001905202865600586,1,704.0,710.0,727.0,0.0,0.0,,timeout,0.0,1025,10.25,21,5.072621889362324,10.111088544163959,-0.13891145583604114,0.0,0,0,0.0,False
sparse_er_200_p05_ablation,1,200,1025,10.25,mean_deg,10.25,none,random_budgeted,0.0,ideal,detuning_ablation,9,graph,50.0,50.0,0,1,1238,0.7181003093719482,0.011909246444702148,1,713.0,713.0,728.0,0.0,0.0,,timeout,0.0,1025,10.25,21,5.084747263406743,10.250000000000004,3.552713678800501e-15,0.0,0,0,0.0,False
sparse_er_200_p05_ablation,1,200,1025,10.25,mean_deg,10.25,none,learned_support_random_weights,0.0,ideal,detuning_ablation,0,hebbian_seed0,50.0,50.0,0,1,1106,0.5985851287841797,0.002487659454345703,1,676.0,682.0,724.0,0.0,0.0,,timeout,0.0,671,6.71,13,3.4406510572960753,6.62278591997076,-3.6272140800292396,0.0,0,0,0.0,False
sparse_er_200_p05_ablation,1,200,1025,10.25,mean_deg,10.25,none,learned_support_random_weights,0.0,ideal,detuning_ablation,1,hebbian_seed0,50.0,50.0,0,1,1166,0.5768904685974121,0.003409147262573242,1,677.0,677.0,719.0,0.0,0.0,,timeout,0.0,671,6.71,13,3.359580799805765,6.707210952990755,-3.5427890470092454,0.0,0,0,0.0,False
sparse_er_200_p05_ablation,1,200,1025,10.25,mean_deg,10.25,none,learned_support_random_weights,0.0,ideal,detuning_ablation,2,hebbian_seed0,50.0,50.0,0,1,998,0.5364627838134766,0.0036172866821289062,1,677.0,679.0,724.0,0.0,0.0,,timeout,0.0,671,6.71,13,3.3021226789417346,6.966904009629303,-3.283095990370697,0.0,0,0,0.0,False
sparse_er_200_p05_ablation,1,200,1025,10.25,mean_deg,10.25,none,learned_support_random_weights,0.0,ideal,detuning_ablation,3,hebbian_seed0,50.0,50.0,0,1,1058,0.5087540149688721,0.0027763843536376953,1,677.0,679.0,724.0,0.0,0.0,,timeout,0.0,671,6.71,13,3.437092925805089,6.653311293786318,-3.5966887062136816,0.0,0,0,0.0,False
sparse_er_200_p05_ablation,1,200,1025,10.25,mean_deg,10.25,none,learned_support_random_weights,0.0,ideal,detuning_ablation,4,hebbian_seed0,50.0,50.0,0,1,1118,0.5560588836669922,0.002821207046508789,1,677.0,681.0,724.0,0.0,0.0,,timeout,0.0,671,6.71,13,3.313800272772965,6.915307482977739,-3.334692517022261,0.0,0,0,0.0,False
sparse_er_200_p05_ablation,1,200,1025,10.25,mean_deg,10.25,none,learned_support_random_weights,0.0,ideal,detuning_ablation,5,hebbian_seed0,50.0,50.0,0,1,1178,0.628570556640625,0.003901958465576172,1,677.0,678.0,719.0,0.0,0.0,,timeout,0.0,671,6.71,13,3.394631193769785,7.297208141630502,-2.9527918583694976,0.0,0,0,0.0,False
sparse_er_200_p05_ablation,1,200,1025,10.25,mean_deg,10.25,none,learned_support_random_weights,0.0,ideal,detuning_ablation,6,hebbian_seed0,50.0,50.0,0,1,1070,0.5077219009399414,0.0025305747985839844,1,680.0,685.0,726.0,0.0,0.0,,timeout,0.0,671,6.71,13,3.2683138293473166,7.858632826271462,-2.391367173728538,0.0,0,0,0.0,False
sparse_er_200_p05_ablation,1,200,1025,10.25,mean_deg,10.25,none,learned_support_random_weights,0.0,ideal,detuning_ablation,7,hebbian_seed0,50.0,50.0,0,1,1082,0.5728664398193359,0.002656221389770508,1,677.0,684.0,720.0,0.0,0.0,,timeout,0.0,671,6.71,13,3.3757759543677808,7.905412613114597,-2.3445873868854026,0.0,0,0,0.0,False
sparse_er_200_p05_ablation,1,200,1025,10.25,mean_deg,10.25,none,learned_support_random_weights,0.0,ideal,detuning_ablation,8,hebbian_seed0,50.0,50.0,0,1,1046,0.4863743782043457,0.0032002925872802734,1,677.0,678.0,719.0,0.0,0.0,,timeout,0.0,671,6.71,13,3.3350767633960525,6.870608415731011,-3.379391584268989,0.0,0,0,0.0,False
sparse_er_200_p05_ablation,1,200,1025,10.25,mean_deg,10.25,none,learned_support_random_weights,0.0,ideal,detuning_ablation,9,hebbian_seed0,50.0,50.0,0,1,1010,0.5434234142303467,0.0018813610076904297,1,677.0,677.0,719.0,0.0,0.0,,timeout,0.0,671,6.71,13,3.3524573180797352,7.334468358989868,-2.9155316410101317,0.0,0,0,0.0,False
sparse_er_200_p05_ablation,1,200,1025,10.25,mean_deg,10.25,none,topology_scrambled,0.0,ideal,detuning_ablation,0,graph,50.0,50.0,100,101,3752,70.4089903831482,68.54726433753967,101,543.0,544.0,681.0,0.0,0.0,,timeout,0.0,578,5.78,12,10.085932507369195,10.250000000000002,1.7763568394002505e-15,0.0,0,0,-889.3738217791383,False
sparse_er_200_p05_ablation,1,200,1025,10.25,mean_deg,10.25,none,topology_scrambled,0.0,ideal,detuning_ablation,1,graph,50.0,50.0,100,101,3332,78.32291340827942,76.67590284347534,101,542.0,542.0,715.0,0.0,0.0,,timeout,0.0,522,5.22,10,10.067309004045082,10.250000000000002,1.7763568394002505e-15,0.0,0,0,-876.6304642366487,False
sparse_er_200_p05_ablation,1,200,1025,10.25,mean_deg,10.25,none,topology_scrambled,0.0,ideal,detuning_ablation,2,graph,50.0,50.0,100,101,3164,42.7327926158905,41.184823751449585,101,537.0,542.0,691.0,0.0,0.0,,timeout,0.0,592,5.92,12,9.979653900817025,10.250000000000002,1.7763568394002505e-15,0.0,0,0,-883.6219347293652,False
sparse_er_200_p05_ablation,1,200,1025,10.25,mean_deg,10.25,none,topology_scrambled,0.0,ideal,detuning_ablation,3,graph,50.0,50.0,100,101,3212,79.35902142524719,77.76488876342773,101,531.0,533.0,710.0,0.0,0.0,,timeout,0.0,563,5.63,12,10.101034399335097,10.250000000000002,1.7763568394002505e-15,0.0,0,0,-884.7369942579796,False
sparse_er_200_p05_ablation,1,200,1025,10.25,mean_deg,10.25,none,topology_scrambled,0.0,ideal,detuning_ablation,4,graph,50.0,50.0,100,101,4004,73.29167628288269,71.3628249168396,101,527.0,527.0,684.0,0.0,0.0,,timeout,0.0,595,5.95,13,10.17582619415648,10.250000000000002,1.7763568394002505e-15,0.0,0,0,-897.8693452733477,False
sparse_er_200_p05_ablation,1,200,1025,10.25,mean_deg,10.25,none,topology_scrambled,0.0,ideal,detuning_ablation,5,graph,50.0,50.0,100,101,3800,73.45562767982483,71.50585699081421,101,564.0,564.0,692.0,0.0,0.0,,timeout,0.0,559,5.59,11,10.156150729616625,10.250000000000002,1.7763568394002505e-15,0.0,0,0,-888.7447126552621,False
sparse_er_200_p05_ablation,1,200,1025,10.25,mean_deg,10.25,none,topology_scrambled,0.0,ideal,detuning_ablation,6,graph,50.0,50.0,100,101,4280,65.57499051094055,63.59838676452637,101,561.0,561.0,684.0,0.0,0.0,,timeout,0.0,561,5.61,11,10.103658408734136,10.250000000000004,3.552713678800501e-15,0.0,0,0,-885.8353448314856,False
sparse_er_200_p05_ablation,1,200,1025,10.25,mean_deg,10.25,none,topology_scrambled,0.0,ideal,detuning_ablation,7,graph,50.0,50.0,100,101,3416,28.846702814102173,27.232746124267578,101,540.0,540.0,709.0,0.0,0.0,,timeout,0.0,590,5.9,12,10.018608338994559,10.250000000000004,3.552713678800501e-15,0.0,0,0,-886.8114974854336,False
sparse_er_200_p05_ablation,1,200,1025,10.25,mean_deg,10.25,none,topology_scrambled,0.0,ideal,detuning_ablation,8,graph,50.0,50.0,100,101,3212,76.92803382873535,75.35462641716003,101,531.0,535.0,704.0,0.0,0.0,,timeout,0.0,571,5.71,11,10.180087678071628,10.250000000000004,3.552713678800501e-15,0.0,0,0,-893.3024685996271,False
sparse_er_200_p05_ablation,1,200,1025,10.25,mean_deg,10.25,none,topology_scrambled,0.0,ideal,detuning_ablation,9,graph,50.0,50.0,100,101,3740,50.89617943763733,49.03994631767273,101,545.0,546.0,693.0,0.0,0.0,,timeout,0.0,559,5.59,12,9.94249999999567,10.250000000000002,1.7763568394002505e-15,0.0,0,0,-875.3703529195637,False
sparse_er_200_p05_ablation,1,200,1025,10.25,mean_deg,10.25,sinkhorn,hebbian_sinkhorn,0.0,ideal,detuning_ablation,0,graph,50.0,50.0,100,100,3236,1.9627141952514648,0.0,0,650.0,650.0,703.0,0.0,0.0,,timeout,0.0,650,6.5,15,9.676293950906231,10.250000000000004,3.552713678800501e-15,0.0,0,0,-881.0944765975717,False
sparse_er_200_p05_ablation,1,200,1025,10.25,mean_deg,10.25,sinkhorn,hebbian_sinkhorn,0.0,ideal,detuning_ablation,1,graph,50.0,50.0,100,100,3008,1.924537181854248,0.0,0,672.0,672.0,702.0,0.0,0.0,,timeout,0.0,672,6.72,14,9.726514093713568,10.250000000000002,1.7763568394002505e-15,0.0,0,0,-885.3087389075527,False
sparse_er_200_p05_ablation,1,200,1025,10.25,mean_deg,10.25,sinkhorn,hebbian_sinkhorn,0.0,ideal,detuning_ablation,2,graph,50.0,50.0,100,100,3188,1.9352214336395264,0.0,0,660.0,660.0,695.0,0.0,0.0,,timeout,0.0,660,6.6,12,9.594808275149278,10.250000000000002,1.7763568394002505e-15,0.0,0,0,-876.5652226015519,False
sparse_er_200_p05_ablation,1,200,1025,10.25,mean_deg,10.25,sinkhorn,hebbian_sinkhorn,0.0,ideal,detuning_ablation,3,graph,50.0,50.0,100,100,2984,1.9099147319793701,0.0,0,665.0,665.0,707.0,0.0,0.0,,timeout,0.0,665,6.65,14,9.644335067484326,10.250000000000002,1.7763568394002505e-15,0.0,0,0,-879.7671697048327,False
sparse_er_200_p05_ablation,1,200,1025,10.25,mean_deg,10.25,sinkhorn,hebbian_sinkhorn,0.0,ideal,detuning_ablation,4,graph,50.0,50.0,100,100,2924,1.8091437816619873,0.0,0,628.0,669.0,697.0,0.0,0.0,,timeout,0.0,669,6.69,13,9.57151443227891,10.250000000000004,3.552713678800501e-15,0.0,0,7,-875.5644877729577,False
sparse_er_200_p05_ablation,1,200,1025,10.25,mean_deg,10.25,sinkhorn,hebbian_sinkhorn,0.0,ideal,detuning_ablation,5,graph,50.0,50.0,100,100,2900,1.8474998474121094,0.0,0,678.0,678.0,699.0,0.0,0.0,,timeout,0.0,678,6.78,12,9.65397157110879,10.250000000000004,3.552713678800501e-15,0.0,0,0,-881.4990322919094,False
sparse_er_200_p05_ablation,1,200,1025,10.25,mean_deg,10.25,sinkhorn,hebbian_sinkhorn,0.0,ideal,detuning_ablation,6,graph,50.0,50.0,100,100,2912,1.9357788562774658,0.0,0,684.0,684.0,719.0,0.0,0.0,,timeout,0.0,684,6.84,14,9.664406606901302,10.250000000000002,1.7763568394002505e-15,0.0,0,0,-884.5126148723587,False
sparse_er_200_p05_ablation,1,200,1025,10.25,mean_deg,10.25,sinkhorn,hebbian_sinkhorn,0.0,ideal,detuning_ablation,7,graph,50.0,50.0,100,100,2996,2.018266201019287,0.0,0,666.0,666.0,686.0,0.0,0.0,,timeout,0.0,666,6.66,14,9.581350306718782,10.250000000000002,1.7763568394002505e-15,0.0,0,0,-875.9226818381256,False
sparse_er_200_p05_ablation,1,200,1025,10.25,mean_deg,10.25,sinkhorn,hebbian_sinkhorn,0.0,ideal,detuning_ablation,8,graph,50.0,50.0,100,100,2972,1.9356317520141602,0.0,0,658.0,658.0,694.0,0.0,0.0,,timeout,0.0,658,6.58,13,9.730257098486508,10.250000000000002,1.7763568394002505e-15,0.0,0,0,-887.2448658065812,False
sparse_er_200_p05_ablation,1,200,1025,10.25,mean_deg,10.25,sinkhorn,hebbian_sinkhorn,0.0,ideal,detuning_ablation,9,graph,50.0,50.0,100,100,2936,1.9099657535552979,0.0,0,676.0,676.0,708.0,0.0,0.0,,timeout,0.0,676,6.76,14,9.630773480429852,10.250000000000002,1.7763568394002505e-15,0.0,0,0,-880.3772817821377,False
sparse_er_200_p05_ablation,1,200,1025,10.25,mean_deg,10.25,sinkhorn,hybrid_sinkhorn,0.0,ideal,detuning_ablation,0,graph,50.0,50.0,100,100,5110,2.8104934692382812,0.0,0,650.0,650.0,703.0,0.0,0.0,,timeout,0.0,650,6.5,15,9.676293950906231,10.250000000000004,3.552713678800501e-15,0.0,0,0,-881.0944765975717,False
sparse_er_200_p05_ablation,1,200,1025,10.25,mean_deg,10.25,sinkhorn,hybrid_sinkhorn,0.0,ideal,detuning_ablation,1,graph,50.0,50.0,100,100,4882,2.6105732917785645,0.0,0,672.0,672.0,702.0,0.0,0.0,,timeout,0.0,672,6.72,14,9.726514093713568,10.250000000000002,1.7763568394002505e-15,0.0,0,0,-885.3087389075527,False
sparse_er_200_p05_ablation,1,200,1025,10.25,mean_deg,10.25,sinkhorn,hybrid_sinkhorn,0.0,ideal,detuning_ablation,2,graph,50.0,50.0,100,100,5050,2.8333580493927,0.0,0,660.0,660.0,695.0,0.0,0.0,,timeout,0.0,660,6.6,12,9.594808275149278,10.250000000000002,1.7763568394002505e-15,0.0,0,0,-876.5652226015519,False
sparse_er_200_p05_ablation,1,200,1025,10.25,mean_deg,10.25,sinkhorn,hybrid_sinkhorn,0.0,ideal,detuning_ablation,3,graph,50.0,50.0,100,100,4846,2.5374584197998047,0.0,0,665.0,665.0,707.0,0.0,0.0,,timeout,0.0,665,6.65,14,9.644335067484326,10.250000000000002,1.7763568394002505e-15,0.0,0,0,-879.7671697048327,False
sparse_er_200_p05_ablation,1,200,1025,10.25,mean_deg,10.25,sinkhorn,hybrid_sinkhorn,0.0,ideal,detuning_ablation,4,graph,50.0,50.0,100,100,4774,2.483588933944702,0.0,0,669.0,669.0,697.0,0.0,0.0,,timeout,0.0,669,6.69,13,9.57151443227891,10.250000000000004,3.552713678800501e-15,0.0,0,7,-875.5644877729577,False
sparse_er_200_p05_ablation,1,200,1025,10.25,mean_deg,10.25,sinkhorn,hybrid_sinkhorn,0.0,ideal,detuning_ablation,5,graph,50.0,50.0,100,100,4762,2.415053129196167,0.0,0,678.0,678.0,699.0,0.0,0.0,,timeout,0.0,678,6.78,12,9.65397157110879,10.250000000000004,3.552713678800501e-15,0.0,0,0,-881.4990322919094,False
sparse_er_200_p05_ablation,1,200,1025,10.25,mean_deg,10.25,sinkhorn,hybrid_sinkhorn,0.0,ideal,detuning_ablation,6,graph,50.0,50.0,100,100,4726,2.486835479736328,0.0,0,684.0,684.0,719.0,0.0,0.0,,timeout,0.0,684,6.84,14,9.664406606901302,10.250000000000002,1.7763568394002505e-15,0.0,0,0,-884.5126148723587,False
sparse_er_200_p05_ablation,1,200,1025,10.25,mean_deg,10.25,sinkhorn,hybrid_sinkhorn,0.0,ideal,detuning_ablation,7,graph,50.0,50.0,100,100,4858,2.5870673656463623,0.0,0,666.0,666.0,686.0,0.0,0.0,,timeout,0.0,666,6.66,14,9.581350306718782,10.250000000000002,1.7763568394002505e-15,0.0,0,0,-875.9226818381256,False
sparse_er_200_p05_ablation,1,200,1025,10.25,mean_deg,10.25,sinkhorn,hybrid_sinkhorn,0.0,ideal,detuning_ablation,8,graph,50.0,50.0,100,100,4846,2.6409480571746826,0.0,0,658.0,658.0,694.0,0.0,0.0,,timeout,0.0,658,6.58,13,9.730257098486508,10.250000000000002,1.7763568394002505e-15,0.0,0,0,-887.2448658065812,False
sparse_er_200_p05_ablation,1,200,1025,10.25,mean_deg,10.25,sinkhorn,hybrid_sinkhorn,0.0,ideal,detuning_ablation,9,graph,50.0,50.0,100,100,4786,2.9514496326446533,0.0,0,676.0,676.0,708.0,0.0,0.0,,timeout,0.0,676,6.76,14,9.630773480429852,10.250000000000002,1.7763568394002505e-15,0.0,0,0,-880.3772817821377,False
sparse_er_200_p05_ablation,1,200,1025,10.25,mean_deg,10.25,frobenius,hebbian_frobenius,0.0,ideal,detuning_ablation,0,graph,50.0,50.0,100,101,4208,31.239171504974365,29.23306679725647,101,643.0,643.0,693.0,0.0,0.0,,timeout,0.0,637,6.37,13,10.249999999999973,10.250000000000894,8.93507490218326e-13,0.0,0,0,-917.9113352085807,False
sparse_er_200_p05_ablation,1,200,1025,10.25,mean_deg,10.25,frobenius,hebbian_frobenius,0.0,ideal,detuning_ablation,1,graph,50.0,50.0,100,101,3524,68.27190852165222,66.56327795982361,101,677.0,677.0,701.0,0.0,0.0,,timeout,0.0,671,6.71,13,10.1475,10.250000000000002,1.7763568394002505e-15,0.0,0,0,-917.8326681941278,False
sparse_er_200_p05_ablation,1,200,1025,10.25,mean_deg,10.25,frobenius,hebbian_frobenius,0.0,ideal,detuning_ablation,2,graph,50.0,50.0,100,101,4172,55.48914408683777,53.4801607131958,101,664.0,664.0,701.0,0.0,0.0,,timeout,0.0,661,6.61,13,10.249999999999977,10.250000000000886,8.86402062860725e-13,0.0,0,0,-919.0549914358896,False
sparse_er_200_p05_ablation,1,200,1025,10.25,mean_deg,10.25,frobenius,hebbian_frobenius,0.0,ideal,detuning_ablation,3,graph,50.0,50.0,100,101,3464,49.35121750831604,47.72523617744446,101,657.0,657.0,695.0,0.0,0.0,,timeout,0.0,650,6.5,12,10.249999999999726,10.250000000000002,1.7763568394002505e-15,0.0,0,0,-917.6154749715707,False
sparse_er_200_p05_ablation,1,200,1025,10.25,mean_deg,10.25,frobenius,hebbian_frobenius,0.0,ideal,detuning_ablation,4,graph,50.0,50.0,100,101,3188,80.29751873016357,78.73941659927368,101,649.0,649.0,700.0,0.0,0.0,,timeout,0.0,643,6.43,12,10.14749999999436,10.250000000000002,1.7763568394002505e-15,0.0,0,0,-913.6944846658466,False
sparse_er_200_p05_ablation,1,200,1025,10.25,mean_deg,10.25,frobenius,hebbian_frobenius,0.0,ideal,detuning_ablation,5,graph,50.0,50.0,100,101,3188,93.3512716293335,91.8167986869812,101,670.0,670.0,699.0,0.0,0.0,,timeout,0.0,661,6.61,12,10.234690816995107,10.250000000000004,3.552713678800501e-15,0.0,0,0,-917.9441914543593,False
sparse_er_200_p05_ablation,1,200,1025,10.25,mean_deg,10.25,frobenius,hebbian_frobenius,0.0,ideal,detuning_ablation,6,graph,50.0,50.0,100,101,3152,37.14805364608765,35.73672151565552,101,679.0,679.0,721.0,0.0,0.0,,timeout,0.0,669,6.69,12,10.249999999999686,10.250000000000004,3.552713678800501e-15,0.0,0,0,-922.2458053392702,False
sparse_er_200_p05_ablation,1,200,1025,10.25,mean_deg,10.25,frobenius,hebbian_frobenius,0.0,ideal,detuning_ablation,7,graph,50.0,50.0,100,101,3500,82.44047021865845,80.82703161239624,101,662.0,662.0,686.0,0.0,0.0,,timeout,0.0,650,6.5,13,10.118651575548371,10.250000000000004,3.552713678800501e-15,0.0,0,0,-910.7876393709802,False
sparse_er_200_p05_ablation,1,200,1025,10.25,mean_deg,10.25,frobenius,hebbian_frobenius,0.0,ideal,detuning_ablation,8,graph,50.0,50.0,100,101,3692,50.24158501625061,48.49078893661499,101,606.0,648.0,677.0,0.0,0.0,,timeout,0.0,646,6.46,12,10.249999999999654,10.250000000000002,1.7763568394002505e-15,0.0,0,0,-920.0932885622723,False
sparse_er_200_p05_ablation,1,200,1025,10.25,mean_deg,10.25,frobenius,hebbian_frobenius,0.0,ideal,detuning_ablation,9,graph,50.0,50.0,100,101,3824,87.78635358810425,86.00799655914307,101,670.0,675.0,708.0,0.0,0.0,,timeout,0.0,663,6.63,14,10.212630840363909,10.250000000000004,3.552713678800501e-15,0.0,0,0,-916.79429547045,False
sparse_er_200_p05_ablation,1,200,1025,10.25,mean_deg,10.25,frobenius,hybrid_frobenius,0.0,ideal,detuning_ablation,0,graph,50.0,50.0,100,101,6190,30.93282151222229,28.243067741394043,101,643.0,647.0,693.0,0.0,0.0,,timeout,0.0,637,6.37,13,10.249999999999973,10.250000000000894,8.93507490218326e-13,0.0,0,0,-917.9113352085807,False
sparse_er_200_p05_ablation,1,200,1025,10.25,mean_deg,10.25,frobenius,hybrid_frobenius,0.0,ideal,detuning_ablation,1,graph,50.0,50.0,100,101,5494,68.49443507194519,66.07879590988159,101,677.0,677.0,701.0,0.0,0.0,,timeout,0.0,671,6.71,13,10.1475,10.250000000000002,1.7763568394002505e-15,0.0,0,0,-917.8326681941278,False
sparse_er_200_p05_ablation,1,200,1025,10.25,mean_deg,10.25,frobenius,hybrid_frobenius,0.0,ideal,detuning_ablation,2,graph,50.0,50.0,100,101,6142,55.833937644958496,53.05758595466614,101,664.0,664.0,701.0,0.0,0.0,,timeout,0.0,661,6.61,13,10.249999999999977,10.250000000000886,8.86402062860725e-13,0.0,0,0,-919.0549914358896,False
sparse_er_200_p05_ablation,1,200,1025,10.25,mean_deg,10.25,frobenius,hybrid_frobenius,0.0,ideal,detuning_ablation,3,graph,50.0,50.0,100,101,5446,51.43398308753967,48.937129735946655,101,657.0,657.0,695.0,0.0,0.0,,timeout,0.0,650,6.5,12,10.249999999999726,10.250000000000002,1.7763568394002505e-15,0.0,0,0,-917.6154749715707,False
sparse_er_200_p05_ablation,1,200,1025,10.25,mean_deg,10.25,frobenius,hybrid_frobenius,0.0,ideal,detuning_ablation,4,graph,50.0,50.0,100,101,5134,78.92958331108093,76.6738793849945,101,649.0,649.0,700.0,0.0,0.0,,timeout,0.0,643,6.43,12,10.14749999999436,10.250000000000002,1.7763568394002505e-15,0.0,0,0,-913.6944846658466,False
sparse_er_200_p05_ablation,1,200,1025,10.25,mean_deg,10.25,frobenius,hybrid_frobenius,0.0,ideal,detuning_ablation,5,graph,50.0,50.0,100,101,5158,87.30098795890808,85.09399056434631,101,670.0,670.0,699.0,0.0,0.0,,timeout,0.0,661,6.61,12,10.234690816995107,10.250000000000004,3.552713678800501e-15,0.0,0,0,-917.9441914543593,False
sparse_er_200_p05_ablation,1,200,1025,10.25,mean_deg,10.25,frobenius,hybrid_frobenius,0.0,ideal,detuning_ablation,6,graph,50.0,50.0,100,101,5134,37.916325092315674,35.755117416381836,101,679.0,679.0,721.0,0.0,0.0,,timeout,0.0,669,6.69,12,10.249999999999686,10.250000000000004,3.552713678800501e-15,0.0,0,0,-922.2458053392702,False
sparse_er_200_p05_ablation,1,200,1025,10.25,mean_deg,10.25,frobenius,hybrid_frobenius,0.0,ideal,detuning_ablation,7,graph,50.0,50.0,100,101,5458,83.80216002464294,81.36888599395752,101,662.0,662.0,686.0,0.0,0.0,,timeout,0.0,650,6.5,13,10.118651575548371,10.250000000000004,3.552713678800501e-15,0.0,0,0,-910.7876393709802,False
sparse_er_200_p05_ablation,1,200,1025,10.25,mean_deg,10.25,frobenius,hybrid_frobenius,0.0,ideal,detuning_ablation,8,graph,50.0,50.0,100,101,5674,51.205875873565674,48.60123014450073,101,624.0,648.0,677.0,0.0,0.0,,timeout,0.0,646,6.46,12,10.249999999999654,10.250000000000002,1.7763568394002505e-15,0.0,0,0,-920.0932885622723,False
sparse_er_200_p05_ablation,1,200,1025,10.25,mean_deg,10.25,frobenius,hybrid_frobenius,0.0,ideal,detuning_ablation,9,graph,50.0,50.0,100,101,5770,86.95204162597656,84.42289876937866,101,670.0,675.0,708.0,0.0,0.0,,timeout,0.0,663,6.63,14,10.212630840363909,10.250000000000004,3.552713678800501e-15,0.0,0,0,-916.79429547045,False
sparse_er_200_p05_ablation,2,200,996,9.96,half_mean_deg,4.98,none,static,0.0,ideal,detuning_ablation,0,graph,50.0,50.0,0,0,1862,0.9522721767425537,0.0,0,706.0,710.0,716.0,0.0,0.0,,timeout,0.0,996,9.96,18,9.96,18.0,13.02,0.0,0,0,0.0,False
sparse_er_200_p05_ablation,2,200,996,9.96,half_mean_deg,4.98,none,static,0.0,ideal,detuning_ablation,1,graph,50.0,50.0,0,0,1910,1.0128021240234375,0.0,0,706.0,713.0,715.0,0.0,0.0,,timeout,0.0,996,9.96,18,9.96,18.0,13.02,0.0,0,0,0.0,False
sparse_er_200_p05_ablation,2,200,996,9.96,half_mean_deg,4.98,none,static,0.0,ideal,detuning_ablation,2,graph,50.0,50.0,0,0,1730,0.9819796085357666,0.0,0,699.0,710.0,715.0,0.0,0.0,,timeout,0.0,996,9.96,18,9.96,18.0,13.02,0.0,0,0,0.0,False
sparse_er_200_p05_ablation,2,200,996,9.96,half_mean_deg,4.98,none,static,0.0,ideal,detuning_ablation,3,graph,50.0,50.0,0,0,1970,1.0565214157104492,0.0,0,692.0,711.0,719.0,0.0,0.0,,timeout,0.0,996,9.96,18,9.96,18.0,13.02,0.0,0,0,0.0,False
sparse_er_200_p05_ablation,2,200,996,9.96,half_mean_deg,4.98,none,static,0.0,ideal,detuning_ablation,4,graph,50.0,50.0,0,0,1922,1.07252836227417,0.0,0,694.0,714.0,719.0,0.0,0.0,,timeout,0.0,996,9.96,18,9.96,18.0,13.02,0.0,0,0,0.0,False
sparse_er_200_p05_ablation,2,200,996,9.96,half_mean_deg,4.98,none,static,0.0,ideal,detuning_ablation,5,graph,50.0,50.0,0,0,1886,1.1130344867706299,0.0,0,701.0,716.0,718.0,0.0,0.0,,timeout,0.0,996,9.96,18,9.96,18.0,13.02,0.0,0,0,0.0,False
sparse_er_200_p05_ablation,2,200,996,9.96,half_mean_deg,4.98,none,static,0.0,ideal,detuning_ablation,6,graph,50.0,50.0,0,0,1958,1.050541639328003,0.0,0,703.0,708.0,719.0,0.0,0.0,,timeout,0.0,996,9.96,18,9.96,18.0,13.02,0.0,0,0,0.0,False
sparse_er_200_p05_ablation,2,200,996,9.96,half_mean_deg,4.98,none,static,0.0,ideal,detuning_ablation,7,graph,50.0,50.0,0,0,1982,1.052149772644043,0.0,0,702.0,702.0,708.0,0.0,0.0,,timeout,0.0,996,9.96,18,9.96,18.0,13.02,0.0,0,0,0.0,False
sparse_er_200_p05_ablation,2,200,996,9.96,half_mean_deg,4.98,none,static,0.0,ideal,detuning_ablation,8,graph,50.0,50.0,0,0,1766,1.0140855312347412,0.0,0,689.0,709.0,715.0,0.0,0.0,,timeout,0.0,996,9.96,18,9.96,18.0,13.02,0.0,0,0,0.0,False
sparse_er_200_p05_ablation,2,200,996,9.96,half_mean_deg,4.98,none,static,0.0,ideal,detuning_ablation,9,graph,50.0,50.0,0,0,1850,0.95564866065979,0.0,0,702.0,711.0,715.0,0.0,0.0,,timeout,0.0,996,9.96,18,9.96,18.0,13.02,0.0,0,0,0.0,False
sparse_er_200_p05_ablation,2,200,996,9.96,half_mean_deg,4.98,none,random_rounding,0.0,ideal,detuning_ablation,0,graph,50.0,50.0,0,0,1862,0.9645097255706787,0.0,0,706.0,710.0,716.0,0.0,0.0,,timeout,0.0,996,9.96,18,9.96,18.0,13.02,0.0,0,0,0.0,False
sparse_er_200_p05_ablation,2,200,996,9.96,half_mean_deg,4.98,none,random_rounding,0.0,ideal,detuning_ablation,1,graph,50.0,50.0,0,0,1910,1.0181782245635986,0.0,0,706.0,713.0,715.0,0.0,0.0,,timeout,0.0,996,9.96,18,9.96,18.0,13.02,0.0,0,0,0.0,False
sparse_er_200_p05_ablation,2,200,996,9.96,half_mean_deg,4.98,none,random_rounding,0.0,ideal,detuning_ablation,2,graph,50.0,50.0,0,0,1730,0.96116042137146,0.0,0,699.0,710.0,715.0,0.0,0.0,,timeout,0.0,996,9.96,18,9.96,18.0,13.02,0.0,0,0,0.0,False
sparse_er_200_p05_ablation,2,200,996,9.96,half_mean_deg,4.98,none,random_rounding,0.0,ideal,detuning_ablation,3,graph,50.0,50.0,0,0,1970,1.0274126529693604,0.0,0,692.0,711.0,719.0,0.0,0.0,,timeout,0.0,996,9.96,18,9.96,18.0,13.02,0.0,0,0,0.0,False
sparse_er_200_p05_ablation,2,200,996,9.96,half_mean_deg,4.98,none,random_rounding,0.0,ideal,detuning_ablation,4,graph,50.0,50.0,0,0,1922,1.0458197593688965,0.0,0,694.0,714.0,719.0,0.0,0.0,,timeout,0.0,996,9.96,18,9.96,18.0,13.02,0.0,0,0,0.0,False
sparse_er_200_p05_ablation,2,200,996,9.96,half_mean_deg,4.98,none,random_rounding,0.0,ideal,detuning_ablation,5,graph,50.0,50.0,0,0,1886,0.9807798862457275,0.0,0,701.0,716.0,718.0,0.0,0.0,,timeout,0.0,996,9.96,18,9.96,18.0,13.02,0.0,0,0,0.0,False
sparse_er_200_p05_ablation,2,200,996,9.96,half_mean_deg,4.98,none,random_rounding,0.0,ideal,detuning_ablation,6,graph,50.0,50.0,0,0,1958,1.1458547115325928,0.0,0,703.0,708.0,719.0,0.0,0.0,,timeout,0.0,996,9.96,18,9.96,18.0,13.02,0.0,0,0,0.0,False
sparse_er_200_p05_ablation,2,200,996,9.96,half_mean_deg,4.98,none,random_rounding,0.0,ideal,detuning_ablation,7,graph,50.0,50.0,0,0,1982,1.0242071151733398,0.0,0,702.0,702.0,708.0,0.0,0.0,,timeout,0.0,996,9.96,18,9.96,18.0,13.02,0.0,0,0,0.0,False
sparse_er_200_p05_ablation,2,200,996,9.96,half_mean_deg,4.98,none,random_rounding,0.0,ideal,detuning_ablation,8,graph,50.0,50.0,0,0,1766,0.9930946826934814,0.0,0,689.0,709.0,715.0,0.0,0.0,,timeout,0.0,996,9.96,18,9.96,18.0,13.02,0.0,0,0,0.0,False
sparse_er_200_p05_ablation,2,200,996,9.96,half_mean_deg,4.98,none,random_rounding,0.0,ideal,detuning_ablation,9,graph,50.0,50.0,0,0,1850,1.041987419128418,0.0,0,702.0,711.0,715.0,0.0,0.0,,timeout,0.0,996,9.96,18,9.96,18.0,13.02,0.0,0,0,0.0,False
sparse_er_200_p05_ablation,2,200,996,9.96,half_mean_deg,4.98,none,greedy,0.0,ideal,detuning_ablation,0,graph,50.0,50.0,0,0,0,0.0009961128234863281,0.0,0,672.0,672.0,672.0,0.0,0.0,,timeout,0.0,0,0.0,0,0.0,0.0,0.0,0.0,0,0,0.0,False
sparse_er_200_p05_ablation,2,200,996,9.96,half_mean_deg,4.98,none,greedy,0.0,ideal,detuning_ablation,1,graph,50.0,50.0,0,0,0,0.0008199214935302734,0.0,0,663.0,663.0,663.0,0.0,0.0,,timeout,0.0,0,0.0,0,0.0,0.0,0.0,0.0,0,0,0.0,False
sparse_er_200_p05_ablation,2,200,996,9.96,half_mean_deg,4.98,none,greedy,0.0,ideal,detuning_ablation,2,graph,50.0,50.0,0,0,0,0.001013040542602539,0.0,0,697.0,697.0,697.0,0.0,0.0,,timeout,0.0,0,0.0,0,0.0,0.0,0.0,0.0,0,0,0.0,False
sparse_er_200_p05_ablation,2,200,996,9.96,half_mean_deg,4.98,none,greedy,0.0,ideal,detuning_ablation,3,graph,50.0,50.0,0,0,0,0.0007600784301757812,0.0,0,666.0,666.0,666.0,0.0,0.0,,timeout,0.0,0,0.0,0,0.0,0.0,0.0,0.0,0,0,0.0,False
sparse_er_200_p05_ablation,2,200,996,9.96,half_mean_deg,4.98,none,greedy,0.0,ideal,detuning_ablation,4,graph,50.0,50.0,0,0,0,0.000865936279296875,0.0,0,691.0,691.0,691.0,0.0,0.0,,timeout,0.0,0,0.0,0,0.0,0.0,0.0,0.0,0,0,0.0,False
sparse_er_200_p05_ablation,2,200,996,9.96,half_mean_deg,4.98,none,greedy,0.0,ideal,detuning_ablation,5,graph,50.0,50.0,0,0,0,0.0009357929229736328,0.0,0,699.0,699.0,699.0,0.0,0.0,,timeout,0.0,0,0.0,0,0.0,0.0,0.0,0.0,0,0,0.0,False
sparse_er_200_p05_ablation,2,200,996,9.96,half_mean_deg,4.98,none,greedy,0.0,ideal,detuning_ablation,6,graph,50.0,50.0,0,0,0,0.0007128715515136719,0.0,0,680.0,680.0,680.0,0.0,0.0,,timeout,0.0,0,0.0,0,0.0,0.0,0.0,0.0,0,0,0.0,False
sparse_er_200_p05_ablation,2,200,996,9.96,half_mean_deg,4.98,none,greedy,0.0,ideal,detuning_ablation,7,graph,50.0,50.0,0,0,0,0.0008912086486816406,0.0,0,690.0,690.0,690.0,0.0,0.0,,timeout,0.0,0,0.0,0,0.0,0.0,0.0,0.0,0,0,0.0,False
sparse_er_200_p05_ablation,2,200,996,9.96,half_mean_deg,4.98,none,greedy,0.0,ideal,detuning_ablation,8,graph,50.0,50.0,0,0,0,0.0013170242309570312,0.0,0,687.0,687.0,687.0,0.0,0.0,,timeout,0.0,0,0.0,0,0.0,0.0,0.0,0.0,0,0,0.0,False
sparse_er_200_p05_ablation,2,200,996,9.96,half_mean_deg,4.98,none,greedy,0.0,ideal,detuning_ablation,9,graph,50.0,50.0,0,0,0,0.0007147789001464844,0.0,0,704.0,704.0,704.0,0.0,0.0,,timeout,0.0,0,0.0,0,0.0,0.0,0.0,0.0,0,0,0.0,False
sparse_er_200_p05_ablation,2,200,996,9.96,half_mean_deg,4.98,none,static_projected,0.0,ideal,detuning_ablation,0,graph,50.0,50.0,0,1,1046,0.6086249351501465,0.0795583724975586,1,689.0,703.0,716.0,0.0,0.0,,timeout,0.0,996,9.96,18,4.817760886526225,4.98000000000078,7.7982065249671e-13,0.0,0,0,0.0,False
sparse_er_200_p05_ablation,2,200,996,9.96,half_mean_deg,4.98,none,static_projected,0.0,ideal,detuning_ablation,1,graph,50.0,50.0,0,1,1070,0.6811091899871826,0.08791017532348633,1,688.0,690.0,705.0,0.0,0.0,,timeout,0.0,996,9.96,18,4.817760886526225,4.98000000000078,7.7982065249671e-13,0.0,0,0,0.0,False
sparse_er_200_p05_ablation,2,200,996,9.96,half_mean_deg,4.98,none,static_projected,0.0,ideal,detuning_ablation,2,graph,50.0,50.0,0,1,1058,0.6739771366119385,0.06396770477294922,1,701.0,701.0,708.0,0.0,0.0,,timeout,0.0,996,9.96,18,4.817760886526225,4.98000000000078,7.7982065249671e-13,0.0,0,0,0.0,False
sparse_er_200_p05_ablation,2,200,996,9.96,half_mean_deg,4.98,none,static_projected,0.0,ideal,detuning_ablation,3,graph,50.0,50.0,0,1,1070,0.6851658821105957,0.07763338088989258,1,684.0,697.0,709.0,0.0,0.0,,timeout,0.0,996,9.96,18,4.817760886526225,4.98000000000078,7.7982065249671e-13,0.0,0,0,0.0,False
sparse_er_200_p05_ablation,2,200,996,9.96,half_mean_deg,4.98,none,static_projected,0.0,ideal,detuning_ablation,4,graph,50.0,50.0,0,1,1142,0.7054629325866699,0.09191703796386719,1,683.0,695.0,711.0,0.0,0.0,,timeout,0.0,996,9.96,18,4.817760886526225,4.98000000000078,7.7982065249671e-13,0.0,0,0,0.0,False
sparse_er_200_p05_ablation,2,200,996,9.96,half_mean_deg,4.98,none,static_projected,0.0,ideal,detuning_ablation,5,graph,50.0,50.0,0,1,962,0.5688128471374512,0.0762946605682373,1,676.0,689.0,705.0,0.0,0.0,,timeout,0.0,996,9.96,18,4.817760886526225,4.98000000000078,7.7982065249671e-13,0.0,0,0,0.0,False
sparse_er_200_p05_ablation,2,200,996,9.96,half_mean_deg,4.98,none,static_projected,0.0,ideal,detuning_ablation,6,graph,50.0,50.0,0,1,1166,0.7194924354553223,0.08048868179321289,1,693.0,697.0,713.0,0.0,0.0,,timeout,0.0,996,9.96,18,4.817760886526225,4.98000000000078,7.7982065249671e-13,0.0,0,0,0.0,False
sparse_er_200_p05_ablation,2,200,996,9.96,half_mean_deg,4.98,none,static_projected,0.0,ideal,detuning_ablation,7,graph,50.0,50.0,0,1,1118,0.6287100315093994,0.06486964225769043,1,674.0,690.0,706.0,0.0,0.0,,timeout,0.0,996,9.96,18,4.817760886526225,4.98000000000078,7.7982065249671e-13,0.0,0,0,0.0,False
sparse_er_200_p05_ablation,2,200,996,9.96,half_mean_deg,4.98,none,static_projected,0.0,ideal,detuning_ablation,8,graph,50.0,50.0,0,1,1070,0.658177375793457,0.07393312454223633,1,694.0,694.0,704.0,0.0,0.0,,timeout,0.0,996,9.96,18,4.817760886526225,4.98000000000078,7.7982065249671e-13,0.0,0,0,0.0,False
sparse_er_200_p05_ablation,2,200,996,9.96,half_mean_deg,4.98,none,static_projected,0.0,ideal,detuning_ablation,9,graph,50.0,50.0,0,1,1250,0.7609889507293701,0.07843470573425293,1,682.0,693.0,704.0,0.0,0.0,,timeout,0.0,996,9.96,18,4.817760886526225,4.98000000000078,7.7982065249671e-13,0.0,0,0,0.0,False
sparse_er_200_p05_ablation,2,200,996,9.96,half_mean_deg,4.98,none,static_budgeted,0.0,ideal,detuning_ablation,0,graph,50.0,50.0,0,1,1094,0.6677625179290771,0.06481337547302246,1,666.0,687.0,702.0,0.0,0.0,,timeout,0.0,755,7.55,14,4.8011759094051545,4.980000000000001,8.881784197001252e-16,0.0,0,0,0.0,False
sparse_er_200_p05_ablation,2,200,996,9.96,half_mean_deg,4.98,none,static_budgeted,0.0,ideal,detuning_ablation,1,graph,50.0,50.0,0,1,1238,0.7418863773345947,0.07555365562438965,1,662.0,672.0,695.0,0.0,0.0,,timeout,0.0,749,7.49,14,4.7712564184171375,4.980000000000002,1.7763568394002505e-15,0.0,0,0,0.0,False
sparse_er_200_p05_ablation,2,200,996,9.96,half_mean_deg,4.98,none,static_budgeted,0.0,ideal,detuning_ablation,2,graph,50.0,50.0,0,1,1262,0.7798545360565186,0.09258460998535156,1,679.0,679.0,688.0,0.0,0.0,,timeout,0.0,741,7.41,15,4.759491925588119,4.980000000000001,8.881784197001252e-16,0.0,0,0,0.0,False
sparse_er_200_p05_ablation,2,200,996,9.96,half_mean_deg,4.98,none,static_budgeted,0.0,ideal,detuning_ablation,3,graph,50.0,50.0,0,1,1130,0.7022802829742432,0.07465672492980957,1,650.0,685.0,704.0,0.0,0.0,,timeout,0.0,753,7.53,14,4.77675331028465,4.980000000000001,8.881784197001252e-16,0.0,0,0,0.0,False
sparse_er_200_p05_ablation,2,200,996,9.96,half_mean_deg,4.98,none,static_budgeted,0.0,ideal,detuning_ablation,4,graph,50.0,50.0,0,1,1166,0.6961283683776855,0.07774472236633301,1,647.0,669.0,692.0,0.0,0.0,,timeout,0.0,748,7.48,13,4.776681768786781,4.980000000000001,8.881784197001252e-16,0.0,0,0,0.0,False
sparse_er_200_p05_ablation,2,200,996,9.96,half_mean_deg,4.98,none,static_budgeted,0.0,ideal,detuning_ablation,5,graph,50.0,50.0,0,1,974,0.6326937675476074,0.092376708984375,1,676.0,686.0,699.0,0.0,0.0,,timeout,0.0,750,7.5,14,4.793286002062868,4.980000000000819,8.189005029635155e-13,0.0,0,0,0.0,False
sparse_er_200_p05_ablation,2,200,996,9.96,half_mean_deg,4.98,none,static_budgeted,0.0,ideal,detuning_ablation,6,graph,50.0,50.0,0,1,1202,0.7663722038269043,0.09001803398132324,1,658.0,673.0,701.0,0.0,0.0,,timeout,0.0,751,7.51,13,4.7494687187298705,4.980000000000002,1.7763568394002505e-15,0.0,0,0,0.0,False
sparse_er_200_p05_ablation,2,200,996,9.96,half_mean_deg,4.98,none,static_budgeted,0.0,ideal,detuning_ablation,7,graph,50.0,50.0,0,1,1130,0.6616537570953369,0.08026790618896484,1,673.0,678.0,697.0,0.0,0.0,,timeout,0.0,738,7.38,15,4.748891781956228,4.9800000000006746,6.741274205523951e-13,0.0,0,0,0.0,False
sparse_er_200_p05_ablation,2,200,996,9.96,half_mean_deg,4.98,none,static_budgeted,0.0,ideal,detuning_ablation,8,graph,50.0,50.0,0,1,1082,0.697209358215332,0.08258199691772461,1,660.0,673.0,699.0,0.0,0.0,,timeout,0.0,749,7.49,15,4.751261968930177,4.98000000000087,8.695266728864226e-13,0.0,0,0,0.0,False
sparse_er_200_p05_ablation,2,200,996,9.96,half_mean_deg,4.98,none,static_budgeted,0.0,ideal,detuning_ablation,9,graph,50.0,50.0,0,1,1130,0.653214693069458,0.0769498348236084,1,651.0,679.0,698.0,0.0,0.0,,timeout,0.0,755,7.55,14,4.759138148862084,4.9800000000008,7.993605777301127e-13,0.0,0,0,0.0,False
sparse_er_200_p05_ablation,2,200,996,9.96,half_mean_deg,4.98,none,random_budgeted,0.0,ideal,detuning_ablation,0,graph,50.0,50.0,0,1,986,0.5517525672912598,0.03883719444274902,1,676.0,681.0,692.0,0.0,0.0,,timeout,0.0,979,9.79,17,4.140101591314792,4.980000000000771,7.709388682997087e-13,0.0,0,0,0.0,False
sparse_er_200_p05_ablation,2,200,996,9.96,half_mean_deg,4.98,none,random_budgeted,0.0,ideal,detuning_ablation,1,graph,50.0,50.0,0,1,1058,0.59706711769104,0.03613090515136719,1,682.0,692.0,703.0,0.0,0.0,,timeout,0.0,969,9.69,16,4.160757396867375,4.980000000000176,1.758593271006248e-13,0.0,0,0,0.0,False
sparse_er_200_p05_ablation,2,200,996,9.96,half_mean_deg,4.98,none,random_budgeted,0.0,ideal,detuning_ablation,2,graph,50.0,50.0,0,1,974,0.5525457859039307,0.042803287506103516,1,672.0,699.0,708.0,0.0,0.0,,timeout,0.0,981,9.81,17,4.0565736465291495,4.980000000000779,7.789324740770098e-13,0.0,0,0,0.0,False
sparse_er_200_p05_ablation,2,200,996,9.96,half_mean_deg,4.98,none,random_budgeted,0.0,ideal,detuning_ablation,3,graph,50.0,50.0,0,1,1130,0.7732369899749756,0.17432665824890137,1,672.0,694.0,706.0,0.0,0.0,,timeout,0.0,975,9.75,18,4.154193410754905,4.980000000000218,2.1760371282653068e-13,0.0,0,0,0.0,False
sparse_er_200_p05_ablation,2,200,996,9.96,half_mean_deg,4.98,none,random_budgeted,0.0,ideal,detuning_ablation,4,graph,50.0,50.0,0,1,1130,0.7168893814086914,0.03963899612426758,1,690.0,690.0,709.0,0.0,0.0,,timeout,0.0,975,9.75,17,4.1303466845756525,4.980000000000846,8.455458555545192e-13,0.0,0,0,0.0,False
sparse_er_200_p05_ablation,2,200,996,9.96,half_mean_deg,4.98,none,random_budgeted,0.0,ideal,detuning_ablation,5,graph,50.0,50.0,0,1,1034,0.6582562923431396,0.036690473556518555,1,666.0,678.0,690.0,0.0,0.0,,timeout,0.0,975,9.75,17,4.157441806738587,4.980000000000376,3.7569947153315297e-13,0.0,0,0,0.0,False
sparse_er_200_p05_ablation,2,200,996,9.96,half_mean_deg,4.98,none,random_budgeted,0.0,ideal,detuning_ablation,6,graph,50.0,50.0,0,1,1070,0.6490292549133301,0.04193282127380371,1,680.0,686.0,705.0,0.0,0.0,,timeout,0.0,974,9.74,17,4.125725278370179,4.980000000000002,1.7763568394002505e-15,0.0,0,0,0.0,False
sparse_er_200_p05_ablation,2,200,996,9.96,half_mean_deg,4.98,none,random_budgeted,0.0,ideal,detuning_ablation,7,graph,50.0,50.0,0,1,1070,0.6439998149871826,0.053888797760009766,1,685.0,693.0,708.0,0.0,0.0,,timeout,0.0,978,9.78,16,4.148024304761092,4.980000000000292,2.913225216616411e-13,0.0,0,0,0.0,False
sparse_er_200_p05_ablation,2,200,996,9.96,half_mean_deg,4.98,none,random_budgeted,0.0,ideal,detuning_ablation,8,graph,50.0,50.0,0,1,1262,0.6935389041900635,0.040357112884521484,1,675.0,689.0,705.0,0.0,0.0,,timeout,0.0,974,9.74,18,4.196322704628649,4.980000000000001,8.881784197001252e-16,0.0,0,0,0.0,False
sparse_er_200_p05_ablation,2,200,996,9.96,half_mean_deg,4.98,none,random_budgeted,0.0,ideal,detuning_ablation,9,graph,50.0,50.0,0,1,1118,0.6363863945007324,0.03765082359313965,1,673.0,683.0,707.0,0.0,0.0,,timeout,0.0,977,9.77,17,4.1117466166083,4.980000000000162,1.616484723854228e-13,0.0,0,0,0.0,False
sparse_er_200_p05_ablation,2,200,996,9.96,half_mean_deg,4.98,none,learned_support_random_weights,0.0,ideal,detuning_ablation,0,hebbian_seed0,50.0,50.0,0,1,1022,0.5316705703735352,0.012740850448608398,1,628.0,628.0,690.0,0.0,0.0,,timeout,0.0,607,6.07,11,2.985180027363285,4.98,0.0,0.0,0,0,0.0,False
sparse_er_200_p05_ablation,2,200,996,9.96,half_mean_deg,4.98,none,learned_support_random_weights,0.0,ideal,detuning_ablation,1,hebbian_seed0,50.0,50.0,0,1,986,0.5558907985687256,0.023606300354003906,1,628.0,634.0,696.0,0.0,0.0,,timeout,0.0,608,6.08,11,3.05578479823297,4.98000000000013,1.2967404927621828e-13,0.0,0,0,0.0,False
sparse_er_200_p05_ablation,2,200,996,9.96,half_mean_deg,4.98,none,learned_support_random_weights,0.0,ideal,detuning_ablation,2,hebbian_seed0,50.0,50.0,0,1,902,0.47267675399780273,0.026698589324951172,1,630.0,637.0,699.0,0.0,0.0,,timeout,0.0,608,6.08,11,2.9518347805192464,4.980000000000002,1.7763568394002505e-15,0.0,0,0,0.0,False
sparse_er_200_p05_ablation,2,200,996,9.96,half_mean_deg,4.98,none,learned_support_random_weights,0.0,ideal,detuning_ablation,3,hebbian_seed0,50.0,50.0,0,1,926,0.46721839904785156,0.021790742874145508,1,575.0,642.0,697.0,0.0,0.0,,timeout,0.0,608,6.08,11,2.965942146273753,4.980000000000065,6.483702463810914e-14,0.0,0,0,0.0,False
sparse_er_200_p05_ablation,2,200,996,9.96,half_mean_deg,4.98,none,learned_support_random_weights,0.0,ideal,detuning_ablation,4,hebbian_seed0,50.0,50.0,0,1,938,0.5181059837341309,0.012359619140625,1,628.0,633.0,690.0,0.0,0.0,,timeout,0.0,608,6.08,11,2.9281860415950463,4.980000000000096,9.592326932761353e-14,0.0,0,0,0.0,False
sparse_er_200_p05_ablation,2,200,996,9.96,half_mean_deg,4.98,none,learned_support_random_weights,0.0,ideal,detuning_ablation,5,hebbian_seed0,50.0,50.0,0,1,1070,0.5273787975311279,0.010771512985229492,1,630.0,631.0,700.0,0.0,0.0,,timeout,0.0,608,6.08,11,3.0433061041947234,4.980000000000002,1.7763568394002505e-15,0.0,0,0,0.0,False
sparse_er_200_p05_ablation,2,200,996,9.96,half_mean_deg,4.98,none,learned_support_random_weights,0.0,ideal,detuning_ablation,6,hebbian_seed0,50.0,50.0,0,1,962,0.5410153865814209,0.02169656753540039,1,628.0,641.0,688.0,0.0,0.0,,timeout,0.0,607,6.07,11,3.023264519361862,4.980000000000086,8.526512829121202e-14,0.0,0,0,0.0,False
sparse_er_200_p05_ablation,2,200,996,9.96,half_mean_deg,4.98,none,learned_support_random_weights,0.0,ideal,detuning_ablation,7,hebbian_seed0,50.0,50.0,0,1,950,0.508671760559082,0.021297454833984375,1,619.0,628.0,690.0,0.0,0.0,,timeout,0.0,608,6.08,11,3.035315068164444,4.9800000000000555,5.5067062021407764e-14,0.0,0,0,0.0,False
sparse_er_200_p05_ablation,2,200,996,9.96,half_mean_deg,4.98,none,learned_support_random_weights,0.0,ideal,detuning_ablation,8,hebbian_seed0,50.0,50.0,0,1,962,0.4815394878387451,0.021243810653686523,1,628.0,636.0,703.0,0.0,0.0,,timeout,0.0,607,6.07,11,3.1203380103366785,4.98,0.0,0.0,0,0,0.0,False
sparse_er_200_p05_ablation,2,200,996,9.96,half_mean_deg,4.98,none,learned_support_random_weights,0.0,ideal,detuning_ablation,9,hebbian_seed0,50.0,50.0,0,1,1250,0.6408500671386719,0.013844728469848633,1,627.0,630.0,685.0,0.0,0.0,,timeout,0.0,607,6.07,11,2.90879465624791,4.980000000000005,4.440892098500626e-15,0.0,0,0,0.0,False
sparse_er_200_p05_ablation,2,200,996,9.96,half_mean_deg,4.98,none,topology_scrambled,0.0,ideal,detuning_ablation,0,graph,50.0,50.0,100,101,3416,84.75344753265381,82.90058183670044,101,531.0,555.0,684.0,0.0,0.0,,timeout,0.0,477,4.77,9,4.961329684668345,4.980000000000001,8.881784197001252e-16,0.0,0,12,-454.303905471906,False
sparse_er_200_p05_ablation,2,200,996,9.96,half_mean_deg,4.98,none,topology_scrambled,0.0,ideal,detuning_ablation,1,graph,50.0,50.0,100,101,2984,70.03602409362793,68.39835810661316,101,517.0,542.0,685.0,0.0,0.0,,timeout,0.0,519,5.19,10,4.979999999999965,4.980000000000999,9.983125437429408e-13,0.0,0,0,-460.51634044689746,False
sparse_er_200_p05_ablation,2,200,996,9.96,half_mean_deg,4.98,none,topology_scrambled,0.0,ideal,detuning_ablation,2,graph,50.0,50.0,100,101,3692,86.30481195449829,84.06577157974243,101,525.0,542.0,692.0,0.0,0.0,,timeout,0.0,430,4.3,10,4.979999963659778,4.980000000000002,1.7763568394002505e-15,0.0,0,29,-446.15522212118987,False
sparse_er_200_p05_ablation,2,200,996,9.96,half_mean_deg,4.98,none,topology_scrambled,0.0,ideal,detuning_ablation,3,graph,50.0,50.0,100,101,3632,85.03113174438477,82.98381185531616,101,515.0,526.0,682.0,0.0,0.0,,timeout,0.0,535,5.35,11,4.97594369757742,4.980000000000001,8.881784197001252e-16,0.0,0,0,-457.17169894678153,False
sparse_er_200_p05_ablation,2,200,996,9.96,half_mean_deg,4.98,none,topology_scrambled,0.0,ideal,detuning_ablation,4,graph,50.0,50.0,100,101,3464,87.08316946029663,85.17930865287781,101,541.0,554.0,693.0,0.0,0.0,,timeout,0.0,477,4.77,10,4.975184316605459,4.980000000000001,8.881784197001252e-16,0.0,0,0,-453.0573699918588,False
sparse_er_200_p05_ablation,2,200,996,9.96,half_mean_deg,4.98,none,topology_scrambled,0.0,ideal,detuning_ablation,5,graph,50.0,50.0,100,101,3524,63.44073557853699,61.49163603782654,101,492.0,502.0,683.0,0.0,0.0,,timeout,0.0,582,5.82,13,4.979999999999682,4.980000000000001,8.881784197001252e-16,0.0,0,0,-466.9494486005617,False
sparse_er_200_p05_ablation,2,200,996,9.96,half_mean_deg,4.98,none,topology_scrambled,0.0,ideal,detuning_ablation,6,graph,50.0,50.0,100,101,3392,54.98738431930542,53.104856967926025,101,506.0,506.0,675.0,0.0,0.0,,timeout,0.0,577,5.77,10,4.979999999999652,4.980000000000002,1.7763568394002505e-15,0.0,0,0,-467.21385586115866,False
sparse_er_200_p05_ablation,2,200,996,9.96,half_mean_deg,4.98,none,topology_scrambled,0.0,ideal,detuning_ablation,7,graph,50.0,50.0,100,101,3620,80.64974880218506,78.62482237815857,101,529.0,540.0,677.0,0.0,0.0,,timeout,0.0,527,5.27,11,4.979999999999719,4.980000000000001,8.881784197001252e-16,0.0,0,0,-460.0624074000906,False
sparse_er_200_p05_ablation,2,200,996,9.96,half_mean_deg,4.98,none,topology_scrambled,0.0,ideal,detuning_ablation,8,graph,50.0,50.0,100,101,3524,85.39533519744873,83.46974110603333,101,525.0,529.0,691.0,0.0,0.0,,timeout,0.0,537,5.37,10,4.979999999999588,4.980000000000001,8.881784197001252e-16,0.0,0,1,-461.8700343131858,False
sparse_er_200_p05_ablation,2,200,996,9.96,half_mean_deg,4.98,none,topology_scrambled,0.0,ideal,detuning_ablation,9,graph,50.0,50.0,100,101,3608,67.74391222000122,65.72432947158813,101,494.0,508.0,690.0,0.0,0.0,,timeout,0.0,585,5.85,11,4.979999999999983,4.980000000000425,4.2454928461665986e-13,0.0,0,0,-465.4572572567408,False
sparse_er_200_p05_ablation,2,200,996,9.96,half_mean_deg,4.98,sinkhorn,hebbian_sinkhorn,0.0,ideal,detuning_ablation,0,graph,50.0,50.0,100,100,2780,1.8637633323669434,0.0,0,642.0,642.0,675.0,0.0,0.0,,timeout,0.0,642,6.42,13,4.652241243758794,4.980000000000002,1.7763568394002505e-15,0.0,0,3,-443.87633439731945,False
sparse_er_200_p05_ablation,2,200,996,9.96,half_mean_deg,4.98,sinkhorn,hebbian_sinkhorn,0.0,ideal,detuning_ablation,1,graph,50.0,50.0,100,100,2720,1.7815563678741455,0.0,0,613.0,613.0,670.0,0.0,0.0,,timeout,0.0,609,6.09,13,4.618818466237354,4.980000000000001,8.881784197001252e-16,0.0,0,0,-438.76615142082517,False
sparse_er_200_p05_ablation,2,200,996,9.96,half_mean_deg,4.98,sinkhorn,hebbian_sinkhorn,0.0,ideal,detuning_ablation,2,graph,50.0,50.0,100,100,2720,1.8490231037139893,0.0,0,592.0,592.0,681.0,0.0,0.0,,timeout,0.0,591,5.91,13,4.630302499051236,4.980000000000001,8.881784197001252e-16,0.0,0,11,-438.8317470582212,False
sparse_er_200_p05_ablation,2,200,996,9.96,half_mean_deg,4.98,sinkhorn,hebbian_sinkhorn,0.0,ideal,detuning_ablation,3,graph,50.0,50.0,100,100,2780,1.8363056182861328,0.0,0,641.0,641.0,686.0,0.0,0.0,,timeout,0.0,641,6.41,12,4.641722246540014,4.98,0.0,0.0,0,0,-441.9862245827096,False
sparse_er_200_p05_ablation,2,200,996,9.96,half_mean_deg,4.98,sinkhorn,hebbian_sinkhorn,0.0,ideal,detuning_ablation,4,graph,50.0,50.0,100,100,2696,1.9942541122436523,0.0,0,627.0,627.0,676.0,0.0,0.0,,timeout,0.0,627,6.27,12,4.600673896821325,4.980000000000001,8.881784197001252e-16,0.0,0,9,-437.2435267198919,False
sparse_er_200_p05_ablation,2,200,996,9.96,half_mean_deg,4.98,sinkhorn,hebbian_sinkhorn,0.0,ideal,detuning_ablation,5,graph,50.0,50.0,100,100,2684,1.880265474319458,0.0,0,611.0,618.0,678.0,0.0,0.0,,timeout,0.0,611,6.11,12,4.608418539517507,4.980000000000001,8.881784197001252e-16,0.0,0,0,-438.22440221295267,False
sparse_er_200_p05_ablation,2,200,996,9.96,half_mean_deg,4.98,sinkhorn,hebbian_sinkhorn,0.0,ideal,detuning_ablation,6,graph,50.0,50.0,100,100,2864,1.9162542819976807,0.0,0,639.0,640.0,691.0,0.0,0.0,,timeout,0.0,636,6.36,14,4.611453333603655,4.980000000000001,8.881784197001252e-16,0.0,0,0,-439.0433387116756,False
sparse_er_200_p05_ablation,2,200,996,9.96,half_mean_deg,4.98,sinkhorn,hebbian_sinkhorn,0.0,ideal,detuning_ablation,7,graph,50.0,50.0,100,100,2792,1.9736216068267822,0.0,0,624.0,624.0,682.0,0.0,0.0,,timeout,0.0,624,6.24,14,4.649315723896955,4.980000000000001,8.881784197001252e-16,0.0,0,0,-442.381328818298,False
sparse_er_200_p05_ablation,2,200,996,9.96,half_mean_deg,4.98,sinkhorn,hebbian_sinkhorn,0.0,ideal,detuning_ablation,8,graph,50.0,50.0,100,100,2780,1.8449277877807617,0.0,0,541.0,615.0,696.0,0.0,0.0,,timeout,0.0,615,6.15,12,4.623548846911275,4.98,0.0,0.0,0,0,-439.9474767160553,False
sparse_er_200_p05_ablation,2,200,996,9.96,half_mean_deg,4.98,sinkhorn,hebbian_sinkhorn,0.0,ideal,detuning_ablation,9,graph,50.0,50.0,100,100,2732,2.019719362258911,0.0,0,626.0,626.0,690.0,0.0,0.0,,timeout,0.0,626,6.26,15,4.65035000208873,4.980000000000001,8.881784197001252e-16,0.0,0,0,-441.75204670001756,False
sparse_er_200_p05_ablation,2,200,996,9.96,half_mean_deg,4.98,sinkhorn,hybrid_sinkhorn,0.0,ideal,detuning_ablation,0,graph,50.0,50.0,100,100,3730,2.1822891235351562,0.0,0,642.0,642.0,675.0,0.0,0.0,,timeout,0.0,642,6.42,13,4.652241243758794,4.980000000000002,1.7763568394002505e-15,0.0,0,3,-443.87633439731945,False
sparse_er_200_p05_ablation,2,200,996,9.96,half_mean_deg,4.98,sinkhorn,hybrid_sinkhorn,0.0,ideal,detuning_ablation,1,graph,50.0,50.0,100,100,3646,2.1553239822387695,0.0,0,600.0,609.0,670.0,0.0,0.0,,timeout,0.0,609,6.09,13,4.618818466237354,4.980000000000001,8.881784197001252e-16,0.0,0,0,-438.76615142082517,False
sparse_er_200_p05_ablation,2,200,996,9.96,half_mean_deg,4.98,sinkhorn,hybrid_sinkhorn,0.0,ideal,detuning_ablation,2,graph,50.0,50.0,100,100,3622,2.3556108474731445,0.0,0,591.0,591.0,666.0,0.0,0.0,,timeout,0.0,591,5.91,13,4.630302499051236,4.980000000000001,8.881784197001252e-16,0.0,0,11,-438.8317470582212,False
sparse_er_200_p05_ablation,2,200,996,9.96,half_mean_deg,4.98,sinkhorn,hybrid_sinkhorn,0.0,ideal,detuning_ablation,3,graph,50.0,50.0,100,100,3706,2.1936511993408203,0.0,0,641.0,641.0,686.0,0.0,0.0,,timeout,0.0,641,6.41,12,4.641722246540014,4.98,0.0,0.0,0,0,-441.9862245827096,False
sparse_er_200_p05_ablation,2,200,996,9.96,half_mean_deg,4.98,sinkhorn,hybrid_sinkhorn,0.0,ideal,detuning_ablation,4,graph,50.0,50.0,100,100,3622,2.2784297466278076,0.0,0,627.0,627.0,676.0,0.0,0.0,,timeout,0.0,627,6.27,12,4.600673896821325,4.980000000000001,8.881784197001252e-16,0.0,0,9,-437.2435267198919,False
sparse_er_200_p05_ablation,2,200,996,9.96,half_mean_deg,4.98,sinkhorn,hybrid_sinkhorn,0.0,ideal,detuning_ablation,5,graph,50.0,50.0,100,100,3598,2.250314712524414,0.0,0,611.0,616.0,674.0,0.0,0.0,,timeout,0.0,611,6.11,12,4.608418539517507,4.980000000000001,8.881784197001252e-16,0.0,0,0,-438.22440221295267,False
sparse_er_200_p05_ablation,2,200,996,9.96,half_mean_deg,4.98,sinkhorn,hybrid_sinkhorn,0.0,ideal,detuning_ablation,6,graph,50.0,50.0,100,100,3778,2.3112375736236572,0.0,0,636.0,639.0,689.0,0.0,0.0,,timeout,0.0,636,6.36,14,4.611453333603655,4.980000000000001,8.881784197001252e-16,0.0,0,0,-439.0433387116756,False
sparse_er_200_p05_ablation,2,200,996,9.96,half_mean_deg,4.98,sinkhorn,hybrid_sinkhorn,0.0,ideal,detuning_ablation,7,graph,50.0,50.0,100,100,3730,2.4066150188446045,0.0,0,624.0,625.0,693.0,0.0,0.0,,timeout,0.0,624,6.24,14,4.649315723896955,4.980000000000001,8.881784197001252e-16,0.0,0,0,-442.381328818298,False
sparse_er_200_p05_ablation,2,200,996,9.96,half_mean_deg,4.98,sinkhorn,hybrid_sinkhorn,0.0,ideal,detuning_ablation,8,graph,50.0,50.0,100,100,3682,2.4076859951019287,0.0,0,615.0,618.0,696.0,0.0,0.0,,timeout,0.0,615,6.15,12,4.623548846911275,4.98,0.0,0.0,0,0,-439.9474767160553,False
sparse_er_200_p05_ablation,2,200,996,9.96,half_mean_deg,4.98,sinkhorn,hybrid_sinkhorn,0.0,ideal,detuning_ablation,9,graph,50.0,50.0,100,100,3682,2.3719849586486816,0.0,0,626.0,626.0,690.0,0.0,0.0,,timeout,0.0,626,6.26,15,4.65035000208873,4.980000000000001,8.881784197001252e-16,0.0,0,0,-441.75204670001756,False
sparse_er_200_p05_ablation,2,200,996,9.96,half_mean_deg,4.98,frobenius,hebbian_frobenius,0.0,ideal,detuning_ablation,0,graph,50.0,50.0,100,101,3284,63.136497497558594,61.446375608444214,101,613.0,627.0,678.0,0.0,0.0,,timeout,0.0,596,5.96,12,4.979999999999986,4.980000000000644,6.439293542825908e-13,0.0,0,0,-467.57613881323414,False
sparse_er_200_p05_ablation,2,200,996,9.96,half_mean_deg,4.98,frobenius,hebbian_frobenius,0.0,ideal,detuning_ablation,1,graph,50.0,50.0,100,101,2972,30.618974208831787,29.0316104888916,101,605.0,610.0,679.0,0.0,0.0,,timeout,0.0,591,5.91,11,4.979999999999806,4.980000000000001,8.881784197001252e-16,0.0,0,0,-467.31584094039533,False
sparse_er_200_p05_ablation,2,200,996,9.96,half_mean_deg,4.98,frobenius,hebbian_frobenius,0.0,ideal,detuning_ablation,2,graph,50.0,50.0,100,101,2924,28.01222038269043,26.472599506378174,101,600.0,605.0,681.0,0.0,0.0,,timeout,0.0,581,5.81,10,4.98000000000001,4.980000000000799,7.984723993104126e-13,0.0,0,37,-466.0275294861064,False
sparse_er_200_p05_ablation,2,200,996,9.96,half_mean_deg,4.98,frobenius,hebbian_frobenius,0.0,ideal,detuning_ablation,3,graph,50.0,50.0,100,101,3320,57.32512021064758,55.58452558517456,101,630.0,630.0,692.0,0.0,0.0,,timeout,0.0,607,6.07,11,4.979999999999657,4.980000000000001,8.881784197001252e-16,0.0,0,0,-467.44046874675024,False
sparse_er_200_p05_ablation,2,200,996,9.96,half_mean_deg,4.98,frobenius,hebbian_frobenius,0.0,ideal,detuning_ablation,4,graph,50.0,50.0,100,101,3032,78.11489391326904,76.53599143028259,101,633.0,640.0,684.0,0.0,0.0,,timeout,0.0,609,6.09,12,4.979999999999842,4.980000000000001,8.881784197001252e-16,0.0,0,20,-467.1209990205505,False
sparse_er_200_p05_ablation,2,200,996,9.96,half_mean_deg,4.98,frobenius,hebbian_frobenius,0.0,ideal,detuning_ablation,5,graph,50.0,50.0,100,101,3104,48.27165627479553,46.70543122291565,101,611.0,615.0,677.0,0.0,0.0,,timeout,0.0,593,5.93,13,4.979999999999733,4.980000000000001,8.881784197001252e-16,0.0,0,0,-468.3021030465061,False
sparse_er_200_p05_ablation,2,200,996,9.96,half_mean_deg,4.98,frobenius,hebbian_frobenius,0.0,ideal,detuning_ablation,6,graph,50.0,50.0,100,101,3452,88.74204754829407,86.93199276924133,101,622.0,633.0,683.0,0.0,0.0,,timeout,0.0,554,5.54,11,4.979993978048355,4.980000000000002,1.7763568394002505e-15,0.0,0,0,-460.8549454930066,False
sparse_er_200_p05_ablation,2,200,996,9.96,half_mean_deg,4.98,frobenius,hebbian_frobenius,0.0,ideal,detuning_ablation,7,graph,50.0,50.0,100,101,2804,72.90942168235779,71.44880700111389,101,611.0,612.0,691.0,0.0,0.0,,timeout,0.0,579,5.79,11,4.979999999999754,4.980000000000001,8.881784197001252e-16,0.0,0,26,-466.75037311658883,False
sparse_er_200_p05_ablation,2,200,996,9.96,half_mean_deg,4.98,frobenius,hebbian_frobenius,0.0,ideal,detuning_ablation,8,graph,50.0,50.0,100,101,2900,38.769227504730225,37.29770255088806,101,594.0,620.0,686.0,0.0,0.0,,timeout,0.0,607,6.07,12,4.979999999999588,4.980000000000001,8.881784197001252e-16,0.0,0,0,-469.3962239653623,False
sparse_er_200_p05_ablation,2,200,996,9.96,half_mean_deg,4.98,frobenius,hebbian_frobenius,0.0,ideal,detuning_ablation,9,graph,50.0,50.0,100,101,3632,81.79808497428894,79.85588526725769,101,628.0,632.0,698.0,0.0,0.0,,timeout,0.0,586,5.86,11,4.980000000000002,4.980000000000286,2.859934511434403e-13,0.0,0,1,-464.3485064688557,False
sparse_er_200_p05_ablation,2,200,996,9.96,half_mean_deg,4.98,frobenius,hybrid_frobenius,0.0,ideal,detuning_ablation,0,graph,50.0,50.0,100,101,4258,63.32583498954773,61.25140452384949,101,618.0,618.0,673.0,0.0,0.0,,timeout,0.0,596,5.96,12,4.979999999999986,4.980000000000644,6.439293542825908e-13,0.0,0,0,-467.57613881323414,False
sparse_er_200_p05_ablation,2,200,996,9.96,half_mean_deg,4.98,frobenius,hybrid_frobenius,0.0,ideal,detuning_ablation,1,graph,50.0,50.0,100,101,3946,31.251523971557617,29.248058319091797,101,590.0,610.0,679.0,0.0,0.0,,timeout,0.0,591,5.91,11,4.979999999999806,4.980000000000001,8.881784197001252e-16,0.0,0,0,-467.31584094039533,False
sparse_er_200_p05_ablation,2,200,996,9.96,half_mean_deg,4.98,frobenius,hybrid_frobenius,0.0,ideal,detuning_ablation,2,graph,50.0,50.0,100,101,3922,28.361308336257935,26.368059396743774,101,602.0,603.0,681.0,0.0,0.0,,timeout,0.0,581,5.81,10,4.98000000000001,4.980000000000799,7.984723993104126e-13,0.0,0,37,-466.0275294861064,False
sparse_er_200_p05_ablation,2,200,996,9.96,half_mean_deg,4.98,frobenius,hybrid_frobenius,0.0,ideal,detuning_ablation,3,graph,50.0,50.0,100,101,4306,58.266340255737305,56.076669692993164,101,594.0,632.0,692.0,0.0,0.0,,timeout,0.0,607,6.07,11,4.979999999999657,4.980000000000001,8.881784197001252e-16,0.0,0,0,-467.44046874675024,False
sparse_er_200_p05_ablation,2,200,996,9.96,half_mean_deg,4.98,frobenius,hybrid_frobenius,0.0,ideal,detuning_ablation,4,graph,50.0,50.0,100,101,4054,78.11433577537537,76.10519123077393,101,633.0,633.0,680.0,0.0,0.0,,timeout,0.0,609,6.09,12,4.979999999999842,4.980000000000001,8.881784197001252e-16,0.0,0,20,-467.1209990205505,False
sparse_er_200_p05_ablation,2,200,996,9.96,half_mean_deg,4.98,frobenius,hybrid_frobenius,0.0,ideal,detuning_ablation,5,graph,50.0,50.0,100,101,4078,48.06414246559143,46.118372201919556,101,611.0,618.0,685.0,0.0,0.0,,timeout,0.0,593,5.93,13,4.979999999999733,4.980000000000001,8.881784197001252e-16,0.0,0,0,-468.3021030465061,False
sparse_er_200_p05_ablation,2,200,996,9.96,half_mean_deg,4.98,frobenius,hybrid_frobenius,0.0,ideal,detuning_ablation,6,graph,50.0,50.0,100,101,4462,89.35451030731201,87.07119560241699,101,625.0,630.0,682.0,0.0,0.0,,timeout,0.0,554,5.54,11,4.979993978048355,4.980000000000002,1.7763568394002505e-15,0.0,0,0,-460.8549454930066,False
sparse_er_200_p05_ablation,2,200,996,9.96,half_mean_deg,4.98,frobenius,hybrid_frobenius,0.0,ideal,detuning_ablation,7,graph,50.0,50.0,100,101,3790,73.3684229850769,71.4904842376709,101,612.0,612.0,691.0,0.0,0.0,,timeout,0.0,579,5.79,11,4.979999999999754,4.980000000000001,8.881784197001252e-16,0.0,0,26,-466.75037311658883,False
sparse_er_200_p05_ablation,2,200,996,9.96,half_mean_deg,4.98,frobenius,hybrid_frobenius,0.0,ideal,detuning_ablation,8,graph,50.0,50.0,100,101,3874,38.78062844276428,36.92472171783447,101,620.0,620.0,686.0,0.0,0.0,,timeout,0.0,607,6.07,12,4.979999999999588,4.980000000000001,8.881784197001252e-16,0.0,0,0,-469.3962239653623,False
sparse_er_200_p05_ablation,2,200,996,9.96,half_mean_deg,4.98,frobenius,hybrid_frobenius,0.0,ideal,detuning_ablation,9,graph,50.0,50.0,100,101,4618,83.05890727043152,80.72019100189209,101,622.0,630.0,688.0,0.0,0.0,,timeout,0.0,586,5.86,11,4.980000000000002,4.980000000000286,2.859934511434403e-13,0.0,0,1,-464.3485064688557,False
sparse_er_200_p05_ablation,2,200,996,9.96,mean_deg,9.96,none,static,0.0,ideal,detuning_ablation,0,graph,50.0,50.0,0,0,1862,1.0284569263458252,0.0,0,706.0,710.0,716.0,0.0,0.0,,timeout,0.0,996,9.96,18,9.96,18.0,8.04,0.0,0,0,0.0,False
sparse_er_200_p05_ablation,2,200,996,9.96,mean_deg,9.96,none,static,0.0,ideal,detuning_ablation,1,graph,50.0,50.0,0,0,1910,1.0231804847717285,0.0,0,706.0,713.0,715.0,0.0,0.0,,timeout,0.0,996,9.96,18,9.96,18.0,8.04,0.0,0,0,0.0,False
sparse_er_200_p05_ablation,2,200,996,9.96,mean_deg,9.96,none,static,0.0,ideal,detuning_ablation,2,graph,50.0,50.0,0,0,1730,0.9631519317626953,0.0,0,699.0,710.0,715.0,0.0,0.0,,timeout,0.0,996,9.96,18,9.96,18.0,8.04,0.0,0,0,0.0,False
sparse_er_200_p05_ablation,2,200,996,9.96,mean_deg,9.96,none,static,0.0,ideal,detuning_ablation,3,graph,50.0,50.0,0,0,1970,1.0073788166046143,0.0,0,692.0,711.0,719.0,0.0,0.0,,timeout,0.0,996,9.96,18,9.96,18.0,8.04,0.0,0,0,0.0,False
sparse_er_200_p05_ablation,2,200,996,9.96,mean_deg,9.96,none,static,0.0,ideal,detuning_ablation,4,graph,50.0,50.0,0,0,1922,1.0192008018493652,0.0,0,694.0,714.0,719.0,0.0,0.0,,timeout,0.0,996,9.96,18,9.96,18.0,8.04,0.0,0,0,0.0,False
sparse_er_200_p05_ablation,2,200,996,9.96,mean_deg,9.96,none,static,0.0,ideal,detuning_ablation,5,graph,50.0,50.0,0,0,1886,1.0202932357788086,0.0,0,701.0,716.0,718.0,0.0,0.0,,timeout,0.0,996,9.96,18,9.96,18.0,8.04,0.0,0,0,0.0,False
sparse_er_200_p05_ablation,2,200,996,9.96,mean_deg,9.96,none,static,0.0,ideal,detuning_ablation,6,graph,50.0,50.0,0,0,1958,1.0441579818725586,0.0,0,703.0,708.0,719.0,0.0,0.0,,timeout,0.0,996,9.96,18,9.96,18.0,8.04,0.0,0,0,0.0,False
sparse_er_200_p05_ablation,2,200,996,9.96,mean_deg,9.96,none,static,0.0,ideal,detuning_ablation,7,graph,50.0,50.0,0,0,1982,1.0276598930358887,0.0,0,702.0,702.0,708.0,0.0,0.0,,timeout,0.0,996,9.96,18,9.96,18.0,8.04,0.0,0,0,0.0,False
sparse_er_200_p05_ablation,2,200,996,9.96,mean_deg,9.96,none,static,0.0,ideal,detuning_ablation,8,graph,50.0,50.0,0,0,1766,0.9361927509307861,0.0,0,689.0,709.0,715.0,0.0,0.0,,timeout,0.0,996,9.96,18,9.96,18.0,8.04,0.0,0,0,0.0,False
sparse_er_200_p05_ablation,2,200,996,9.96,mean_deg,9.96,none,static,0.0,ideal,detuning_ablation,9,graph,50.0,50.0,0,0,1850,0.9737462997436523,0.0,0,702.0,711.0,715.0,0.0,0.0,,timeout,0.0,996,9.96,18,9.96,18.0,8.04,0.0,0,0,0.0,False
sparse_er_200_p05_ablation,2,200,996,9.96,mean_deg,9.96,none,random_rounding,0.0,ideal,detuning_ablation,0,graph,50.0,50.0,0,0,1862,0.953688383102417,0.0,0,706.0,710.0,716.0,0.0,0.0,,timeout,0.0,996,9.96,18,9.96,18.0,8.04,0.0,0,0,0.0,False
sparse_er_200_p05_ablation,2,200,996,9.96,mean_deg,9.96,none,random_rounding,0.0,ideal,detuning_ablation,1,graph,50.0,50.0,0,0,1910,1.0169448852539062,0.0,0,706.0,713.0,715.0,0.0,0.0,,timeout,0.0,996,9.96,18,9.96,18.0,8.04,0.0,0,0,0.0,False
sparse_er_200_p05_ablation,2,200,996,9.96,mean_deg,9.96,none,random_rounding,0.0,ideal,detuning_ablation,2,graph,50.0,50.0,0,0,1730,0.9031345844268799,0.0,0,699.0,710.0,715.0,0.0,0.0,,timeout,0.0,996,9.96,18,9.96,18.0,8.04,0.0,0,0,0.0,False
sparse_er_200_p05_ablation,2,200,996,9.96,mean_deg,9.96,none,random_rounding,0.0,ideal,detuning_ablation,3,graph,50.0,50.0,0,0,1970,1.244081974029541,0.0,0,692.0,711.0,719.0,0.0,0.0,,timeout,0.0,996,9.96,18,9.96,18.0,8.04,0.0,0,0,0.0,False
sparse_er_200_p05_ablation,2,200,996,9.96,mean_deg,9.96,none,random_rounding,0.0,ideal,detuning_ablation,4,graph,50.0,50.0,0,0,1922,1.1316876411437988,0.0,0,694.0,714.0,719.0,0.0,0.0,,timeout,0.0,996,9.96,18,9.96,18.0,8.04,0.0,0,0,0.0,False
sparse_er_200_p05_ablation,2,200,996,9.96,mean_deg,9.96,none,random_rounding,0.0,ideal,detuning_ablation,5,graph,50.0,50.0,0,0,1886,1.107128381729126,0.0,0,701.0,716.0,718.0,0.0,0.0,,timeout,0.0,996,9.96,18,9.96,18.0,8.04,0.0,0,0,0.0,False
sparse_er_200_p05_ablation,2,200,996,9.96,mean_deg,9.96,none,random_rounding,0.0,ideal,detuning_ablation,6,graph,50.0,50.0,0,0,1958,1.061608076095581,0.0,0,703.0,708.0,719.0,0.0,0.0,,timeout,0.0,996,9.96,18,9.96,18.0,8.04,0.0,0,0,0.0,False
sparse_er_200_p05_ablation,2,200,996,9.96,mean_deg,9.96,none,random_rounding,0.0,ideal,detuning_ablation,7,graph,50.0,50.0,0,0,1982,1.0629515647888184,0.0,0,702.0,702.0,708.0,0.0,0.0,,timeout,0.0,996,9.96,18,9.96,18.0,8.04,0.0,0,0,0.0,False
sparse_er_200_p05_ablation,2,200,996,9.96,mean_deg,9.96,none,random_rounding,0.0,ideal,detuning_ablation,8,graph,50.0,50.0,0,0,1766,0.9730367660522461,0.0,0,689.0,709.0,715.0,0.0,0.0,,timeout,0.0,996,9.96,18,9.96,18.0,8.04,0.0,0,0,0.0,False
sparse_er_200_p05_ablation,2,200,996,9.96,mean_deg,9.96,none,random_rounding,0.0,ideal,detuning_ablation,9,graph,50.0,50.0,0,0,1850,0.9976649284362793,0.0,0,702.0,711.0,715.0,0.0,0.0,,timeout,0.0,996,9.96,18,9.96,18.0,8.04,0.0,0,0,0.0,False
sparse_er_200_p05_ablation,2,200,996,9.96,mean_deg,9.96,none,greedy,0.0,ideal,detuning_ablation,0,graph,50.0,50.0,0,0,0,0.0006508827209472656,0.0,0,672.0,672.0,672.0,0.0,0.0,,timeout,0.0,0,0.0,0,0.0,0.0,0.0,0.0,0,0,0.0,False
sparse_er_200_p05_ablation,2,200,996,9.96,mean_deg,9.96,none,greedy,0.0,ideal,detuning_ablation,1,graph,50.0,50.0,0,0,0,0.0006520748138427734,0.0,0,663.0,663.0,663.0,0.0,0.0,,timeout,0.0,0,0.0,0,0.0,0.0,0.0,0.0,0,0,0.0,False
sparse_er_200_p05_ablation,2,200,996,9.96,mean_deg,9.96,none,greedy,0.0,ideal,detuning_ablation,2,graph,50.0,50.0,0,0,0,0.0012035369873046875,0.0,0,697.0,697.0,697.0,0.0,0.0,,timeout,0.0,0,0.0,0,0.0,0.0,0.0,0.0,0,0,0.0,False
sparse_er_200_p05_ablation,2,200,996,9.96,mean_deg,9.96,none,greedy,0.0,ideal,detuning_ablation,3,graph,50.0,50.0,0,0,0,0.0007009506225585938,0.0,0,666.0,666.0,666.0,0.0,0.0,,timeout,0.0,0,0.0,0,0.0,0.0,0.0,0.0,0,0,0.0,False
sparse_er_200_p05_ablation,2,200,996,9.96,mean_deg,9.96,none,greedy,0.0,ideal,detuning_ablation,4,graph,50.0,50.0,0,0,0,0.0008401870727539062,0.0,0,691.0,691.0,691.0,0.0,0.0,,timeout,0.0,0,0.0,0,0.0,0.0,0.0,0.0,0,0,0.0,False
sparse_er_200_p05_ablation,2,200,996,9.96,mean_deg,9.96,none,greedy,0.0,ideal,detuning_ablation,5,graph,50.0,50.0,0,0,0,0.0007584095001220703,0.0,0,699.0,699.0,699.0,0.0,0.0,,timeout,0.0,0,0.0,0,0.0,0.0,0.0,0.0,0,0,0.0,False
sparse_er_200_p05_ablation,2,200,996,9.96,mean_deg,9.96,none,greedy,0.0,ideal,detuning_ablation,6,graph,50.0,50.0,0,0,0,0.0009114742279052734,0.0,0,680.0,680.0,680.0,0.0,0.0,,timeout,0.0,0,0.0,0,0.0,0.0,0.0,0.0,0,0,0.0,False
sparse_er_200_p05_ablation,2,200,996,9.96,mean_deg,9.96,none,greedy,0.0,ideal,detuning_ablation,7,graph,50.0,50.0,0,0,0,0.0008945465087890625,0.0,0,690.0,690.0,690.0,0.0,0.0,,timeout,0.0,0,0.0,0,0.0,0.0,0.0,0.0,0,0,0.0,False
sparse_er_200_p05_ablation,2,200,996,9.96,mean_deg,9.96,none,greedy,0.0,ideal,detuning_ablation,8,graph,50.0,50.0,0,0,0,0.0010218620300292969,0.0,0,687.0,687.0,687.0,0.0,0.0,,timeout,0.0,0,0.0,0,0.0,0.0,0.0,0.0,0,0,0.0,False
sparse_er_200_p05_ablation,2,200,996,9.96,mean_deg,9.96,none,greedy,0.0,ideal,detuning_ablation,9,graph,50.0,50.0,0,0,0,0.0006897449493408203,0.0,0,704.0,704.0,704.0,0.0,0.0,,timeout,0.0,0,0.0,0,0.0,0.0,0.0,0.0,0,0,0.0,False
sparse_er_200_p05_ablation,2,200,996,9.96,mean_deg,9.96,none,static_projected,0.0,ideal,detuning_ablation,0,graph,50.0,50.0,0,1,1682,0.9448575973510742,0.03244733810424805,1,709.0,715.0,719.0,0.0,0.0,,timeout,0.0,996,9.96,18,8.408800074363786,9.960000000000177,1.758593271006248e-13,0.0,0,0,0.0,False
sparse_er_200_p05_ablation,2,200,996,9.96,mean_deg,9.96,none,static_projected,0.0,ideal,detuning_ablation,1,graph,50.0,50.0,0,1,1646,0.9416189193725586,0.0415494441986084,1,704.0,715.0,716.0,0.0,0.0,,timeout,0.0,996,9.96,18,8.408800074363786,9.960000000000177,1.758593271006248e-13,0.0,0,0,0.0,False
sparse_er_200_p05_ablation,2,200,996,9.96,mean_deg,9.96,none,static_projected,0.0,ideal,detuning_ablation,2,graph,50.0,50.0,0,1,1634,0.893836498260498,0.030606508255004883,1,698.0,712.0,719.0,0.0,0.0,,timeout,0.0,996,9.96,18,8.408800074363786,9.960000000000177,1.758593271006248e-13,0.0,0,0,0.0,False
sparse_er_200_p05_ablation,2,200,996,9.96,mean_deg,9.96,none,static_projected,0.0,ideal,detuning_ablation,3,graph,50.0,50.0,0,1,1658,0.9114513397216797,0.03585505485534668,1,684.0,717.0,720.0,0.0,0.0,,timeout,0.0,996,9.96,18,8.408800074363786,9.960000000000177,1.758593271006248e-13,0.0,0,0,0.0,False
sparse_er_200_p05_ablation,2,200,996,9.96,mean_deg,9.96,none,static_projected,0.0,ideal,detuning_ablation,4,graph,50.0,50.0,0,1,1598,0.8751266002655029,0.05442357063293457,1,711.0,711.0,713.0,0.0,0.0,,timeout,0.0,996,9.96,18,8.408800074363786,9.960000000000177,1.758593271006248e-13,0.0,0,0,0.0,False
sparse_er_200_p05_ablation,2,200,996,9.96,mean_deg,9.96,none,static_projected,0.0,ideal,detuning_ablation,5,graph,50.0,50.0,0,1,1478,0.7931559085845947,0.030421972274780273,1,700.0,707.0,711.0,0.0,0.0,,timeout,0.0,996,9.96,18,8.408800074363786,9.960000000000177,1.758593271006248e-13,0.0,0,0,0.0,False
sparse_er_200_p05_ablation,2,200,996,9.96,mean_deg,9.96,none,static_projected,0.0,ideal,detuning_ablation,6,graph,50.0,50.0,0,1,1598,0.86387038230896,0.03838396072387695,1,693.0,711.0,717.0,0.0,0.0,,timeout,0.0,996,9.96,18,8.408800074363786,9.960000000000177,1.758593271006248e-13,0.0,0,0,0.0,False
sparse_er_200_p05_ablation,2,200,996,9.96,mean_deg,9.96,none,static_projected,0.0,ideal,detuning_ablation,7,graph,50.0,50.0,0,1,1394,0.7692911624908447,0.03183698654174805,1,697.0,697.0,704.0,0.0,0.0,,timeout,0.0,996,9.96,18,8.408800074363786,9.960000000000177,1.758593271006248e-13,0.0,0,0,0.0,False
sparse_er_200_p05_ablation,2,200,996,9.96,mean_deg,9.96,none,static_projected,0.0,ideal,detuning_ablation,8,graph,50.0,50.0,0,1,1526,0.8426353931427002,0.04146409034729004,1,700.0,700.0,709.0,0.0,0.0,,timeout,0.0,996,9.96,18,8.408800074363786,9.960000000000177,1.758593271006248e-13,0.0,0,0,0.0,False
sparse_er_200_p05_ablation,2,200,996,9.96,mean_deg,9.96,none,static_projected,0.0,ideal,detuning_ablation,9,graph,50.0,50.0,0,1,1574,0.8815028667449951,0.04013991355895996,1,705.0,712.0,716.0,0.0,0.0,,timeout,0.0,996,9.96,18,8.408800074363786,9.960000000000177,1.758593271006248e-13,0.0,0,0,0.0,False
sparse_er_200_p05_ablation,2,200,996,9.96,mean_deg,9.96,none,static_budgeted,0.0,ideal,detuning_ablation,0,graph,50.0,50.0,0,1,1538,0.8394055366516113,0.0419614315032959,1,703.0,709.0,712.0,0.0,0.0,,timeout,0.0,978,9.78,18,8.422055264918736,9.960000000000298,2.9665159217984183e-13,0.0,0,0,0.0,False
sparse_er_200_p05_ablation,2,200,996,9.96,mean_deg,9.96,none,static_budgeted,0.0,ideal,detuning_ablation,1,graph,50.0,50.0,0,1,1502,0.8167726993560791,0.03831171989440918,1,700.0,700.0,705.0,0.0,0.0,,timeout,0.0,989,9.89,18,8.422288099374612,9.96000000000015,1.4921397450962104e-13,0.0,0,0,0.0,False
sparse_er_200_p05_ablation,2,200,996,9.96,mean_deg,9.96,none,static_budgeted,0.0,ideal,detuning_ablation,2,graph,50.0,50.0,0,1,1610,0.8582208156585693,0.031227588653564453,1,704.0,713.0,714.0,0.0,0.0,,timeout,0.0,982,9.82,17,8.434072915853045,9.960000000000367,3.659295089164516e-13,0.0,0,0,0.0,False
sparse_er_200_p05_ablation,2,200,996,9.96,mean_deg,9.96,none,static_budgeted,0.0,ideal,detuning_ablation,3,graph,50.0,50.0,0,1,1658,0.908362865447998,0.034818172454833984,1,681.0,717.0,720.0,0.0,0.0,,timeout,0.0,985,9.85,18,8.43629183546316,9.960000000000704,7.034373084024992e-13,0.0,0,0,0.0,False
sparse_er_200_p05_ablation,2,200,996,9.96,mean_deg,9.96,none,static_budgeted,0.0,ideal,detuning_ablation,4,graph,50.0,50.0,0,1,1742,0.9161891937255859,0.028798818588256836,1,700.0,711.0,717.0,0.0,0.0,,timeout,0.0,987,9.87,18,8.422362945391656,9.960000000000338,3.375077994860476e-13,0.0,0,0,0.0,False
sparse_er_200_p05_ablation,2,200,996,9.96,mean_deg,9.96,none,static_budgeted,0.0,ideal,detuning_ablation,5,graph,50.0,50.0,0,1,1478,0.8152685165405273,0.030810117721557617,1,689.0,702.0,713.0,0.0,0.0,,timeout,0.0,977,9.77,17,8.444082008882578,9.960000000000349,3.481659405224491e-13,0.0,0,0,0.0,False
sparse_er_200_p05_ablation,2,200,996,9.96,mean_deg,9.96,none,static_budgeted,0.0,ideal,detuning_ablation,6,graph,50.0,50.0,0,1,1550,0.8542420864105225,0.0353548526763916,1,700.0,704.0,707.0,0.0,0.0,,timeout,0.0,981,9.81,18,8.43469848207169,9.960000000000166,1.652011860642233e-13,0.0,0,0,0.0,False
sparse_er_200_p05_ablation,2,200,996,9.96,mean_deg,9.96,none,static_budgeted,0.0,ideal,detuning_ablation,7,graph,50.0,50.0,0,1,1346,0.7338356971740723,0.0380399227142334,1,699.0,700.0,711.0,0.0,0.0,,timeout,0.0,980,9.8,18,8.435325061382118,9.960000000000145,1.438849039914203e-13,0.0,0,0,0.0,False
sparse_er_200_p05_ablation,2,200,996,9.96,mean_deg,9.96,none,static_budgeted,0.0,ideal,detuning_ablation,8,graph,50.0,50.0,0,1,1514,0.8139746189117432,0.04004549980163574,1,702.0,705.0,710.0,0.0,0.0,,timeout,0.0,985,9.85,18,8.430625867307015,9.960000000000754,7.531752999057062e-13,0.0,0,0,0.0,False
sparse_er_200_p05_ablation,2,200,996,9.96,mean_deg,9.96,none,static_budgeted,0.0,ideal,detuning_ablation,9,graph,50.0,50.0,0,1,1586,0.849238395690918,0.036563873291015625,1,697.0,711.0,717.0,0.0,0.0,,timeout,0.0,986,9.86,17,8.420760330733037,9.960000000000342,3.410605131648481e-13,0.0,0,0,0.0,False
sparse_er_200_p05_ablation,2,200,996,9.96,mean_deg,9.96,none,random_budgeted,0.0,ideal,detuning_ablation,0,graph,50.0,50.0,0,1,1238,0.6499180793762207,0.0035970211029052734,1,689.0,689.0,698.0,0.0,0.0,,timeout,0.0,996,9.96,18,4.9703034349523,9.960000000000004,3.552713678800501e-15,0.0,0,0,0.0,False
sparse_er_200_p05_ablation,2,200,996,9.96,mean_deg,9.96,none,random_budgeted,0.0,ideal,detuning_ablation,1,graph,50.0,50.0,0,1,1430,0.7697241306304932,0.002758502960205078,1,689.0,689.0,699.0,0.0,0.0,,timeout,0.0,996,9.96,18,5.0795276786378425,9.622808502640979,-0.3371914973590222,0.0,0,0,0.0,False
sparse_er_200_p05_ablation,2,200,996,9.96,mean_deg,9.96,none,random_budgeted,0.0,ideal,detuning_ablation,2,graph,50.0,50.0,0,1,1070,0.5709676742553711,0.0036385059356689453,1,683.0,690.0,699.0,0.0,0.0,,timeout,0.0,996,9.96,18,4.907362965508244,9.96,0.0,0.0,0,0,0.0,False
sparse_er_200_p05_ablation,2,200,996,9.96,mean_deg,9.96,none,random_budgeted,0.0,ideal,detuning_ablation,3,graph,50.0,50.0,0,1,1238,0.6400668621063232,0.002733945846557617,1,685.0,689.0,698.0,0.0,0.0,,timeout,0.0,996,9.96,18,4.979711589716464,9.12479910605336,-0.8352008939466415,0.0,0,0,0.0,False
sparse_er_200_p05_ablation,2,200,996,9.96,mean_deg,9.96,none,random_budgeted,0.0,ideal,detuning_ablation,4,graph,50.0,50.0,0,1,1214,0.6465663909912109,0.003599405288696289,1,700.0,702.0,718.0,0.0,0.0,,timeout,0.0,996,9.96,18,4.951757412013211,9.96,0.0,0.0,0,0,0.0,False
sparse_er_200_p05_ablation,2,200,996,9.96,mean_deg,9.96,none,random_budgeted,0.0,ideal,detuning_ablation,5,graph,50.0,50.0,0,1,1142,0.5897929668426514,0.003659963607788086,1,671.0,696.0,709.0,0.0,0.0,,timeout,0.0,996,9.96,18,4.999626854179615,9.96,0.0,0.0,0,0,0.0,False
sparse_er_200_p05_ablation,2,200,996,9.96,mean_deg,9.96,none,random_budgeted,0.0,ideal,detuning_ablation,6,graph,50.0,50.0,0,1,1262,0.6669716835021973,0.002773284912109375,1,692.0,692.0,706.0,0.0,0.0,,timeout,0.0,996,9.96,18,5.013760936758505,8.95210552650935,-1.0078944734906514,0.0,0,0,0.0,False
sparse_er_200_p05_ablation,2,200,996,9.96,mean_deg,9.96,none,random_budgeted,0.0,ideal,detuning_ablation,7,graph,50.0,50.0,0,1,1118,0.5711023807525635,0.0017886161804199219,1,681.0,688.0,700.0,0.0,0.0,,timeout,0.0,996,9.96,18,4.937296409669288,8.995187798874962,-0.9648122011250386,0.0,0,0,0.0,False
sparse_er_200_p05_ablation,2,200,996,9.96,mean_deg,9.96,none,random_budgeted,0.0,ideal,detuning_ablation,8,graph,50.0,50.0,0,1,1166,0.613184928894043,0.0019221305847167969,1,677.0,696.0,704.0,0.0,0.0,,timeout,0.0,996,9.96,18,5.138551830335111,9.093512958350688,-0.8664870416493127,0.0,0,0,0.0,False
sparse_er_200_p05_ablation,2,200,996,9.96,mean_deg,9.96,none,random_budgeted,0.0,ideal,detuning_ablation,9,graph,50.0,50.0,0,1,1202,0.7626490592956543,0.0022325515747070312,1,700.0,701.0,711.0,0.0,0.0,,timeout,0.0,996,9.96,18,4.911906495368047,9.17596995642919,-0.7840300435708105,0.0,0,0,0.0,False
sparse_er_200_p05_ablation,2,200,996,9.96,mean_deg,9.96,none,learned_support_random_weights,0.0,ideal,detuning_ablation,0,hebbian_seed0,50.0,50.0,0,1,986,0.4825863838195801,0.0018813610076904297,1,647.0,649.0,695.0,0.0,0.0,,timeout,0.0,643,6.43,11,3.1698575970741065,6.442594325580244,-3.5174056744197566,0.0,0,0,0.0,False
sparse_er_200_p05_ablation,2,200,996,9.96,mean_deg,9.96,none,learned_support_random_weights,0.0,ideal,detuning_ablation,1,hebbian_seed0,50.0,50.0,0,1,1070,0.5201435089111328,0.0018584728240966797,1,647.0,647.0,695.0,0.0,0.0,,timeout,0.0,643,6.43,11,3.3041591714779166,6.295460719240577,-3.664539280759424,0.0,0,0,0.0,False
sparse_er_200_p05_ablation,2,200,996,9.96,mean_deg,9.96,none,learned_support_random_weights,0.0,ideal,detuning_ablation,2,hebbian_seed0,50.0,50.0,0,1,974,0.4852898120880127,0.0019407272338867188,1,647.0,651.0,678.0,0.0,0.0,,timeout,0.0,643,6.43,11,3.1663995248797225,6.235790723002806,-3.724209276997195,0.0,0,0,0.0,False
sparse_er_200_p05_ablation,2,200,996,9.96,mean_deg,9.96,none,learned_support_random_weights,0.0,ideal,detuning_ablation,3,hebbian_seed0,50.0,50.0,0,1,1010,0.49359703063964844,0.0021233558654785156,1,639.0,649.0,695.0,0.0,0.0,,timeout,0.0,643,6.43,11,3.2114622942120614,6.190777141676355,-3.769222858323646,0.0,0,0,0.0,False
sparse_er_200_p05_ablation,2,200,996,9.96,mean_deg,9.96,none,learned_support_random_weights,0.0,ideal,detuning_ablation,4,hebbian_seed0,50.0,50.0,0,1,1082,0.5162937641143799,0.002279520034790039,1,647.0,649.0,695.0,0.0,0.0,,timeout,0.0,643,6.43,11,3.203617917308949,6.096199254714522,-3.863800745285479,0.0,0,0,0.0,False
sparse_er_200_p05_ablation,2,200,996,9.96,mean_deg,9.96,none,learned_support_random_weights,0.0,ideal,detuning_ablation,5,hebbian_seed0,50.0,50.0,0,1,1118,0.5558733940124512,0.0030488967895507812,1,647.0,647.0,695.0,0.0,0.0,,timeout,0.0,643,6.43,11,3.23923731498932,6.466721204036397,-3.4932787959636036,0.0,0,0,0.0,False
sparse_er_200_p05_ablation,2,200,996,9.96,mean_deg,9.96,none,learned_support_random_weights,0.0,ideal,detuning_ablation,6,hebbian_seed0,50.0,50.0,0,1,1022,0.4955754280090332,0.0021600723266601562,1,647.0,647.0,695.0,0.0,0.0,,timeout,0.0,643,6.43,11,3.188426202282161,6.095597520120616,-3.8644024798793852,0.0,0,0,0.0,False
sparse_er_200_p05_ablation,2,200,996,9.96,mean_deg,9.96,none,learned_support_random_weights,0.0,ideal,detuning_ablation,7,hebbian_seed0,50.0,50.0,0,1,1046,0.5084102153778076,0.002460002899169922,1,647.0,649.0,695.0,0.0,0.0,,timeout,0.0,643,6.43,11,3.260655150195082,5.958880691791689,-4.001119308208311,0.0,0,0,0.0,False
sparse_er_200_p05_ablation,2,200,996,9.96,mean_deg,9.96,none,learned_support_random_weights,0.0,ideal,detuning_ablation,8,hebbian_seed0,50.0,50.0,0,1,1058,0.5413050651550293,0.0018982887268066406,1,626.0,647.0,695.0,0.0,0.0,,timeout,0.0,643,6.43,11,3.350775908878603,6.617463574484399,-3.3425364255156023,0.0,0,0,0.0,False
sparse_er_200_p05_ablation,2,200,996,9.96,mean_deg,9.96,none,learned_support_random_weights,0.0,ideal,detuning_ablation,9,hebbian_seed0,50.0,50.0,0,1,1046,0.5075557231903076,0.002969503402709961,1,646.0,652.0,693.0,0.0,0.0,,timeout,0.0,643,6.43,11,3.177657069334358,6.331465240394257,-3.628534759605744,0.0,0,0,0.0,False
sparse_er_200_p05_ablation,2,200,996,9.96,mean_deg,9.96,none,topology_scrambled,0.0,ideal,detuning_ablation,0,graph,50.0,50.0,100,101,3104,55.150437116622925,53.631269454956055,101,532.0,532.0,690.0,0.0,0.0,,timeout,0.0,561,5.61,10,9.760800000000001,9.960000000000003,1.7763568394002505e-15,0.0,0,0,-862.7332830951854,False
sparse_er_200_p05_ablation,2,200,996,9.96,mean_deg,9.96,none,topology_scrambled,0.0,ideal,detuning_ablation,1,graph,50.0,50.0,100,101,3392,33.90809369087219,32.32834577560425,101,489.0,516.0,674.0,0.0,0.0,,timeout,0.0,579,5.79,11,9.736572895875305,9.960000000000003,1.7763568394002505e-15,0.0,0,0,-867.8189188763613,False
sparse_er_200_p05_ablation,2,200,996,9.96,mean_deg,9.96,none,topology_scrambled,0.0,ideal,detuning_ablation,2,graph,50.0,50.0,100,101,3392,59.869022607803345,58.208473443984985,101,514.0,519.0,676.0,0.0,0.0,,timeout,0.0,577,5.77,11,9.760799999995902,9.960000000000003,1.7763568394002505e-15,0.0,0,0,-868.8889605845784,False
sparse_er_200_p05_ablation,2,200,996,9.96,mean_deg,9.96,none,topology_scrambled,0.0,ideal,detuning_ablation,3,graph,50.0,50.0,100,101,3872,36.25669312477112,34.47167730331421,101,516.0,516.0,691.0,0.0,0.0,,timeout,0.0,542,5.42,11,9.700893332203291,9.960000000000004,3.552713678800501e-15,0.0,0,0,-854.2551061689945,False
sparse_er_200_p05_ablation,2,200,996,9.96,mean_deg,9.96,none,topology_scrambled,0.0,ideal,detuning_ablation,4,graph,50.0,50.0,100,101,3836,77.87548756599426,76.12801265716553,101,535.0,535.0,683.0,0.0,0.0,,timeout,0.0,536,5.36,9,9.848964711987172,9.960000000000003,1.7763568394002505e-15,0.0,0,0,-862.7931568653736,False
sparse_er_200_p05_ablation,2,200,996,9.96,mean_deg,9.96,none,topology_scrambled,0.0,ideal,detuning_ablation,5,graph,50.0,50.0,100,101,3068,78.61951231956482,77.14504528045654,101,529.0,538.0,680.0,0.0,0.0,,timeout,0.0,559,5.59,10,9.8194279383099,9.960000000000003,1.7763568394002505e-15,0.0,0,0,-865.6705136611245,False
sparse_er_200_p05_ablation,2,200,996,9.96,mean_deg,9.96,none,topology_scrambled,0.0,ideal,detuning_ablation,6,graph,50.0,50.0,100,101,4196,75.08839559555054,73.03779029846191,101,520.0,520.0,686.0,0.0,0.0,,timeout,0.0,575,5.75,12,9.95000758118226,9.960000000000003,1.7763568394002505e-15,0.0,0,0,-873.0868875695847,False
sparse_er_200_p05_ablation,2,200,996,9.96,mean_deg,9.96,none,topology_scrambled,0.0,ideal,detuning_ablation,7,graph,50.0,50.0,100,101,4232,67.9580991268158,65.7873272895813,101,491.0,522.0,677.0,0.0,0.0,,timeout,0.0,553,5.53,12,9.876463967537228,9.960000000000003,1.7763568394002505e-15,0.0,0,0,-860.8444314692258,False
sparse_er_200_p05_ablation,2,200,996,9.96,mean_deg,9.96,none,topology_scrambled,0.0,ideal,detuning_ablation,8,graph,50.0,50.0,100,101,3452,42.83994770050049,41.225197553634644,101,540.0,540.0,663.0,0.0,0.0,,timeout,0.0,573,5.73,12,9.738729174948496,9.960000000000003,1.7763568394002505e-15,0.0,0,0,-864.1418565051137,False
sparse_er_200_p05_ablation,2,200,996,9.96,mean_deg,9.96,none,topology_scrambled,0.0,ideal,detuning_ablation,9,graph,50.0,50.0,100,101,4076,76.30148315429688,74.21123719215393,101,520.0,524.0,685.0,0.0,0.0,,timeout,0.0,572,5.72,14,9.85468716484687,9.960000000000003,1.7763568394002505e-15,0.0,0,0,-869.3782838440229,False
sparse_er_200_p05_ablation,2,200,996,9.96,mean_deg,9.96,sinkhorn,hebbian_sinkhorn,0.0,ideal,detuning_ablation,0,graph,50.0,50.0,100,100,3068,1.9024548530578613,0.0,0,666.0,666.0,683.0,0.0,0.0,,timeout,0.0,666,6.66,13,9.461699128570475,9.960000000000003,1.7763568394002505e-15,0.0,0,16,-868.5553439140941,False
sparse_er_200_p05_ablation,2,200,996,9.96,mean_deg,9.96,sinkhorn,hebbian_sinkhorn,0.0,ideal,detuning_ablation,1,graph,50.0,50.0,100,100,3152,2.031693458557129,0.0,0,651.0,652.0,690.0,0.0,0.0,,timeout,0.0,651,6.51,12,9.342379592612241,9.960000000000004,3.552713678800501e-15,0.0,0,0,-856.9630952148768,False
sparse_er_200_p05_ablation,2,200,996,9.96,mean_deg,9.96,sinkhorn,hebbian_sinkhorn,0.0,ideal,detuning_ablation,2,graph,50.0,50.0,100,100,3068,1.896615982055664,0.0,0,637.0,637.0,680.0,0.0,0.0,,timeout,0.0,637,6.37,15,9.352866281511593,9.960000000000003,1.7763568394002505e-15,0.0,0,0,-852.7366729026269,False
sparse_er_200_p05_ablation,2,200,996,9.96,mean_deg,9.96,sinkhorn,hebbian_sinkhorn,0.0,ideal,detuning_ablation,3,graph,50.0,50.0,100,100,2972,1.7763850688934326,0.0,0,662.0,662.0,688.0,0.0,0.0,,timeout,0.0,662,6.62,12,9.323575693386562,9.960000000000003,1.7763568394002505e-15,0.0,0,0,-855.1593801317065,False
sparse_er_200_p05_ablation,2,200,996,9.96,mean_deg,9.96,sinkhorn,hebbian_sinkhorn,0.0,ideal,detuning_ablation,4,graph,50.0,50.0,100,100,2960,1.8018310070037842,0.0,0,646.0,652.0,673.0,0.0,0.0,,timeout,0.0,646,6.46,12,9.312521867581765,9.96,0.0,0.0,0,0,-851.0825206194104,False
sparse_er_200_p05_ablation,2,200,996,9.96,mean_deg,9.96,sinkhorn,hebbian_sinkhorn,0.0,ideal,detuning_ablation,5,graph,50.0,50.0,100,100,2828,1.7785155773162842,0.0,0,651.0,654.0,681.0,0.0,0.0,,timeout,0.0,651,6.51,13,9.279623777482826,9.960000000000003,1.7763568394002505e-15,0.0,0,0,-849.8132164699283,False
sparse_er_200_p05_ablation,2,200,996,9.96,mean_deg,9.96,sinkhorn,hebbian_sinkhorn,0.0,ideal,detuning_ablation,6,graph,50.0,50.0,100,100,3344,2.0528666973114014,0.0,0,657.0,657.0,688.0,0.0,0.0,,timeout,0.0,657,6.57,14,9.319988641006535,9.960000000000003,1.7763568394002505e-15,0.0,0,0,-855.1672657474269,False
sparse_er_200_p05_ablation,2,200,996,9.96,mean_deg,9.96,sinkhorn,hebbian_sinkhorn,0.0,ideal,detuning_ablation,7,graph,50.0,50.0,100,100,3212,1.9618654251098633,0.0,0,662.0,662.0,682.0,0.0,0.0,,timeout,0.0,662,6.62,13,9.450158935772198,9.960000000000003,1.7763568394002505e-15,0.0,0,0,-866.6736905295465,False
sparse_er_200_p05_ablation,2,200,996,9.96,mean_deg,9.96,sinkhorn,hebbian_sinkhorn,0.0,ideal,detuning_ablation,8,graph,50.0,50.0,100,100,2864,1.7988054752349854,0.0,0,631.0,637.0,677.0,0.0,0.0,,timeout,0.0,637,6.37,12,9.378743842700029,9.960000000000003,1.7763568394002505e-15,0.0,0,0,-856.6655072456849,False
sparse_er_200_p05_ablation,2,200,996,9.96,mean_deg,9.96,sinkhorn,hebbian_sinkhorn,0.0,ideal,detuning_ablation,9,graph,50.0,50.0,100,100,2876,1.8361701965332031,0.0,0,647.0,647.0,681.0,0.0,0.0,,timeout,0.0,647,6.47,16,9.343978565893213,9.960000000000003,1.7763568394002505e-15,0.0,0,0,-853.7259424554803,False
sparse_er_200_p05_ablation,2,200,996,9.96,mean_deg,9.96,sinkhorn,hybrid_sinkhorn,0.0,ideal,detuning_ablation,0,graph,50.0,50.0,100,100,4918,2.692366600036621,0.0,0,666.0,666.0,683.0,0.0,0.0,,timeout,0.0,666,6.66,13,9.461699128570475,9.960000000000003,1.7763568394002505e-15,0.0,0,16,-868.5553439140941,False
sparse_er_200_p05_ablation,2,200,996,9.96,mean_deg,9.96,sinkhorn,hybrid_sinkhorn,0.0,ideal,detuning_ablation,1,graph,50.0,50.0,100,100,4942,2.8762428760528564,0.0,0,651.0,652.0,690.0,0.0,0.0,,timeout,0.0,651,6.51,12,9.342379592612241,9.960000000000004,3.552713678800501e-15,0.0,0,0,-856.9630952148768,False
sparse_er_200_p05_ablation,2,200,996,9.96,mean_deg,9.96,sinkhorn,hybrid_sinkhorn,0.0,ideal,detuning_ablation,2,graph,50.0,50.0,100,100,4894,2.687727689743042,0.0,0,637.0,637.0,680.0,0.0,0.0,,timeout,0.0,637,6.37,15,9.352866281511593,9.960000000000003,1.7763568394002505e-15,0.0,0,0,-852.7366729026269,False
sparse_er_200_p05_ablation,2,200,996,9.96,mean_deg,9.96,sinkhorn,hybrid_sinkhorn,0.0,ideal,detuning_ablation,3,graph,50.0,50.0,100,100,4786,2.604520082473755,0.0,0,662.0,662.0,688.0,0.0,0.0,,timeout,0.0,662,6.62,12,9.323575693386562,9.960000000000003,1.7763568394002505e-15,0.0,0,0,-855.1593801317065,False
sparse_er_200_p05_ablation,2,200,996,9.96,mean_deg,9.96,sinkhorn,hybrid_sinkhorn,0.0,ideal,detuning_ablation,4,graph,50.0,50.0,100,100,4798,2.5352652072906494,0.0,0,646.0,646.0,673.0,0.0,0.0,,timeout,0.0,646,6.46,12,9.312521867581765,9.96,0.0,0.0,0,0,-851.0825206194104,False
sparse_er_200_p05_ablation,2,200,996,9.96,mean_deg,9.96,sinkhorn,hybrid_sinkhorn,0.0,ideal,detuning_ablation,5,graph,50.0,50.0,100,100,4618,2.411311388015747,0.0,0,651.0,654.0,681.0,0.0,0.0,,timeout,0.0,651,6.51,13,9.279623777482826,9.960000000000003,1.7763568394002505e-15,0.0,0,0,-849.8132164699283,False
sparse_er_200_p05_ablation,2,200,996,9.96,mean_deg,9.96,sinkhorn,hybrid_sinkhorn,0.0,ideal,detuning_ablation,6,graph,50.0,50.0,100,100,5182,2.7177069187164307,0.0,0,657.0,657.0,688.0,0.0,0.0,,timeout,0.0,657,6.57,14,9.319988641006535,9.960000000000003,1.7763568394002505e-15,0.0,0,0,-855.1672657474269,False
sparse_er_200_p05_ablation,2,200,996,9.96,mean_deg,9.96,sinkhorn,hybrid_sinkhorn,0.0,ideal,detuning_ablation,7,graph,50.0,50.0,100,100,5026,2.6557555198669434,0.0,0,662.0,662.0,682.0,0.0,0.0,,timeout,0.0,662,6.62,13,9.450158935772198,9.960000000000003,1.7763568394002505e-15,0.0,0,0,-866.6736905295465,False
sparse_er_200_p05_ablation,2,200,996,9.96,mean_deg,9.96,sinkhorn,hybrid_sinkhorn,0.0,ideal,detuning_ablation,8,graph,50.0,50.0,100,100,4666,2.404052972793579,0.0,0,637.0,637.0,677.0,0.0,0.0,,timeout,0.0,637,6.37,12,9.378743842700029,9.960000000000003,1.7763568394002505e-15,0.0,0,0,-856.6655072456849,False
sparse_er_200_p05_ablation,2,200,996,9.96,mean_deg,9.96,sinkhorn,hybrid_sinkhorn,0.0,ideal,detuning_ablation,9,graph,50.0,50.0,100,100,4690,2.5621747970581055,0.0,0,647.0,647.0,681.0,0.0,0.0,,timeout,0.0,647,6.47,16,9.343978565893213,9.960000000000003,1.7763568394002505e-15,0.0,0,0,-853.7259424554803,False
sparse_er_200_p05_ablation,2,200,996,9.96,mean_deg,9.96,frobenius,hebbian_frobenius,0.0,ideal,detuning_ablation,0,graph,50.0,50.0,100,101,3368,32.66550135612488,31.08393383026123,101,653.0,653.0,682.0,0.0,0.0,,timeout,0.0,649,6.49,13,9.959999999999685,9.960000000000003,1.7763568394002505e-15,0.0,0,0,-898.5446543770736,False
sparse_er_200_p05_ablation,2,200,996,9.96,mean_deg,9.96,frobenius,hebbian_frobenius,0.0,ideal,detuning_ablation,1,graph,50.0,50.0,100,101,4508,84.10976386070251,81.88574600219727,101,649.0,649.0,693.0,0.0,0.0,,timeout,0.0,644,6.44,12,9.953257910342932,9.960000000000004,3.552713678800501e-15,0.0,0,0,-893.5659755717261,False
sparse_er_200_p05_ablation,2,200,996,9.96,mean_deg,9.96,frobenius,hebbian_frobenius,0.0,ideal,detuning_ablation,2,graph,50.0,50.0,100,101,3212,65.64093804359436,64.07724452018738,101,640.0,640.0,694.0,0.0,0.0,,timeout,0.0,630,6.3,12,9.860400000000002,9.960000000000004,3.552713678800501e-15,0.0,0,0,-887.1393888041138,False
sparse_er_200_p05_ablation,2,200,996,9.96,mean_deg,9.96,frobenius,hebbian_frobenius,0.0,ideal,detuning_ablation,3,graph,50.0,50.0,100,101,3656,59.93669414520264,58.13972020149231,101,662.0,662.0,688.0,0.0,0.0,,timeout,0.0,661,6.61,12,9.760799999994505,9.960000000000003,1.7763568394002505e-15,0.0,0,0,-886.1393263971568,False
sparse_er_200_p05_ablation,2,200,996,9.96,mean_deg,9.96,frobenius,hebbian_frobenius,0.0,ideal,detuning_ablation,4,graph,50.0,50.0,100,101,3236,86.12540555000305,84.64000248908997,101,652.0,653.0,686.0,0.0,0.0,,timeout,0.0,649,6.49,12,9.923841609436273,9.960000000000004,3.552713678800501e-15,0.0,0,0,-891.7719119165856,False
sparse_er_200_p05_ablation,2,200,996,9.96,mean_deg,9.96,frobenius,hebbian_frobenius,0.0,ideal,detuning_ablation,5,graph,50.0,50.0,100,101,3356,81.48474335670471,79.96125626564026,101,649.0,652.0,683.0,0.0,0.0,,timeout,0.0,640,6.4,12,9.81085764877465,9.960000000000003,1.7763568394002505e-15,0.0,0,14,-884.1774777321585,False
sparse_er_200_p05_ablation,2,200,996,9.96,mean_deg,9.96,frobenius,hebbian_frobenius,0.0,ideal,detuning_ablation,6,graph,50.0,50.0,100,101,3800,81.56571197509766,79.74886131286621,101,659.0,662.0,698.0,0.0,0.0,,timeout,0.0,655,6.55,13,9.956789432319036,9.960000000000003,1.7763568394002505e-15,0.0,0,0,-894.9755589865307,False
sparse_er_200_p05_ablation,2,200,996,9.96,mean_deg,9.96,frobenius,hebbian_frobenius,0.0,ideal,detuning_ablation,7,graph,50.0,50.0,100,101,3416,29.428038358688354,27.789838075637817,101,658.0,658.0,685.0,0.0,0.0,,timeout,0.0,655,6.55,12,9.959999999999722,9.960000000000003,1.7763568394002505e-15,0.0,0,0,-897.5416339734113,False
sparse_er_200_p05_ablation,2,200,996,9.96,mean_deg,9.96,frobenius,hebbian_frobenius,0.0,ideal,detuning_ablation,8,graph,50.0,50.0,100,101,3512,71.05254197120667,69.21751070022583,101,632.0,633.0,674.0,0.0,0.0,,timeout,0.0,629,6.29,12,9.8604,9.960000000000004,3.552713678800501e-15,0.0,0,0,-889.7351594873851,False
sparse_er_200_p05_ablation,2,200,996,9.96,mean_deg,9.96,frobenius,hebbian_frobenius,0.0,ideal,detuning_ablation,9,graph,50.0,50.0,100,101,3788,84.80530023574829,83.05020332336426,101,637.0,637.0,686.0,0.0,0.0,,timeout,0.0,635,6.35,14,9.860399999994335,9.960000000000003,1.7763568394002505e-15,0.0,0,0,-885.8631508808222,False
sparse_er_200_p05_ablation,2,200,996,9.96,mean_deg,9.96,frobenius,hybrid_frobenius,0.0,ideal,detuning_ablation,0,graph,50.0,50.0,100,101,5266,33.1621298789978,30.845186471939087,101,653.0,653.0,682.0,0.0,0.0,,timeout,0.0,649,6.49,13,9.959999999999685,9.960000000000003,1.7763568394002505e-15,0.0,0,0,-898.5446543770736,False
sparse_er_200_p05_ablation,2,200,996,9.96,mean_deg,9.96,frobenius,hybrid_frobenius,0.0,ideal,detuning_ablation,1,graph,50.0,50.0,100,101,6418,84.22751140594482,81.21380257606506,101,649.0,649.0,693.0,0.0,0.0,,timeout,0.0,644,6.44,12,9.953257910342932,9.960000000000004,3.552713678800501e-15,0.0,0,0,-893.5659755717261,False
sparse_er_200_p05_ablation,2,200,996,9.96,mean_deg,9.96,frobenius,hybrid_frobenius,0.0,ideal,detuning_ablation,2,graph,50.0,50.0,100,101,5122,67.37391948699951,65.03817248344421,101,640.0,640.0,694.0,0.0,0.0,,timeout,0.0,630,6.3,12,9.860400000000002,9.960000000000004,3.552713678800501e-15,0.0,0,0,-887.1393888041138,False
sparse_er_200_p05_ablation,2,200,996,9.96,mean_deg,9.96,frobenius,hybrid_frobenius,0.0,ideal,detuning_ablation,3,graph,50.0,50.0,100,101,5578,60.80329895019531,58.4045467376709,101,662.0,662.0,688.0,0.0,0.0,,timeout,0.0,661,6.61,12,9.760799999994505,9.960000000000003,1.7763568394002505e-15,0.0,0,0,-886.1393263971568,False
sparse_er_200_p05_ablation,2,200,996,9.96,mean_deg,9.96,frobenius,hybrid_frobenius,0.0,ideal,detuning_ablation,4,graph,50.0,50.0,100,101,5146,88.88536810874939,86.58035492897034,101,652.0,652.0,671.0,0.0,0.0,,timeout,0.0,649,6.49,12,9.923841609436273,9.960000000000004,3.552713678800501e-15,0.0,0,0,-891.7719119165856,False
sparse_er_200_p05_ablation,2,200,996,9.96,mean_deg,9.96,frobenius,hybrid_frobenius,0.0,ideal,detuning_ablation,5,graph,50.0,50.0,100,101,5266,83.07069754600525,80.70620894432068,101,649.0,650.0,683.0,0.0,0.0,,timeout,0.0,640,6.4,12,9.81085764877465,9.960000000000003,1.7763568394002505e-15,0.0,0,14,-884.1774777321585,False
sparse_er_200_p05_ablation,2,200,996,9.96,mean_deg,9.96,frobenius,hybrid_frobenius,0.0,ideal,detuning_ablation,6,graph,50.0,50.0,100,101,5698,83.33167743682861,80.61931371688843,101,662.0,662.0,698.0,0.0,0.0,,timeout,0.0,655,6.55,13,9.956789432319036,9.960000000000003,1.7763568394002505e-15,0.0,0,0,-894.9755589865307,False
sparse_er_200_p05_ablation,2,200,996,9.96,mean_deg,9.96,frobenius,hybrid_frobenius,0.0,ideal,detuning_ablation,7,graph,50.0,50.0,100,101,5326,28.88651132583618,26.55197501182556,101,658.0,658.0,685.0,0.0,0.0,,timeout,0.0,655,6.55,12,9.959999999999722,9.960000000000003,1.7763568394002505e-15,0.0,0,0,-897.5416339734113,False
sparse_er_200_p05_ablation,2,200,996,9.96,mean_deg,9.96,frobenius,hybrid_frobenius,0.0,ideal,detuning_ablation,8,graph,50.0,50.0,100,101,5410,72.75821375846863,70.26954627037048,101,633.0,633.0,674.0,0.0,0.0,,timeout,0.0,629,6.29,12,9.8604,9.960000000000004,3.552713678800501e-15,0.0,0,0,-889.7351594873851,False
sparse_er_200_p05_ablation,2,200,996,9.96,mean_deg,9.96,frobenius,hybrid_frobenius,0.0,ideal,detuning_ablation,9,graph,50.0,50.0,100,101,5710,85.46808409690857,82.9821834564209,101,637.0,637.0,686.0,0.0,0.0,,timeout,0.0,635,6.35,14,9.860399999994335,9.960000000000003,1.7763568394002505e-15,0.0,0,0,-885.8631508808222,False
